{
"type": "FeatureCollection",
"name": "disp_s1_rollout_regions",
"crs": { "type": "name", "properties": { "name": "urn:ogc:def:crs:OGC:1.3:CRS84" } },
"xy_coordinate_resolution": 0.0001,
"features": [
{ "type": "Feature", "properties": { "frame_id": 9154, "rollout": "P0", "region_name": "Southern California", "orbit_pass": "ASCENDING" }, "geometry": { "type": "Polygon", "coordinates": [ [ [ -123.1253, 34.6851 ], [ -120.4333, 35.203 ], [ -120.1281, 33.671 ], [ -122.774, 33.1612 ], [ -123.1253, 34.6851 ] ] ] } },
{ "type": "Feature", "properties": { "frame_id": 9155, "rollout": "P0", "region_name": "Northern California", "orbit_pass": "ASCENDING" }, "geometry": { "type": "Polygon", "coordinates": [ [ [ -123.4364, 36.0136 ], [ -120.6989, 36.5298 ], [ -120.3921, 34.9981 ], [ -123.0796, 34.4904 ], [ -123.4364, 36.0136 ] ] ] } },
{ "type": "Feature", "properties": { "frame_id": 9156, "rollout": "P0", "region_name": "Northern California", "orbit_pass": "ASCENDING" }, "geometry": { "type": "Polygon", "coordinates": [ [ [ -123.7527, 37.3416 ], [ -120.9667, 37.8562 ], [ -120.6574, 36.325 ], [ -123.3898, 35.819 ], [ -123.7527, 37.3416 ] ] ] } },
{ "type": "Feature", "properties": { "frame_id": 9157, "rollout": "P0", "region_name": "Northern California", "orbit_pass": "ASCENDING" }, "geometry": { "type": "Polygon", "coordinates": [ [ [ -124.0746, 38.669 ], [ -121.2371, 39.1822 ], [ -120.9248, 37.6514 ], [ -123.7053, 37.147 ], [ -124.0746, 38.669 ] ] ] } },
{ "type": "Feature", "properties": { "frame_id": 9158, "rollout": "P0", "region_name": "Northern California", "orbit_pass": "ASCENDING" }, "geometry": { "type": "Polygon", "coordinates": [ [ [ -124.4029, 39.9957 ], [ -121.511, 40.5075 ], [ -121.1947, 38.9773 ], [ -124.0264, 38.4743 ], [ -124.4029, 39.9957 ] ] ] } },
{ "type": "Feature", "properties": { "frame_id": 11115, "rollout": "P0", "region_name": "Northern California", "orbit_pass": "DESCENDING" }, "geometry": { "type": "Polygon", "coordinates": [ [ [ -122.6804, 36.9265 ], [ -122.3698, 38.4574 ], [ -119.5028, 38.1738 ], [ -119.8697, 36.6517 ], [ -122.6804, 36.9265 ] ] ] } },
{ "type": "Feature", "properties": { "frame_id": 11116, "rollout": "P0", "region_name": "Northern California", "orbit_pass": "DESCENDING" }, "geometry": { "type": "Polygon", "coordinates": [ [ [ -122.9467, 35.5999 ], [ -122.6388, 37.1313 ], [ -119.8227, 36.8463 ], [ -120.1834, 35.3236 ], [ -122.9467, 35.5999 ] ] ] } },
{ "type": "Feature", "properties": { "frame_id": 11117, "rollout": "P0", "region_name": "Southern California", "orbit_pass": "DESCENDING" }, "geometry": { "type": "Polygon", "coordinates": [ [ [ -123.2116, 34.273 ], [ -122.9054, 35.8047 ], [ -120.1372, 35.5182 ], [ -120.4921, 33.9948 ], [ -123.2116, 34.273 ] ] ] } },
{ "type": "Feature", "properties": { "frame_id": 16939, "rollout": "P0", "region_name": "Baja California", "orbit_pass": "ASCENDING" }, "geometry": { "type": "Polygon", "coordinates": [ [ [ -118.6306, 33.0393 ], [ -115.9906, 33.5595 ], [ -115.6885, 32.0269 ], [ -118.2853, 31.5147 ], [ -118.6306, 33.0393 ] ] ] } },
{ "type": "Feature", "properties": { "frame_id": 16940, "rollout": "P0", "region_name": "Southern California", "orbit_pass": "ASCENDING" }, "geometry": { "type": "Polygon", "coordinates": [ [ [ -118.9358, 34.3686 ], [ -116.2545, 34.8868 ], [ -115.9498, 33.3547 ], [ -118.5858, 32.8445 ], [ -118.9358, 34.3686 ] ] ] } },
{ "type": "Feature", "properties": { "frame_id": 18904, "rollout": "P0", "region_name": "Southern California", "orbit_pass": "DESCENDING" }, "geometry": { "type": "Polygon", "coordinates": [ [ [ -119.2969, 33.2617 ], [ -118.9929, 34.7938 ], [ -116.2579, 34.5059 ], [ -116.6123, 32.9826 ], [ -119.2969, 33.2617 ] ] ] } },
{ "type": "Feature", "properties": { "frame_id": 18905, "rollout": "P0", "region_name": "Baja California", "orbit_pass": "DESCENDING" }, "geometry": { "type": "Polygon", "coordinates": [ [ [ -119.5602, 31.9343 ], [ -119.2561, 33.4665 ], [ -116.5673, 33.1774 ], [ -116.9131, 31.6529 ], [ -119.5602, 31.9343 ] ] ] } },
{ "type": "Feature", "properties": { "frame_id": 24726, "rollout": "P0", "region_name": "Arizona", "orbit_pass": "ASCENDING" }, "geometry": { "type": "Polygon", "coordinates": [ [ [ -114.7469, 34.0529 ], [ -112.0761, 34.5715 ], [ -111.772, 33.0393 ], [ -114.3982, 32.5288 ], [ -114.7469, 34.0529 ] ] ] } },
{ "type": "Feature", "properties": { "frame_id": 24727, "rollout": "P0", "region_name": "Southern California", "orbit_pass": "ASCENDING" }, "geometry": { "type": "Polygon", "coordinates": [ [ [ -115.0593, 35.3812 ], [ -112.3429, 35.8982 ], [ -112.0351, 34.3667 ], [ -114.7052, 33.8576 ], [ -115.0593, 35.3812 ] ] ] } },
{ "type": "Feature", "properties": { "frame_id": 24728, "rollout": "P0", "region_name": "Southern California", "orbit_pass": "ASCENDING" }, "geometry": { "type": "Polygon", "coordinates": [ [ [ -115.373, 36.7095 ], [ -112.6097, 37.2249 ], [ -112.3016, 35.6934 ], [ -115.0132, 35.1865 ], [ -115.373, 36.7095 ] ] ] } },
{ "type": "Feature", "properties": { "frame_id": 26689, "rollout": "P0", "region_name": "Arizona", "orbit_pass": "DESCENDING" }, "geometry": { "type": "Polygon", "coordinates": [ [ [ -114.8588, 34.9033 ], [ -114.5516, 36.4348 ], [ -111.7617, 36.1493 ], [ -112.1191, 34.6261 ], [ -114.8588, 34.9033 ] ] ] } },
{ "type": "Feature", "properties": { "frame_id": 26690, "rollout": "P0", "region_name": "Arizona", "orbit_pass": "DESCENDING" }, "geometry": { "type": "Polygon", "coordinates": [ [ [ -115.122, 33.5761 ], [ -114.8177, 35.1081 ], [ -112.0733, 34.8209 ], [ -112.4252, 33.2971 ], [ -115.122, 33.5761 ] ] ] } },
{ "type": "Feature", "properties": { "frame_id": 26691, "rollout": "P0", "region_name": "Arizona", "orbit_pass": "DESCENDING" }, "geometry": { "type": "Polygon", "coordinates": [ [ [ -115.3837, 32.2485 ], [ -115.0812, 33.7809 ], [ -112.3801, 33.4919 ], [ -112.7271, 31.9676 ], [ -115.3837, 32.2485 ] ] ] } },
{ "type": "Feature", "properties": { "frame_id": 28757, "rollout": "P0", "region_name": "Northern California", "orbit_pass": "ASCENDING" }, "geometry": { "type": "Polygon", "coordinates": [ [ [ -126.1825, 38.8805 ], [ -123.336, 39.3935 ], [ -123.0233, 37.8627 ], [ -125.8121, 37.3586 ], [ -126.1825, 38.8805 ] ] ] } },
{ "type": "Feature", "properties": { "frame_id": 30714, "rollout": "P0", "region_name": "Northern California", "orbit_pass": "DESCENDING" }, "geometry": { "type": "Polygon", "coordinates": [ [ [ -124.5128, 38.04 ], [ -124.1996, 39.5705 ], [ -121.2876, 39.2881 ], [ -121.6603, 37.7665 ], [ -124.5128, 38.04 ] ] ] } },
{ "type": "Feature", "properties": { "frame_id": 30715, "rollout": "P0", "region_name": "Northern California", "orbit_pass": "DESCENDING" }, "geometry": { "type": "Polygon", "coordinates": [ [ [ -124.781, 36.7138 ], [ -124.4708, 38.2448 ], [ -121.6126, 37.9612 ], [ -121.9784, 36.4389 ], [ -124.781, 36.7138 ] ] ] } },
{ "type": "Feature", "properties": { "frame_id": 30716, "rollout": "P0", "region_name": "Northern California", "orbit_pass": "DESCENDING" }, "geometry": { "type": "Polygon", "coordinates": [ [ [ -125.0468, 35.3872 ], [ -124.7393, 36.9186 ], [ -121.9315, 36.6336 ], [ -122.2912, 35.1107 ], [ -125.0468, 35.3872 ] ] ] } },
{ "type": "Feature", "properties": { "frame_id": 36539, "rollout": "P0", "region_name": "Southern California", "orbit_pass": "ASCENDING" }, "geometry": { "type": "Polygon", "coordinates": [ [ [ -120.7371, 33.255 ], [ -118.0902, 33.7749 ], [ -117.7878, 32.2424 ], [ -120.3911, 31.7305 ], [ -120.7371, 33.255 ] ] ] } },
{ "type": "Feature", "properties": { "frame_id": 36540, "rollout": "P0", "region_name": "Southern California", "orbit_pass": "ASCENDING" }, "geometry": { "type": "Polygon", "coordinates": [ [ [ -121.0431, 34.5842 ], [ -118.3544, 35.1021 ], [ -118.0494, 33.5701 ], [ -120.6922, 33.0602 ], [ -121.0431, 34.5842 ] ] ] } },
{ "type": "Feature", "properties": { "frame_id": 36541, "rollout": "P0", "region_name": "Southern California", "orbit_pass": "ASCENDING" }, "geometry": { "type": "Polygon", "coordinates": [ [ [ -121.3537, 35.9128 ], [ -118.6198, 36.429 ], [ -118.3132, 34.8973 ], [ -120.9974, 34.3894 ], [ -121.3537, 35.9128 ] ] ] } },
{ "type": "Feature", "properties": { "frame_id": 36542, "rollout": "P0", "region_name": "Southern California", "orbit_pass": "ASCENDING" }, "geometry": { "type": "Polygon", "coordinates": [ [ [ -121.6695, 37.2408 ], [ -118.8874, 37.7555 ], [ -118.5783, 36.2242 ], [ -121.3072, 35.7181 ], [ -121.6695, 37.2408 ] ] ] } },
{ "type": "Feature", "properties": { "frame_id": 38503, "rollout": "P0", "region_name": "Southern California", "orbit_pass": "DESCENDING" }, "geometry": { "type": "Polygon", "coordinates": [ [ [ -121.1341, 34.3732 ], [ -120.8277, 35.9049 ], [ -118.0558, 35.6185 ], [ -118.4111, 34.0952 ], [ -121.1341, 34.3732 ] ] ] } },
{ "type": "Feature", "properties": { "frame_id": 38504, "rollout": "P0", "region_name": "Southern California", "orbit_pass": "DESCENDING" }, "geometry": { "type": "Polygon", "coordinates": [ [ [ -121.3967, 33.0458 ], [ -121.0931, 34.578 ], [ -118.3656, 34.2899 ], [ -118.7156, 32.7659 ], [ -121.3967, 33.0458 ] ] ] } },
{ "type": "Feature", "properties": { "frame_id": 44325, "rollout": "P0", "region_name": "Southern California", "orbit_pass": "ASCENDING" }, "geometry": { "type": "Polygon", "coordinates": [ [ [ -116.5509, 32.9421 ], [ -113.9139, 33.4625 ], [ -113.612, 31.9298 ], [ -116.206, 31.4175 ], [ -116.5509, 32.9421 ] ] ] } },
{ "type": "Feature", "properties": { "frame_id": 44326, "rollout": "P0", "region_name": "Southern California", "orbit_pass": "ASCENDING" }, "geometry": { "type": "Polygon", "coordinates": [ [ [ -116.8557, 34.2714 ], [ -114.1777, 34.7898 ], [ -113.8732, 33.2576 ], [ -116.5061, 32.7473 ], [ -116.8557, 34.2714 ] ] ] } },
{ "type": "Feature", "properties": { "frame_id": 44327, "rollout": "P0", "region_name": "Arizona", "orbit_pass": "ASCENDING" }, "geometry": { "type": "Polygon", "coordinates": [ [ [ -117.1652, 35.6002 ], [ -114.4426, 36.1167 ], [ -114.1366, 34.5849 ], [ -116.8102, 34.0767 ], [ -117.1652, 35.6002 ] ] ] } },
{ "type": "Feature", "properties": { "frame_id": 44328, "rollout": "P0", "region_name": "Arizona", "orbit_pass": "ASCENDING" }, "geometry": { "type": "Polygon", "coordinates": [ [ [ -117.4837, 36.9277 ], [ -114.7096, 37.4433 ], [ -114.4012, 35.9119 ], [ -117.1189, 35.4055 ], [ -117.4837, 36.9277 ] ] ] } },
{ "type": "Feature", "properties": { "frame_id": 46288, "rollout": "P0", "region_name": "Northern California", "orbit_pass": "DESCENDING" }, "geometry": { "type": "Polygon", "coordinates": [ [ [ -116.6912, 36.0117 ], [ -116.3824, 37.5429 ], [ -113.5501, 37.2583 ], [ -113.9128, 35.7357 ], [ -116.6912, 36.0117 ] ] ] } },
{ "type": "Feature", "properties": { "frame_id": 46289, "rollout": "P0", "region_name": "Southern California", "orbit_pass": "DESCENDING" }, "geometry": { "type": "Polygon", "coordinates": [ [ [ -116.9567, 34.6849 ], [ -116.6498, 36.2165 ], [ -113.8664, 35.9304 ], [ -114.2267, 34.4078 ], [ -116.9567, 34.6849 ] ] ] } },
{ "type": "Feature", "properties": { "frame_id": 46290, "rollout": "P0", "region_name": "Southern California", "orbit_pass": "DESCENDING" }, "geometry": { "type": "Polygon", "coordinates": [ [ [ -117.2219, 33.3579 ], [ -116.9156, 34.8897 ], [ -114.181, 34.6025 ], [ -114.5321, 33.0787 ], [ -117.2219, 33.3579 ] ] ] } },
{ "type": "Feature", "properties": { "frame_id": 46291, "rollout": "P0", "region_name": "Arizona", "orbit_pass": "DESCENDING" }, "geometry": { "type": "Polygon", "coordinates": [ [ [ -117.4833, 32.0303 ], [ -117.1811, 33.5628 ], [ -114.4871, 33.2734 ], [ -114.8333, 31.749 ], [ -117.4833, 32.0303 ] ] ] } },
{ "type": "Feature", "properties": { "frame_id": 1093, "rollout": "P1", "region_name": "Texas", "orbit_pass": "ASCENDING" }, "geometry": { "type": "Polygon", "coordinates": [ [ [ -100.6975, 26.3469 ], [ -98.2313, 26.8788 ], [ -97.9344, 25.3446 ], [ -100.3701, 24.8201 ], [ -100.6975, 26.3469 ] ] ] } },
{ "type": "Feature", "properties": { "frame_id": 1094, "rollout": "P1", "region_name": "Coahuila", "orbit_pass": "ASCENDING" }, "geometry": { "type": "Polygon", "coordinates": [ [ [ -100.9854, 27.6786 ], [ -98.4889, 28.208 ], [ -98.1914, 26.6741 ], [ -100.6553, 26.1521 ], [ -100.9854, 27.6786 ] ] ] } },
{ "type": "Feature", "properties": { "frame_id": 1095, "rollout": "P1", "region_name": "Texas", "orbit_pass": "ASCENDING" }, "geometry": { "type": "Polygon", "coordinates": [ [ [ -101.2761, 29.0099 ], [ -98.7473, 29.5368 ], [ -98.4489, 28.0032 ], [ -100.9428, 27.4838 ], [ -101.2761, 29.0099 ] ] ] } },
{ "type": "Feature", "properties": { "frame_id": 1096, "rollout": "P1", "region_name": "Texas", "orbit_pass": "ASCENDING" }, "geometry": { "type": "Polygon", "coordinates": [ [ [ -101.5698, 30.3407 ], [ -99.0065, 30.8653 ], [ -98.7072, 29.332 ], [ -101.233, 28.8151 ], [ -101.5698, 30.3407 ] ] ] } },
{ "type": "Feature", "properties": { "frame_id": 1097, "rollout": "P1", "region_name": "Texas", "orbit_pass": "ASCENDING" }, "geometry": { "type": "Polygon", "coordinates": [ [ [ -101.8669, 31.671 ], [ -99.2667, 32.1934 ], [ -98.9662, 30.6605 ], [ -101.5261, 30.1459 ], [ -101.8669, 31.671 ] ] ] } },
{ "type": "Feature", "properties": { "frame_id": 1098, "rollout": "P1", "region_name": "Texas", "orbit_pass": "ASCENDING" }, "geometry": { "type": "Polygon", "coordinates": [ [ [ -102.1679, 33.0008 ], [ -99.5283, 33.5212 ], [ -99.2262, 31.9886 ], [ -101.8227, 31.4762 ], [ -102.1679, 33.0008 ] ] ] } },
{ "type": "Feature", "properties": { "frame_id": 1099, "rollout": "P1", "region_name": "Texas", "orbit_pass": "ASCENDING" }, "geometry": { "type": "Polygon", "coordinates": [ [ [ -102.4729, 34.33 ], [ -99.7921, 34.8484 ], [ -99.4875, 33.3164 ], [ -102.123, 32.806 ], [ -102.4729, 34.33 ] ] ] } },
{ "type": "Feature", "properties": { "frame_id": 1100, "rollout": "P1", "region_name": "Texas", "orbit_pass": "ASCENDING" }, "geometry": { "type": "Polygon", "coordinates": [ [ [ -102.7825, 35.6587 ], [ -100.0571, 36.1754 ], [ -99.751, 34.6436 ], [ -102.4274, 34.1353 ], [ -102.7825, 35.6587 ] ] ] } },
{ "type": "Feature", "properties": { "frame_id": 1101, "rollout": "P1", "region_name": "Texas", "orbit_pass": "ASCENDING" }, "geometry": { "type": "Polygon", "coordinates": [ [ [ -103.0973, 36.9868 ], [ -100.3243, 37.5019 ], [ -100.0157, 35.9705 ], [ -102.7362, 35.464 ], [ -103.0973, 36.9868 ] ] ] } },
{ "type": "Feature", "properties": { "frame_id": 1102, "rollout": "P1", "region_name": "Kansas", "orbit_pass": "ASCENDING" }, "geometry": { "type": "Polygon", "coordinates": [ [ [ -103.4219, 38.3137 ], [ -100.5938, 38.8279 ], [ -100.2825, 37.297 ], [ -103.0542, 36.7916 ], [ -103.4219, 38.3137 ] ] ] } },
{ "type": "Feature", "properties": { "frame_id": 3060, "rollout": "P1", "region_name": "Kansas", "orbit_pass": "DESCENDING" }, "geometry": { "type": "Polygon", "coordinates": [ [ [ -102.0371, 37.2797 ], [ -101.7256, 38.8105 ], [ -98.8439, 38.5272 ], [ -99.2127, 37.0052 ], [ -102.0371, 37.2797 ] ] ] } },
{ "type": "Feature", "properties": { "frame_id": 3061, "rollout": "P1", "region_name": "Texas", "orbit_pass": "DESCENDING" }, "geometry": { "type": "Polygon", "coordinates": [ [ [ -102.3039, 35.9532 ], [ -101.9953, 37.4845 ], [ -99.1654, 37.1999 ], [ -99.5278, 35.6773 ], [ -102.3039, 35.9532 ] ] ] } },
{ "type": "Feature", "properties": { "frame_id": 3062, "rollout": "P1", "region_name": "Texas", "orbit_pass": "DESCENDING" }, "geometry": { "type": "Polygon", "coordinates": [ [ [ -102.5693, 34.6264 ], [ -102.2625, 36.1581 ], [ -99.4813, 35.8719 ], [ -99.8377, 34.3487 ], [ -102.5693, 34.6264 ] ] ] } },
{ "type": "Feature", "properties": { "frame_id": 3063, "rollout": "P1", "region_name": "Texas", "orbit_pass": "DESCENDING" }, "geometry": { "type": "Polygon", "coordinates": [ [ [ -102.8323, 33.2992 ], [ -102.5283, 34.8313 ], [ -99.7958, 34.544 ], [ -100.1465, 33.0201 ], [ -102.8323, 33.2992 ] ] ] } },
{ "type": "Feature", "properties": { "frame_id": 3064, "rollout": "P1", "region_name": "Texas", "orbit_pass": "DESCENDING" }, "geometry": { "type": "Polygon", "coordinates": [ [ [ -103.0957, 31.9717 ], [ -102.7936, 33.5043 ], [ -100.1016, 33.2149 ], [ -100.4475, 31.6904 ], [ -103.0957, 31.9717 ] ] ] } },
{ "type": "Feature", "properties": { "frame_id": 3065, "rollout": "P1", "region_name": "Texas", "orbit_pass": "DESCENDING" }, "geometry": { "type": "Polygon", "coordinates": [ [ [ -103.3557, 30.6437 ], [ -103.0551, 32.1766 ], [ -100.4032, 31.8852 ], [ -100.7446, 30.3602 ], [ -103.3557, 30.6437 ] ] ] } },
{ "type": "Feature", "properties": { "frame_id": 3066, "rollout": "P1", "region_name": "Texas", "orbit_pass": "DESCENDING" }, "geometry": { "type": "Polygon", "coordinates": [ [ [ -103.6149, 29.3152 ], [ -103.3154, 30.8485 ], [ -100.7009, 30.555 ], [ -101.0384, 29.0296 ], [ -103.6149, 29.3152 ] ] ] } },
{ "type": "Feature", "properties": { "frame_id": 3067, "rollout": "P1", "region_name": "Chihuahua", "orbit_pass": "DESCENDING" }, "geometry": { "type": "Polygon", "coordinates": [ [ [ -103.873, 27.9864 ], [ -103.5748, 29.52 ], [ -100.9952, 29.2244 ], [ -101.3291, 27.6984 ], [ -103.873, 27.9864 ] ] ] } },
{ "type": "Feature", "properties": { "frame_id": 3068, "rollout": "P1", "region_name": "Chihuahua", "orbit_pass": "DESCENDING" }, "geometry": { "type": "Polygon", "coordinates": [ [ [ -104.1304, 26.6573 ], [ -103.833, 28.1912 ], [ -101.2863, 27.8932 ], [ -101.617, 26.3668 ], [ -104.1304, 26.6573 ] ] ] } },
{ "type": "Feature", "properties": { "frame_id": 3069, "rollout": "P1", "region_name": "Chihuahua", "orbit_pass": "DESCENDING" }, "geometry": { "type": "Polygon", "coordinates": [ [ [ -104.3875, 25.3279 ], [ -104.0906, 26.8621 ], [ -101.5747, 26.5617 ], [ -101.9025, 25.0349 ], [ -104.3875, 25.3279 ] ] ] } },
{ "type": "Feature", "properties": { "frame_id": 3070, "rollout": "P1", "region_name": "Coahuila", "orbit_pass": "DESCENDING" }, "geometry": { "type": "Polygon", "coordinates": [ [ [ -104.6442, 23.9981 ], [ -104.3477, 25.5326 ], [ -101.8606, 25.2297 ], [ -102.1859, 23.7025 ], [ -104.6442, 23.9981 ] ] ] } },
{ "type": "Feature", "properties": { "frame_id": 5119, "rollout": "P1", "region_name": "Baja California Sur", "orbit_pass": "ASCENDING" }, "geometry": { "type": "Polygon", "coordinates": [ [ [ -110.5908, 24.5261 ], [ -108.1638, 25.0613 ], [ -107.8674, 23.5266 ], [ -110.2669, 22.9986 ], [ -110.5908, 24.5261 ] ] ] } },
{ "type": "Feature", "properties": { "frame_id": 5120, "rollout": "P1", "region_name": "Baja California Sur", "orbit_pass": "ASCENDING" }, "geometry": { "type": "Polygon", "coordinates": [ [ [ -110.8753, 25.8583 ], [ -108.4208, 26.3909 ], [ -108.1241, 24.8565 ], [ -110.549, 24.3312 ], [ -110.8753, 25.8583 ] ] ] } },
{ "type": "Feature", "properties": { "frame_id": 5121, "rollout": "P1", "region_name": "Baja California Sur", "orbit_pass": "ASCENDING" }, "geometry": { "type": "Polygon", "coordinates": [ [ [ -111.1622, 27.1902 ], [ -108.6781, 27.7203 ], [ -108.3809, 26.1862 ], [ -110.8332, 25.6635 ], [ -111.1622, 27.1902 ] ] ] } },
{ "type": "Feature", "properties": { "frame_id": 5122, "rollout": "P1", "region_name": "Chihuahua", "orbit_pass": "ASCENDING" }, "geometry": { "type": "Polygon", "coordinates": [ [ [ -111.4518, 28.5216 ], [ -108.9362, 29.0492 ], [ -108.6382, 27.5155 ], [ -111.1197, 26.9954 ], [ -111.4518, 28.5216 ] ] ] } },
{ "type": "Feature", "properties": { "frame_id": 5123, "rollout": "P1", "region_name": "Sonora", "orbit_pass": "ASCENDING" }, "geometry": { "type": "Polygon", "coordinates": [ [ [ -111.7442, 29.8527 ], [ -109.195, 30.3779 ], [ -108.8961, 28.8445 ], [ -111.4088, 28.3268 ], [ -111.7442, 29.8527 ] ] ] } },
{ "type": "Feature", "properties": { "frame_id": 5124, "rollout": "P1", "region_name": "Arizona", "orbit_pass": "ASCENDING" }, "geometry": { "type": "Polygon", "coordinates": [ [ [ -112.0399, 31.1832 ], [ -109.4547, 31.7062 ], [ -109.1547, 30.1731 ], [ -111.7007, 29.6579 ], [ -112.0399, 31.1832 ] ] ] } },
{ "type": "Feature", "properties": { "frame_id": 5125, "rollout": "P1", "region_name": "Arizona", "orbit_pass": "ASCENDING" }, "geometry": { "type": "Polygon", "coordinates": [ [ [ -112.3427, 32.5127 ], [ -109.7157, 33.0342 ], [ -109.4143, 31.5014 ], [ -111.9991, 30.9879 ], [ -112.3427, 32.5127 ] ] ] } },
{ "type": "Feature", "properties": { "frame_id": 5126, "rollout": "P1", "region_name": "Arizona", "orbit_pass": "ASCENDING" }, "geometry": { "type": "Polygon", "coordinates": [ [ [ -112.6463, 33.8422 ], [ -109.9803, 34.3614 ], [ -109.6771, 32.8291 ], [ -112.2981, 32.3179 ], [ -112.6463, 33.8422 ] ] ] } },
{ "type": "Feature", "properties": { "frame_id": 5127, "rollout": "P1", "region_name": "Arizona", "orbit_pass": "ASCENDING" }, "geometry": { "type": "Polygon", "coordinates": [ [ [ -112.9544, 35.1711 ], [ -110.2454, 35.6884 ], [ -109.9394, 34.1566 ], [ -112.6011, 33.6474 ], [ -112.9544, 35.1711 ] ] ] } },
{ "type": "Feature", "properties": { "frame_id": 6825, "rollout": "P1", "region_name": "Louisiana", "orbit_pass": "DESCENDING" }, "geometry": { "type": "Polygon", "coordinates": [ [ [ -89.2482, 29.1424 ], [ -88.9489, 30.6757 ], [ -86.3395, 30.3821 ], [ -86.6764, 28.8565 ], [ -89.2482, 29.1424 ] ] ] } },
{ "type": "Feature", "properties": { "frame_id": 6826, "rollout": "P1", "region_name": "Louisiana", "orbit_pass": "DESCENDING" }, "geometry": { "type": "Polygon", "coordinates": [ [ [ -89.5062, 27.8135 ], [ -89.2081, 29.3472 ], [ -86.6333, 29.0513 ], [ -86.9667, 27.5253 ], [ -89.5062, 27.8135 ] ] ] } },
{ "type": "Feature", "properties": { "frame_id": 7090, "rollout": "P1", "region_name": "Arizona", "orbit_pass": "DESCENDING" }, "geometry": { "type": "Polygon", "coordinates": [ [ [ -113.0229, 33.7864 ], [ -112.7181, 35.3183 ], [ -109.9663, 35.0312 ], [ -110.3192, 33.5076 ], [ -113.0229, 33.7864 ] ] ] } },
{ "type": "Feature", "properties": { "frame_id": 7091, "rollout": "P1", "region_name": "Arizona", "orbit_pass": "DESCENDING" }, "geometry": { "type": "Polygon", "coordinates": [ [ [ -113.2848, 32.4588 ], [ -112.982, 33.9912 ], [ -110.274, 33.7023 ], [ -110.6217, 32.1781 ], [ -113.2848, 32.4588 ] ] ] } },
{ "type": "Feature", "properties": { "frame_id": 7092, "rollout": "P1", "region_name": "Arizona", "orbit_pass": "DESCENDING" }, "geometry": { "type": "Polygon", "coordinates": [ [ [ -113.5453, 31.1309 ], [ -113.2441, 32.6636 ], [ -110.5772, 32.3729 ], [ -110.9203, 30.8481 ], [ -113.5453, 31.1309 ] ] ] } },
{ "type": "Feature", "properties": { "frame_id": 7093, "rollout": "P1", "region_name": "Sonora", "orbit_pass": "DESCENDING" }, "geometry": { "type": "Polygon", "coordinates": [ [ [ -113.8047, 29.8026 ], [ -113.5049, 31.3357 ], [ -110.8764, 31.0429 ], [ -111.2155, 29.5177 ], [ -113.8047, 29.8026 ] ] ] } },
{ "type": "Feature", "properties": { "frame_id": 7094, "rollout": "P1", "region_name": "Baja California", "orbit_pass": "DESCENDING" }, "geometry": { "type": "Polygon", "coordinates": [ [ [ -114.0634, 28.474 ], [ -113.7645, 30.0074 ], [ -111.172, 29.7125 ], [ -111.5073, 28.1867 ], [ -114.0634, 28.474 ] ] ] } },
{ "type": "Feature", "properties": { "frame_id": 7095, "rollout": "P1", "region_name": "Baja California", "orbit_pass": "DESCENDING" }, "geometry": { "type": "Polygon", "coordinates": [ [ [ -114.3212, 27.145 ], [ -114.0233, 28.6787 ], [ -111.4644, 28.3815 ], [ -111.7964, 26.8553 ], [ -114.3212, 27.145 ] ] ] } },
{ "type": "Feature", "properties": { "frame_id": 7096, "rollout": "P1", "region_name": "Baja California Sur", "orbit_pass": "DESCENDING" }, "geometry": { "type": "Polygon", "coordinates": [ [ [ -114.5784, 25.8157 ], [ -114.2812, 27.3497 ], [ -111.7539, 27.0501 ], [ -112.0829, 25.5235 ], [ -114.5784, 25.8157 ] ] ] } },
{ "type": "Feature", "properties": { "frame_id": 7097, "rollout": "P1", "region_name": "Baja California Sur", "orbit_pass": "DESCENDING" }, "geometry": { "type": "Polygon", "coordinates": [ [ [ -114.8353, 24.486 ], [ -114.5386, 26.0204 ], [ -112.0408, 25.7183 ], [ -112.3671, 24.1913 ], [ -114.8353, 24.486 ] ] ] } },
{ "type": "Feature", "properties": { "frame_id": 8622, "rollout": "P1", "region_name": "NYC", "orbit_pass": "ASCENDING" }, "geometry": { "type": "Polygon", "coordinates": [ [ [ -75.3696, 41.3026 ], [ -72.418, 41.8139 ], [ -72.0987, 40.2842 ], [ -74.9851, 39.7821 ], [ -75.3696, 41.3026 ] ] ] } },
{ "type": "Feature", "properties": { "frame_id": 8881, "rollout": "P1", "region_name": "Texas", "orbit_pass": "ASCENDING" }, "geometry": { "type": "Polygon", "coordinates": [ [ [ -97.0919, 28.6917 ], [ -94.5711, 29.2192 ], [ -94.2729, 27.6855 ], [ -96.7594, 27.1655 ], [ -97.0919, 28.6917 ] ] ] } },
{ "type": "Feature", "properties": { "frame_id": 8882, "rollout": "P1", "region_name": "Texas", "orbit_pass": "ASCENDING" }, "geometry": { "type": "Polygon", "coordinates": [ [ [ -97.3848, 30.0226 ], [ -94.83, 30.5478 ], [ -94.531, 29.0144 ], [ -97.0489, 28.4969 ], [ -97.3848, 30.0226 ] ] ] } },
{ "type": "Feature", "properties": { "frame_id": 8883, "rollout": "P1", "region_name": "Texas", "orbit_pass": "ASCENDING" }, "geometry": { "type": "Polygon", "coordinates": [ [ [ -97.681, 31.353 ], [ -95.09, 31.876 ], [ -94.7898, 30.343 ], [ -97.3412, 29.8278 ], [ -97.681, 31.353 ] ] ] } },
{ "type": "Feature", "properties": { "frame_id": 8884, "rollout": "P1", "region_name": "Texas", "orbit_pass": "ASCENDING" }, "geometry": { "type": "Polygon", "coordinates": [ [ [ -97.981, 32.6829 ], [ -95.3512, 33.2038 ], [ -95.0495, 31.6712 ], [ -97.6369, 31.1582 ], [ -97.981, 32.6829 ] ] ] } },
{ "type": "Feature", "properties": { "frame_id": 8885, "rollout": "P1", "region_name": "Oklahoma", "orbit_pass": "ASCENDING" }, "geometry": { "type": "Polygon", "coordinates": [ [ [ -98.2886, 34.0117 ], [ -95.6145, 34.5312 ], [ -95.3104, 32.999 ], [ -97.9363, 32.4882 ], [ -98.2886, 34.0117 ] ] ] } },
{ "type": "Feature", "properties": { "frame_id": 8886, "rollout": "P1", "region_name": "Oklahoma", "orbit_pass": "ASCENDING" }, "geometry": { "type": "Polygon", "coordinates": [ [ [ -98.5973, 35.3405 ], [ -95.8813, 35.8579 ], [ -95.5735, 34.3263 ], [ -98.2432, 33.817 ], [ -98.5973, 35.3405 ] ] ] } },
{ "type": "Feature", "properties": { "frame_id": 8888, "rollout": "P1", "region_name": "Oklahoma", "orbit_pass": "ASCENDING" }, "geometry": { "type": "Polygon", "coordinates": [ [ [ -99.2301, 37.9964 ], [ -96.4171, 38.5106 ], [ -96.1064, 36.9796 ], [ -98.864, 36.4741 ], [ -99.2301, 37.9964 ] ] ] } },
{ "type": "Feature", "properties": { "frame_id": 8889, "rollout": "P1", "region_name": "Kansas", "orbit_pass": "ASCENDING" }, "geometry": { "type": "Polygon", "coordinates": [ [ [ -99.5552, 39.3233 ], [ -96.6889, 39.8362 ], [ -96.375, 38.3058 ], [ -99.1823, 37.8017 ], [ -99.5552, 39.3233 ] ] ] } },
{ "type": "Feature", "properties": { "frame_id": 10851, "rollout": "P1", "region_name": "Texas", "orbit_pass": "DESCENDING" }, "geometry": { "type": "Polygon", "coordinates": [ [ [ -99.179, 30.9607 ], [ -98.8781, 32.4935 ], [ -96.2164, 32.2026 ], [ -96.559, 30.6778 ], [ -99.179, 30.9607 ] ] ] } },
{ "type": "Feature", "properties": { "frame_id": 10852, "rollout": "P1", "region_name": "Texas", "orbit_pass": "DESCENDING" }, "geometry": { "type": "Polygon", "coordinates": [ [ [ -99.4384, 29.6323 ], [ -99.1386, 31.1655 ], [ -96.5151, 30.8725 ], [ -96.8535, 29.3472 ], [ -99.4384, 29.6323 ] ] ] } },
{ "type": "Feature", "properties": { "frame_id": 10853, "rollout": "P1", "region_name": "Texas", "orbit_pass": "DESCENDING" }, "geometry": { "type": "Polygon", "coordinates": [ [ [ -99.6967, 28.3036 ], [ -99.3982, 29.8371 ], [ -96.8102, 29.542 ], [ -97.1449, 28.0162 ], [ -99.6967, 28.3036 ] ] ] } },
{ "type": "Feature", "properties": { "frame_id": 10854, "rollout": "P1", "region_name": "Texas", "orbit_pass": "DESCENDING" }, "geometry": { "type": "Polygon", "coordinates": [ [ [ -99.9543, 26.9746 ], [ -99.6566, 28.5084 ], [ -97.1021, 28.211 ], [ -97.4335, 26.6847 ], [ -99.9543, 26.9746 ] ] ] } },
{ "type": "Feature", "properties": { "frame_id": 10855, "rollout": "P1", "region_name": "Texas", "orbit_pass": "DESCENDING" }, "geometry": { "type": "Polygon", "coordinates": [ [ [ -100.2114, 25.6452 ], [ -99.9144, 27.1793 ], [ -97.3911, 26.8795 ], [ -97.7197, 25.3528 ], [ -100.2114, 25.6452 ] ] ] } },
{ "type": "Feature", "properties": { "frame_id": 10856, "rollout": "P1", "region_name": "Coahuila", "orbit_pass": "DESCENDING" }, "geometry": { "type": "Polygon", "coordinates": [ [ [ -100.4682, 24.3156 ], [ -100.1716, 25.85 ], [ -97.6776, 25.5477 ], [ -98.0035, 24.0206 ], [ -100.4682, 24.3156 ] ] ] } },
{ "type": "Feature", "properties": { "frame_id": 12907, "rollout": "P1", "region_name": "Chihuahua", "orbit_pass": "ASCENDING" }, "geometry": { "type": "Polygon", "coordinates": [ [ [ -106.9787, 26.8713 ], [ -104.5017, 27.4019 ], [ -104.2047, 25.8678 ], [ -106.6504, 25.3445 ], [ -106.9787, 26.8713 ] ] ] } },
{ "type": "Feature", "properties": { "frame_id": 12908, "rollout": "P1", "region_name": "Chihuahua", "orbit_pass": "ASCENDING" }, "geometry": { "type": "Polygon", "coordinates": [ [ [ -107.2701, 28.2024 ], [ -104.7594, 28.731 ], [ -104.4618, 27.1972 ], [ -106.9363, 26.6765 ], [ -107.2701, 28.2024 ] ] ] } },
{ "type": "Feature", "properties": { "frame_id": 12909, "rollout": "P1", "region_name": "Chihuahua", "orbit_pass": "ASCENDING" }, "geometry": { "type": "Polygon", "coordinates": [ [ [ -107.562, 29.5335 ], [ -105.0198, 30.0595 ], [ -104.7194, 28.5262 ], [ -107.2273, 28.0076 ], [ -107.562, 29.5335 ] ] ] } },
{ "type": "Feature", "properties": { "frame_id": 12910, "rollout": "P1", "region_name": "Texas", "orbit_pass": "ASCENDING" }, "geometry": { "type": "Polygon", "coordinates": [ [ [ -107.857, 30.8641 ], [ -105.2794, 31.3878 ], [ -104.9796, 29.8547 ], [ -107.5187, 29.3387 ], [ -107.857, 30.8641 ] ] ] } },
{ "type": "Feature", "properties": { "frame_id": 12911, "rollout": "P1", "region_name": "Texas", "orbit_pass": "ASCENDING" }, "geometry": { "type": "Polygon", "coordinates": [ [ [ -108.1557, 32.1942 ], [ -105.5402, 32.7159 ], [ -105.239, 31.1831 ], [ -107.8132, 30.6693 ], [ -108.1557, 32.1942 ] ] ] } },
{ "type": "Feature", "properties": { "frame_id": 12912, "rollout": "P1", "region_name": "New Mexico", "orbit_pass": "ASCENDING" }, "geometry": { "type": "Polygon", "coordinates": [ [ [ -108.4583, 33.5238 ], [ -105.8023, 34.0435 ], [ -105.4996, 32.511 ], [ -108.1112, 31.9994 ], [ -108.4583, 33.5238 ] ] ] } },
{ "type": "Feature", "properties": { "frame_id": 12913, "rollout": "P1", "region_name": "New Mexico", "orbit_pass": "ASCENDING" }, "geometry": { "type": "Polygon", "coordinates": [ [ [ -108.7651, 34.8529 ], [ -106.0669, 35.3706 ], [ -105.7615, 33.8387 ], [ -108.4132, 33.3291 ], [ -108.7651, 34.8529 ] ] ] } },
{ "type": "Feature", "properties": { "frame_id": 14877, "rollout": "P1", "region_name": "Arizona", "orbit_pass": "DESCENDING" }, "geometry": { "type": "Polygon", "coordinates": [ [ [ -109.1075, 32.776 ], [ -108.8042, 34.3083 ], [ -106.0856, 34.0198 ], [ -106.4346, 32.4958 ], [ -109.1075, 32.776 ] ] ] } },
{ "type": "Feature", "properties": { "frame_id": 14878, "rollout": "P1", "region_name": "New Mexico", "orbit_pass": "DESCENDING" }, "geometry": { "type": "Polygon", "coordinates": [ [ [ -109.3683, 31.4482 ], [ -109.0668, 32.9808 ], [ -106.3899, 32.6905 ], [ -106.7342, 31.1659 ], [ -109.3683, 31.4482 ] ] ] } },
{ "type": "Feature", "properties": { "frame_id": 14879, "rollout": "P1", "region_name": "Arizona", "orbit_pass": "DESCENDING" }, "geometry": { "type": "Polygon", "coordinates": [ [ [ -109.628, 30.12 ], [ -109.3279, 31.653 ], [ -106.6901, 31.3607 ], [ -107.0301, 29.8355 ], [ -109.628, 30.12 ] ] ] } },
{ "type": "Feature", "properties": { "frame_id": 14880, "rollout": "P1", "region_name": "Chihuahua", "orbit_pass": "DESCENDING" }, "geometry": { "type": "Polygon", "coordinates": [ [ [ -109.8869, 28.7914 ], [ -109.5878, 30.3248 ], [ -106.9866, 30.0303 ], [ -107.3228, 28.5047 ], [ -109.8869, 28.7914 ] ] ] } },
{ "type": "Feature", "properties": { "frame_id": 14881, "rollout": "P1", "region_name": "Chihuahua", "orbit_pass": "DESCENDING" }, "geometry": { "type": "Polygon", "coordinates": [ [ [ -110.1448, 27.4625 ], [ -109.8468, 28.9962 ], [ -107.2797, 28.6995 ], [ -107.615, 27.1738 ], [ -110.1448, 27.4625 ] ] ] } },
{ "type": "Feature", "properties": { "frame_id": 14882, "rollout": "P1", "region_name": "Sonora", "orbit_pass": "DESCENDING" }, "geometry": { "type": "Polygon", "coordinates": [ [ [ -110.4035, 26.1335 ], [ -110.1049, 27.6673 ], [ -107.5724, 27.3687 ], [ -107.9018, 25.8421 ], [ -110.4035, 26.1335 ] ] ] } },
{ "type": "Feature", "properties": { "frame_id": 14883, "rollout": "P1", "region_name": "Baja California Sur", "orbit_pass": "DESCENDING" }, "geometry": { "type": "Polygon", "coordinates": [ [ [ -110.6604, 24.8039 ], [ -110.3637, 26.3382 ], [ -107.8597, 26.0369 ], [ -108.1864, 24.51 ], [ -110.6604, 24.8039 ] ] ] } },
{ "type": "Feature", "properties": { "frame_id": 14884, "rollout": "P1", "region_name": "Baja California Sur", "orbit_pass": "DESCENDING" }, "geometry": { "type": "Polygon", "coordinates": [ [ [ -110.9171, 23.4741 ], [ -110.6207, 25.0087 ], [ -108.1446, 24.7048 ], [ -108.4689, 23.1775 ], [ -110.9171, 23.4741 ] ] ] } },
{ "type": "Feature", "properties": { "frame_id": 16668, "rollout": "P1", "region_name": "Louisiana", "orbit_pass": "ASCENDING" }, "geometry": { "type": "Polygon", "coordinates": [ [ [ -93.2024, 29.7054 ], [ -90.6532, 30.2316 ], [ -90.3543, 28.6982 ], [ -92.8645, 28.1801 ], [ -93.2024, 29.7054 ] ] ] } },
{ "type": "Feature", "properties": { "frame_id": 16669, "rollout": "P1", "region_name": "Louisiana", "orbit_pass": "ASCENDING" }, "geometry": { "type": "Polygon", "coordinates": [ [ [ -93.4979, 31.036 ], [ -90.9147, 31.5596 ], [ -90.613, 30.0268 ], [ -93.159, 29.5107 ], [ -93.4979, 31.036 ] ] ] } },
{ "type": "Feature", "properties": { "frame_id": 16670, "rollout": "P1", "region_name": "Louisiana", "orbit_pass": "ASCENDING" }, "geometry": { "type": "Polygon", "coordinates": [ [ [ -93.7971, 32.366 ], [ -91.1757, 32.8875 ], [ -90.8743, 31.3548 ], [ -93.454, 30.8412 ], [ -93.7971, 32.366 ] ] ] } },
{ "type": "Feature", "properties": { "frame_id": 16671, "rollout": "P1", "region_name": "Louisiana", "orbit_pass": "ASCENDING" }, "geometry": { "type": "Polygon", "coordinates": [ [ [ -94.1003, 33.6955 ], [ -91.4381, 34.2151 ], [ -91.135, 32.6827 ], [ -93.7526, 32.1712 ], [ -94.1003, 33.6955 ] ] ] } },
{ "type": "Feature", "properties": { "frame_id": 16672, "rollout": "P1", "region_name": "Texas", "orbit_pass": "ASCENDING" }, "geometry": { "type": "Polygon", "coordinates": [ [ [ -94.4078, 35.0244 ], [ -91.7029, 35.5421 ], [ -91.3972, 34.0103 ], [ -94.0551, 33.5007 ], [ -94.4078, 35.0244 ] ] ] } },
{ "type": "Feature", "properties": { "frame_id": 16673, "rollout": "P1", "region_name": "Oklahoma", "orbit_pass": "ASCENDING" }, "geometry": { "type": "Polygon", "coordinates": [ [ [ -94.7202, 36.3528 ], [ -91.9691, 36.8688 ], [ -91.6617, 35.3373 ], [ -94.3619, 34.8297 ], [ -94.7202, 36.3528 ] ] ] } },
{ "type": "Feature", "properties": { "frame_id": 16674, "rollout": "P1", "region_name": "Kansas", "orbit_pass": "ASCENDING" }, "geometry": { "type": "Polygon", "coordinates": [ [ [ -95.0379, 37.6805 ], [ -92.2375, 38.195 ], [ -91.9275, 36.6639 ], [ -94.6735, 36.1581 ], [ -95.0379, 37.6805 ] ] ] } },
{ "type": "Feature", "properties": { "frame_id": 16675, "rollout": "P1", "region_name": "Kansas", "orbit_pass": "ASCENDING" }, "geometry": { "type": "Polygon", "coordinates": [ [ [ -95.3615, 39.0077 ], [ -92.5086, 39.5208 ], [ -92.1955, 37.9902 ], [ -94.9903, 37.4859 ], [ -95.3615, 39.0077 ] ] ] } },
{ "type": "Feature", "properties": { "frame_id": 16936, "rollout": "P1", "region_name": "Baja California", "orbit_pass": "ASCENDING" }, "geometry": { "type": "Polygon", "coordinates": [ [ [ -117.7386, 29.0483 ], [ -115.2096, 29.575 ], [ -114.9111, 28.0414 ], [ -117.4051, 27.5222 ], [ -117.7386, 29.0483 ] ] ] } },
{ "type": "Feature", "properties": { "frame_id": 16937, "rollout": "P1", "region_name": "Baja California", "orbit_pass": "ASCENDING" }, "geometry": { "type": "Polygon", "coordinates": [ [ [ -118.0323, 30.3791 ], [ -115.4688, 30.9035 ], [ -115.1694, 29.3702 ], [ -117.6954, 28.8535 ], [ -118.0323, 30.3791 ] ] ] } },
{ "type": "Feature", "properties": { "frame_id": 18635, "rollout": "P1", "region_name": "Oklahoma", "orbit_pass": "DESCENDING" }, "geometry": { "type": "Polygon", "coordinates": [ [ [ -94.4798, 33.931 ], [ -94.1742, 35.4628 ], [ -91.4182, 35.1761 ], [ -91.7715, 33.6525 ], [ -94.4798, 33.931 ] ] ] } },
{ "type": "Feature", "properties": { "frame_id": 18636, "rollout": "P1", "region_name": "Louisiana", "orbit_pass": "DESCENDING" }, "geometry": { "type": "Polygon", "coordinates": [ [ [ -94.7418, 32.6035 ], [ -94.4389, 34.1358 ], [ -91.7262, 33.8472 ], [ -92.0744, 32.3231 ], [ -94.7418, 32.6035 ] ] ] } },
{ "type": "Feature", "properties": { "frame_id": 18637, "rollout": "P1", "region_name": "Louisiana", "orbit_pass": "DESCENDING" }, "geometry": { "type": "Polygon", "coordinates": [ [ [ -95.0024, 31.2756 ], [ -94.7011, 32.8083 ], [ -92.0298, 32.5178 ], [ -92.3734, 30.9931 ], [ -95.0024, 31.2756 ] ] ] } },
{ "type": "Feature", "properties": { "frame_id": 18638, "rollout": "P1", "region_name": "Louisiana", "orbit_pass": "DESCENDING" }, "geometry": { "type": "Polygon", "coordinates": [ [ [ -95.2619, 29.9473 ], [ -94.962, 31.4804 ], [ -92.3294, 31.1879 ], [ -92.6688, 29.6627 ], [ -95.2619, 29.9473 ] ] ] } },
{ "type": "Feature", "properties": { "frame_id": 18639, "rollout": "P1", "region_name": "Louisiana", "orbit_pass": "DESCENDING" }, "geometry": { "type": "Polygon", "coordinates": [ [ [ -95.5206, 28.6187 ], [ -95.2217, 30.1521 ], [ -92.6253, 29.8575 ], [ -92.961, 28.3317 ], [ -95.5206, 28.6187 ] ] ] } },
{ "type": "Feature", "properties": { "frame_id": 18907, "rollout": "P1", "region_name": "Baja California", "orbit_pass": "DESCENDING" }, "geometry": { "type": "Polygon", "coordinates": [ [ [ -120.0793, 29.2778 ], [ -119.7799, 30.811 ], [ -117.1664, 30.5175 ], [ -117.5038, 28.992 ], [ -120.0793, 29.2778 ] ] ] } },
{ "type": "Feature", "properties": { "frame_id": 18908, "rollout": "P1", "region_name": "Baja California", "orbit_pass": "DESCENDING" }, "geometry": { "type": "Polygon", "coordinates": [ [ [ -120.3374, 27.9489 ], [ -120.0392, 29.4825 ], [ -117.4606, 29.1868 ], [ -117.7944, 27.6609 ], [ -120.3374, 27.9489 ] ] ] } },
{ "type": "Feature", "properties": { "frame_id": 20692, "rollout": "P1", "region_name": "Coahuila", "orbit_pass": "ASCENDING" }, "geometry": { "type": "Polygon", "coordinates": [ [ [ -102.5122, 25.2226 ], [ -100.07, 25.7566 ], [ -99.7723, 24.2224 ], [ -102.187, 23.6954 ], [ -102.5122, 25.2226 ] ] ] } },
{ "type": "Feature", "properties": { "frame_id": 20693, "rollout": "P1", "region_name": "Coahuila", "orbit_pass": "ASCENDING" }, "geometry": { "type": "Polygon", "coordinates": [ [ [ -102.7981, 26.5546 ], [ -100.3272, 27.0861 ], [ -100.0303, 25.5519 ], [ -102.4703, 25.0278 ], [ -102.7981, 26.5546 ] ] ] } },
{ "type": "Feature", "properties": { "frame_id": 20694, "rollout": "P1", "region_name": "Coahuila", "orbit_pass": "ASCENDING" }, "geometry": { "type": "Polygon", "coordinates": [ [ [ -103.0864, 27.8863 ], [ -100.5848, 28.4152 ], [ -100.2873, 26.8813 ], [ -102.7557, 26.3598 ], [ -103.0864, 27.8863 ] ] ] } },
{ "type": "Feature", "properties": { "frame_id": 20695, "rollout": "P1", "region_name": "Chihuahua", "orbit_pass": "ASCENDING" }, "geometry": { "type": "Polygon", "coordinates": [ [ [ -103.3775, 29.2174 ], [ -100.8434, 29.744 ], [ -100.5448, 28.2104 ], [ -103.0437, 27.6914 ], [ -103.3775, 29.2174 ] ] ] } },
{ "type": "Feature", "properties": { "frame_id": 20696, "rollout": "P1", "region_name": "Chihuahua", "orbit_pass": "ASCENDING" }, "geometry": { "type": "Polygon", "coordinates": [ [ [ -103.6717, 30.5482 ], [ -101.1027, 31.0724 ], [ -100.8032, 29.5392 ], [ -103.3343, 29.0226 ], [ -103.6717, 30.5482 ] ] ] } },
{ "type": "Feature", "properties": { "frame_id": 20697, "rollout": "P1", "region_name": "Texas", "orbit_pass": "ASCENDING" }, "geometry": { "type": "Polygon", "coordinates": [ [ [ -103.9694, 31.8784 ], [ -101.3631, 32.4005 ], [ -101.0624, 30.8676 ], [ -103.628, 30.3534 ], [ -103.9694, 31.8784 ] ] ] } },
{ "type": "Feature", "properties": { "frame_id": 20698, "rollout": "P1", "region_name": "New Mexico", "orbit_pass": "ASCENDING" }, "geometry": { "type": "Polygon", "coordinates": [ [ [ -104.271, 33.2081 ], [ -101.6248, 33.7282 ], [ -101.3225, 32.1957 ], [ -103.9251, 31.6836 ], [ -104.271, 33.2081 ] ] ] } },
{ "type": "Feature", "properties": { "frame_id": 20699, "rollout": "P1", "region_name": "New Mexico", "orbit_pass": "ASCENDING" }, "geometry": { "type": "Polygon", "coordinates": [ [ [ -104.5767, 34.5373 ], [ -101.8889, 35.0554 ], [ -101.584, 33.5234 ], [ -104.226, 33.0134 ], [ -104.5767, 34.5373 ] ] ] } },
{ "type": "Feature", "properties": { "frame_id": 20700, "rollout": "P1", "region_name": "New Mexico", "orbit_pass": "ASCENDING" }, "geometry": { "type": "Polygon", "coordinates": [ [ [ -104.8871, 35.8659 ], [ -102.1542, 36.3823 ], [ -101.8478, 34.8506 ], [ -104.531, 34.3426 ], [ -104.8871, 35.8659 ] ] ] } },
{ "type": "Feature", "properties": { "frame_id": 20701, "rollout": "P1", "region_name": "Oklahoma", "orbit_pass": "ASCENDING" }, "geometry": { "type": "Polygon", "coordinates": [ [ [ -105.2026, 37.1939 ], [ -102.4217, 37.7087 ], [ -102.1128, 36.1774 ], [ -104.8406, 35.6712 ], [ -105.2026, 37.1939 ] ] ] } },
{ "type": "Feature", "properties": { "frame_id": 20702, "rollout": "P1", "region_name": "Colorado", "orbit_pass": "ASCENDING" }, "geometry": { "type": "Polygon", "coordinates": [ [ [ -105.5239, 38.5213 ], [ -102.6916, 39.0347 ], [ -102.3798, 37.5039 ], [ -105.1554, 36.9993 ], [ -105.5239, 38.5213 ] ] ] } },
{ "type": "Feature", "properties": { "frame_id": 22660, "rollout": "P1", "region_name": "Oklahoma", "orbit_pass": "DESCENDING" }, "geometry": { "type": "Polygon", "coordinates": [ [ [ -104.1365, 37.072 ], [ -103.8256, 38.6029 ], [ -100.9524, 38.3195 ], [ -101.3201, 36.7974 ], [ -104.1365, 37.072 ] ] ] } },
{ "type": "Feature", "properties": { "frame_id": 22661, "rollout": "P1", "region_name": "Kansas", "orbit_pass": "DESCENDING" }, "geometry": { "type": "Polygon", "coordinates": [ [ [ -104.403, 35.7455 ], [ -104.0948, 37.2769 ], [ -101.2729, 36.9921 ], [ -101.6343, 35.4694 ], [ -104.403, 35.7455 ] ] ] } },
{ "type": "Feature", "properties": { "frame_id": 22662, "rollout": "P1", "region_name": "New Mexico", "orbit_pass": "DESCENDING" }, "geometry": { "type": "Polygon", "coordinates": [ [ [ -104.6681, 34.4187 ], [ -104.3616, 35.9504 ], [ -101.588, 35.6641 ], [ -101.9434, 34.1408 ], [ -104.6681, 34.4187 ] ] ] } },
{ "type": "Feature", "properties": { "frame_id": 22663, "rollout": "P1", "region_name": "New Mexico", "orbit_pass": "DESCENDING" }, "geometry": { "type": "Polygon", "coordinates": [ [ [ -104.9307, 33.0913 ], [ -104.627, 34.6235 ], [ -101.8979, 34.3355 ], [ -102.248, 32.8115 ], [ -104.9307, 33.0913 ] ] ] } },
{ "type": "Feature", "properties": { "frame_id": 22664, "rollout": "P1", "region_name": "New Mexico", "orbit_pass": "DESCENDING" }, "geometry": { "type": "Polygon", "coordinates": [ [ [ -105.1919, 31.7636 ], [ -104.89, 33.2961 ], [ -102.2032, 33.0063 ], [ -102.5485, 31.4818 ], [ -105.1919, 31.7636 ] ] ] } },
{ "type": "Feature", "properties": { "frame_id": 22665, "rollout": "P1", "region_name": "Chihuahua", "orbit_pass": "DESCENDING" }, "geometry": { "type": "Polygon", "coordinates": [ [ [ -105.4518, 30.4355 ], [ -105.1514, 31.9684 ], [ -102.5075, 31.6771 ], [ -102.8483, 30.152 ], [ -105.4518, 30.4355 ] ] ] } },
{ "type": "Feature", "properties": { "frame_id": 22666, "rollout": "P1", "region_name": "Coahuila", "orbit_pass": "DESCENDING" }, "geometry": { "type": "Polygon", "coordinates": [ [ [ -105.7126, 29.1072 ], [ -105.4133, 30.6405 ], [ -102.8046, 30.3468 ], [ -103.1415, 28.8213 ], [ -105.7126, 29.1072 ] ] ] } },
{ "type": "Feature", "properties": { "frame_id": 22667, "rollout": "P1", "region_name": "Chihuahua", "orbit_pass": "DESCENDING" }, "geometry": { "type": "Polygon", "coordinates": [ [ [ -105.9705, 27.7784 ], [ -105.6725, 29.312 ], [ -103.0983, 29.0161 ], [ -103.4316, 27.4901 ], [ -105.9705, 27.7784 ] ] ] } },
{ "type": "Feature", "properties": { "frame_id": 22668, "rollout": "P1", "region_name": "Chihuahua", "orbit_pass": "DESCENDING" }, "geometry": { "type": "Polygon", "coordinates": [ [ [ -106.2278, 26.4492 ], [ -105.9305, 27.9831 ], [ -103.389, 27.6849 ], [ -103.7191, 26.1584 ], [ -106.2278, 26.4492 ] ] ] } },
{ "type": "Feature", "properties": { "frame_id": 22669, "rollout": "P1", "region_name": "Chihuahua", "orbit_pass": "DESCENDING" }, "geometry": { "type": "Polygon", "coordinates": [ [ [ -106.4848, 25.1197 ], [ -106.188, 26.6539 ], [ -103.6769, 26.3532 ], [ -104.0042, 24.8264 ], [ -106.4848, 25.1197 ] ] ] } },
{ "type": "Feature", "properties": { "frame_id": 24455, "rollout": "P1", "region_name": "Louisiana", "orbit_pass": "ASCENDING" }, "geometry": { "type": "Polygon", "coordinates": [ [ [ -89.3122, 30.7202 ], [ -86.7379, 31.2443 ], [ -86.4382, 29.7112 ], [ -88.9742, 29.1948 ], [ -89.3122, 30.7202 ] ] ] } },
{ "type": "Feature", "properties": { "frame_id": 24718, "rollout": "P1", "region_name": "Baja California Sur", "orbit_pass": "ASCENDING" }, "geometry": { "type": "Polygon", "coordinates": [ [ [ -112.4086, 23.4042 ], [ -110.0034, 23.9416 ], [ -109.7071, 22.4068 ], [ -112.0865, 21.8764 ], [ -112.4086, 23.4042 ] ] ] } },
{ "type": "Feature", "properties": { "frame_id": 24719, "rollout": "P1", "region_name": "Baja California Sur", "orbit_pass": "ASCENDING" }, "geometry": { "type": "Polygon", "coordinates": [ [ [ -112.6914, 24.7368 ], [ -110.2602, 25.2715 ], [ -109.9637, 23.7369 ], [ -112.3672, 23.2093 ], [ -112.6914, 24.7368 ] ] ] } },
{ "type": "Feature", "properties": { "frame_id": 24720, "rollout": "P1", "region_name": "Baja California Sur", "orbit_pass": "ASCENDING" }, "geometry": { "type": "Polygon", "coordinates": [ [ [ -112.9763, 26.069 ], [ -110.5171, 26.6011 ], [ -110.2204, 25.0668 ], [ -112.6496, 24.5419 ], [ -112.9763, 26.069 ] ] ] } },
{ "type": "Feature", "properties": { "frame_id": 24722, "rollout": "P1", "region_name": "Baja California Sur", "orbit_pass": "ASCENDING" }, "geometry": { "type": "Polygon", "coordinates": [ [ [ -113.5536, 28.7322 ], [ -111.0327, 29.2594 ], [ -110.7346, 27.7256 ], [ -113.2211, 27.206 ], [ -113.5536, 28.7322 ] ] ] } },
{ "type": "Feature", "properties": { "frame_id": 24723, "rollout": "P1", "region_name": "Baja California", "orbit_pass": "ASCENDING" }, "geometry": { "type": "Polygon", "coordinates": [ [ [ -113.8466, 30.0631 ], [ -111.2916, 30.588 ], [ -110.9926, 29.0546 ], [ -113.5106, 28.5373 ], [ -113.8466, 30.0631 ] ] ] } },
{ "type": "Feature", "properties": { "frame_id": 24724, "rollout": "P1", "region_name": "Arizona", "orbit_pass": "ASCENDING" }, "geometry": { "type": "Polygon", "coordinates": [ [ [ -114.1429, 31.3936 ], [ -111.5515, 31.9162 ], [ -111.2514, 30.3832 ], [ -113.803, 29.8683 ], [ -114.1429, 31.3936 ] ] ] } },
{ "type": "Feature", "properties": { "frame_id": 24725, "rollout": "P1", "region_name": "Arizona", "orbit_pass": "ASCENDING" }, "geometry": { "type": "Polygon", "coordinates": [ [ [ -114.4429, 32.7235 ], [ -111.8127, 33.2441 ], [ -111.5111, 31.7114 ], [ -114.0988, 31.1988 ], [ -114.4429, 32.7235 ] ] ] } },
{ "type": "Feature", "properties": { "frame_id": 26424, "rollout": "P1", "region_name": "Louisiana", "orbit_pass": "DESCENDING" }, "geometry": { "type": "Polygon", "coordinates": [ [ [ -91.0859, 30.2606 ], [ -90.7857, 31.7936 ], [ -88.144, 31.5016 ], [ -88.4844, 29.9765 ], [ -91.0859, 30.2606 ] ] ] } },
{ "type": "Feature", "properties": { "frame_id": 26425, "rollout": "P1", "region_name": "Louisiana", "orbit_pass": "DESCENDING" }, "geometry": { "type": "Polygon", "coordinates": [ [ [ -91.3448, 28.9321 ], [ -91.0457, 30.4654 ], [ -88.4408, 30.1713 ], [ -88.7801, 28.6462 ], [ -91.3448, 28.9321 ] ] ] } },
{ "type": "Feature", "properties": { "frame_id": 26426, "rollout": "P1", "region_name": "Louisiana", "orbit_pass": "DESCENDING" }, "geometry": { "type": "Polygon", "coordinates": [ [ [ -91.6043, 27.6034 ], [ -91.3047, 29.1369 ], [ -88.737, 28.841 ], [ -89.0698, 27.3149 ], [ -91.6043, 27.6034 ] ] ] } },
{ "type": "Feature", "properties": { "frame_id": 26692, "rollout": "P1", "region_name": "Arizona", "orbit_pass": "DESCENDING" }, "geometry": { "type": "Polygon", "coordinates": [ [ [ -115.6439, 30.9205 ], [ -115.3431, 32.4533 ], [ -112.6826, 32.1623 ], [ -113.025, 30.6375 ], [ -115.6439, 30.9205 ] ] ] } },
{ "type": "Feature", "properties": { "frame_id": 26693, "rollout": "P1", "region_name": "Sonora", "orbit_pass": "DESCENDING" }, "geometry": { "type": "Polygon", "coordinates": [ [ [ -115.9034, 29.5921 ], [ -115.6036, 31.1253 ], [ -112.9811, 30.8323 ], [ -113.3195, 29.3069 ], [ -115.9034, 29.5921 ] ] ] } },
{ "type": "Feature", "properties": { "frame_id": 26694, "rollout": "P1", "region_name": "Baja California", "orbit_pass": "DESCENDING" }, "geometry": { "type": "Polygon", "coordinates": [ [ [ -116.1616, 28.2634 ], [ -115.8632, 29.7969 ], [ -113.2762, 29.5017 ], [ -113.6108, 27.9759 ], [ -116.1616, 28.2634 ] ] ] } },
{ "type": "Feature", "properties": { "frame_id": 26695, "rollout": "P1", "region_name": "Baja California", "orbit_pass": "DESCENDING" }, "geometry": { "type": "Polygon", "coordinates": [ [ [ -116.4192, 26.9343 ], [ -116.1216, 28.4682 ], [ -113.568, 28.1707 ], [ -113.8994, 26.6444 ], [ -116.4192, 26.9343 ] ] ] } },
{ "type": "Feature", "properties": { "frame_id": 28479, "rollout": "P1", "region_name": "Texas", "orbit_pass": "ASCENDING" }, "geometry": { "type": "Polygon", "coordinates": [ [ [ -98.616, 26.2406 ], [ -96.152, 26.7726 ], [ -95.8553, 25.2384 ], [ -98.2889, 24.7137 ], [ -98.616, 26.2406 ] ] ] } },
{ "type": "Feature", "properties": { "frame_id": 28480, "rollout": "P1", "region_name": "Texas", "orbit_pass": "ASCENDING" }, "geometry": { "type": "Polygon", "coordinates": [ [ [ -98.9037, 27.5723 ], [ -96.4095, 28.1018 ], [ -96.1122, 26.5678 ], [ -98.5738, 26.0458 ], [ -98.9037, 27.5723 ] ] ] } },
{ "type": "Feature", "properties": { "frame_id": 28481, "rollout": "P1", "region_name": "Texas", "orbit_pass": "ASCENDING" }, "geometry": { "type": "Polygon", "coordinates": [ [ [ -99.1941, 28.9036 ], [ -96.6678, 29.4306 ], [ -96.3696, 27.897 ], [ -98.861, 27.3775 ], [ -99.1941, 28.9036 ] ] ] } },
{ "type": "Feature", "properties": { "frame_id": 28482, "rollout": "P1", "region_name": "Texas", "orbit_pass": "ASCENDING" }, "geometry": { "type": "Polygon", "coordinates": [ [ [ -99.4874, 30.2344 ], [ -96.9269, 30.7592 ], [ -96.6277, 29.2259 ], [ -99.151, 28.7088 ], [ -99.4874, 30.2344 ] ] ] } },
{ "type": "Feature", "properties": { "frame_id": 28483, "rollout": "P1", "region_name": "Texas", "orbit_pass": "ASCENDING" }, "geometry": { "type": "Polygon", "coordinates": [ [ [ -99.7842, 31.5647 ], [ -97.187, 32.0873 ], [ -96.8866, 30.5544 ], [ -99.4438, 30.0396 ], [ -99.7842, 31.5647 ] ] ] } },
{ "type": "Feature", "properties": { "frame_id": 28484, "rollout": "P1", "region_name": "Texas", "orbit_pass": "ASCENDING" }, "geometry": { "type": "Polygon", "coordinates": [ [ [ -100.0848, 32.8946 ], [ -97.4484, 33.4151 ], [ -97.1465, 31.8825 ], [ -99.7401, 31.37 ], [ -100.0848, 32.8946 ] ] ] } },
{ "type": "Feature", "properties": { "frame_id": 28485, "rollout": "P1", "region_name": "Oklahoma", "orbit_pass": "ASCENDING" }, "geometry": { "type": "Polygon", "coordinates": [ [ [ -100.3894, 34.2239 ], [ -97.712, 34.7424 ], [ -97.4076, 33.2103 ], [ -100.04, 32.6998 ], [ -100.3894, 34.2239 ] ] ] } },
{ "type": "Feature", "properties": { "frame_id": 28486, "rollout": "P1", "region_name": "Oklahoma", "orbit_pass": "ASCENDING" }, "geometry": { "type": "Polygon", "coordinates": [ [ [ -100.6986, 35.5526 ], [ -97.9768, 36.0693 ], [ -97.6709, 34.5376 ], [ -100.3439, 34.0291 ], [ -100.6986, 35.5526 ] ] ] } },
{ "type": "Feature", "properties": { "frame_id": 28487, "rollout": "P1", "region_name": "Kansas", "orbit_pass": "ASCENDING" }, "geometry": { "type": "Polygon", "coordinates": [ [ [ -101.017, 36.8801 ], [ -98.2437, 37.3959 ], [ -97.9354, 35.8645 ], [ -100.6524, 35.3579 ], [ -101.017, 36.8801 ] ] ] } },
{ "type": "Feature", "properties": { "frame_id": 28488, "rollout": "P1", "region_name": "Kansas", "orbit_pass": "ASCENDING" }, "geometry": { "type": "Polygon", "coordinates": [ [ [ -101.337, 38.2076 ], [ -98.5155, 38.7216 ], [ -98.2019, 37.191 ], [ -100.9699, 36.6855 ], [ -101.337, 38.2076 ] ] ] } },
{ "type": "Feature", "properties": { "frame_id": 30452, "rollout": "P1", "region_name": "Coahuila", "orbit_pass": "DESCENDING" }, "geometry": { "type": "Polygon", "coordinates": [ [ [ -101.5371, 29.4202 ], [ -101.2375, 30.9534 ], [ -98.62, 30.6602 ], [ -98.9578, 29.1348 ], [ -101.5371, 29.4202 ] ] ] } },
{ "type": "Feature", "properties": { "frame_id": 30453, "rollout": "P1", "region_name": "Coahuila", "orbit_pass": "DESCENDING" }, "geometry": { "type": "Polygon", "coordinates": [ [ [ -101.7952, 28.0914 ], [ -101.4969, 29.625 ], [ -98.9146, 29.3296 ], [ -99.2487, 27.8037 ], [ -101.7952, 28.0914 ] ] ] } },
{ "type": "Feature", "properties": { "frame_id": 30454, "rollout": "P1", "region_name": "Coahuila", "orbit_pass": "DESCENDING" }, "geometry": { "type": "Polygon", "coordinates": [ [ [ -102.0526, 26.7623 ], [ -101.7552, 28.2962 ], [ -99.2059, 27.9985 ], [ -99.5368, 26.4721 ], [ -102.0526, 26.7623 ] ] ] } },
{ "type": "Feature", "properties": { "frame_id": 30455, "rollout": "P1", "region_name": "Coahuila", "orbit_pass": "DESCENDING" }, "geometry": { "type": "Polygon", "coordinates": [ [ [ -102.3097, 25.4329 ], [ -102.0128, 26.9671 ], [ -99.4945, 26.6669 ], [ -99.8225, 25.1402 ], [ -102.3097, 25.4329 ] ] ] } },
{ "type": "Feature", "properties": { "frame_id": 30456, "rollout": "P1", "region_name": "Coahuila", "orbit_pass": "DESCENDING" }, "geometry": { "type": "Polygon", "coordinates": [ [ [ -102.5664, 24.1032 ], [ -102.2699, 25.6376 ], [ -99.7805, 25.335 ], [ -100.106, 23.8079 ], [ -102.5664, 24.1032 ] ] ] } },
{ "type": "Feature", "properties": { "frame_id": 32506, "rollout": "P1", "region_name": "Chihuahua", "orbit_pass": "ASCENDING" }, "geometry": { "type": "Polygon", "coordinates": [ [ [ -108.7944, 25.754 ], [ -106.3419, 26.2868 ], [ -106.0454, 24.7524 ], [ -108.4684, 24.2269 ], [ -108.7944, 25.754 ] ] ] } },
{ "type": "Feature", "properties": { "frame_id": 32507, "rollout": "P1", "region_name": "Chihuahua", "orbit_pass": "ASCENDING" }, "geometry": { "type": "Polygon", "coordinates": [ [ [ -109.0811, 27.0859 ], [ -106.5992, 27.6161 ], [ -106.3021, 26.082 ], [ -108.7524, 25.5592 ], [ -109.0811, 27.0859 ] ] ] } },
{ "type": "Feature", "properties": { "frame_id": 32508, "rollout": "P1", "region_name": "Chihuahua", "orbit_pass": "ASCENDING" }, "geometry": { "type": "Polygon", "coordinates": [ [ [ -109.3703, 28.4174 ], [ -106.8572, 28.9452 ], [ -106.5593, 27.4114 ], [ -109.0386, 26.8911 ], [ -109.3703, 28.4174 ] ] ] } },
{ "type": "Feature", "properties": { "frame_id": 32509, "rollout": "P1", "region_name": "Chihuahua", "orbit_pass": "ASCENDING" }, "geometry": { "type": "Polygon", "coordinates": [ [ [ -109.6625, 29.7485 ], [ -107.1158, 30.2738 ], [ -106.817, 28.7404 ], [ -109.3274, 28.2226 ], [ -109.6625, 29.7485 ] ] ] } },
{ "type": "Feature", "properties": { "frame_id": 32510, "rollout": "P1", "region_name": "Chihuahua", "orbit_pass": "ASCENDING" }, "geometry": { "type": "Polygon", "coordinates": [ [ [ -109.961, 31.0785 ], [ -107.3754, 31.6022 ], [ -107.0756, 30.0691 ], [ -109.622, 29.5532 ], [ -109.961, 31.0785 ] ] ] } },
{ "type": "Feature", "properties": { "frame_id": 32511, "rollout": "P1", "region_name": "Arizona", "orbit_pass": "ASCENDING" }, "geometry": { "type": "Polygon", "coordinates": [ [ [ -110.2602, 32.4085 ], [ -107.6383, 32.9299 ], [ -107.3369, 31.3971 ], [ -109.917, 30.8837 ], [ -110.2602, 32.4085 ] ] ] } },
{ "type": "Feature", "properties": { "frame_id": 32512, "rollout": "P1", "region_name": "Arizona", "orbit_pass": "ASCENDING" }, "geometry": { "type": "Polygon", "coordinates": [ [ [ -110.5635, 33.7381 ], [ -107.9007, 34.2574 ], [ -107.5976, 32.7251 ], [ -110.2157, 32.2138 ], [ -110.5635, 33.7381 ] ] ] } },
{ "type": "Feature", "properties": { "frame_id": 34477, "rollout": "P1", "region_name": "New Mexico", "orbit_pass": "DESCENDING" }, "geometry": { "type": "Polygon", "coordinates": [ [ [ -111.2071, 32.5615 ], [ -110.9042, 34.0938 ], [ -108.1928, 33.8051 ], [ -108.5409, 32.281 ], [ -111.2071, 32.5615 ] ] ] } },
{ "type": "Feature", "properties": { "frame_id": 34478, "rollout": "P1", "region_name": "Sonora", "orbit_pass": "DESCENDING" }, "geometry": { "type": "Polygon", "coordinates": [ [ [ -111.4677, 31.2336 ], [ -111.1665, 32.7663 ], [ -108.4963, 32.4757 ], [ -108.8398, 30.951 ], [ -111.4677, 31.2336 ] ] ] } },
{ "type": "Feature", "properties": { "frame_id": 34479, "rollout": "P1", "region_name": "Sonora", "orbit_pass": "DESCENDING" }, "geometry": { "type": "Polygon", "coordinates": [ [ [ -111.7272, 29.9053 ], [ -111.4273, 31.4384 ], [ -108.7958, 31.1458 ], [ -109.1351, 29.6206 ], [ -111.7272, 29.9053 ] ] ] } },
{ "type": "Feature", "properties": { "frame_id": 34480, "rollout": "P1", "region_name": "Sonora", "orbit_pass": "DESCENDING" }, "geometry": { "type": "Polygon", "coordinates": [ [ [ -111.9859, 28.5767 ], [ -111.687, 30.1101 ], [ -109.0917, 29.8153 ], [ -109.4272, 28.2896 ], [ -111.9859, 28.5767 ] ] ] } },
{ "type": "Feature", "properties": { "frame_id": 34481, "rollout": "P1", "region_name": "Sonora", "orbit_pass": "DESCENDING" }, "geometry": { "type": "Polygon", "coordinates": [ [ [ -112.2437, 27.2477 ], [ -111.9459, 28.7814 ], [ -109.3843, 28.4844 ], [ -109.7165, 26.9583 ], [ -112.2437, 27.2477 ] ] ] } },
{ "type": "Feature", "properties": { "frame_id": 34483, "rollout": "P1", "region_name": "Baja California Sur", "orbit_pass": "DESCENDING" }, "geometry": { "type": "Polygon", "coordinates": [ [ [ -112.7578, 24.5888 ], [ -112.4611, 26.1232 ], [ -109.961, 25.8213 ], [ -110.2895, 24.2947 ], [ -112.7578, 24.5888 ] ] ] } },
{ "type": "Feature", "properties": { "frame_id": 34484, "rollout": "P1", "region_name": "Baja California Sur", "orbit_pass": "DESCENDING" }, "geometry": { "type": "Polygon", "coordinates": [ [ [ -113.0157, 23.2591 ], [ -112.7181, 24.7935 ], [ -110.2478, 24.4895 ], [ -110.5716, 22.9621 ], [ -113.0157, 23.2591 ] ] ] } },
{ "type": "Feature", "properties": { "frame_id": 36268, "rollout": "P1", "region_name": "Texas", "orbit_pass": "ASCENDING" }, "geometry": { "type": "Polygon", "coordinates": [ [ [ -95.304, 29.9216 ], [ -92.7519, 30.4469 ], [ -92.453, 28.9135 ], [ -94.9684, 28.3958 ], [ -95.304, 29.9216 ] ] ] } },
{ "type": "Feature", "properties": { "frame_id": 36269, "rollout": "P1", "region_name": "Texas", "orbit_pass": "ASCENDING" }, "geometry": { "type": "Polygon", "coordinates": [ [ [ -95.5999, 31.252 ], [ -93.0117, 31.7751 ], [ -92.7117, 30.2421 ], [ -95.2605, 29.7268 ], [ -95.5999, 31.252 ] ] ] } },
{ "type": "Feature", "properties": { "frame_id": 36270, "rollout": "P1", "region_name": "Texas", "orbit_pass": "ASCENDING" }, "geometry": { "type": "Polygon", "coordinates": [ [ [ -95.9029, 32.5814 ], [ -93.2727, 33.103 ], [ -92.9712, 31.5703 ], [ -95.5559, 31.0573 ], [ -95.9029, 32.5814 ] ] ] } },
{ "type": "Feature", "properties": { "frame_id": 36271, "rollout": "P1", "region_name": "Oklahoma", "orbit_pass": "ASCENDING" }, "geometry": { "type": "Polygon", "coordinates": [ [ [ -96.2068, 33.9108 ], [ -93.5375, 34.4302 ], [ -93.232, 32.8982 ], [ -95.8582, 32.3867 ], [ -96.2068, 33.9108 ] ] ] } },
{ "type": "Feature", "properties": { "frame_id": 36272, "rollout": "P1", "region_name": "Texas", "orbit_pass": "ASCENDING" }, "geometry": { "type": "Polygon", "coordinates": [ [ [ -96.5151, 35.2397 ], [ -93.8026, 35.7571 ], [ -93.4965, 34.2253 ], [ -96.1615, 33.7161 ], [ -96.5151, 35.2397 ] ] ] } },
{ "type": "Feature", "properties": { "frame_id": 36273, "rollout": "P1", "region_name": "Oklahoma", "orbit_pass": "ASCENDING" }, "geometry": { "type": "Polygon", "coordinates": [ [ [ -96.8283, 36.5679 ], [ -94.0691, 37.0837 ], [ -93.7613, 35.5523 ], [ -96.469, 35.045 ], [ -96.8283, 36.5679 ] ] ] } },
{ "type": "Feature", "properties": { "frame_id": 36274, "rollout": "P1", "region_name": "Oklahoma", "orbit_pass": "ASCENDING" }, "geometry": { "type": "Polygon", "coordinates": [ [ [ -97.147, 37.8956 ], [ -94.3379, 38.4099 ], [ -94.0275, 36.8789 ], [ -96.7814, 36.3733 ], [ -97.147, 37.8956 ] ] ] } },
{ "type": "Feature", "properties": { "frame_id": 36275, "rollout": "P1", "region_name": "Kansas", "orbit_pass": "ASCENDING" }, "geometry": { "type": "Polygon", "coordinates": [ [ [ -97.4716, 39.2226 ], [ -94.6094, 39.7356 ], [ -94.2959, 38.205 ], [ -97.0992, 37.701 ], [ -97.4716, 39.2226 ] ] ] } },
{ "type": "Feature", "properties": { "frame_id": 36536, "rollout": "P1", "region_name": "Baja California", "orbit_pass": "ASCENDING" }, "geometry": { "type": "Polygon", "coordinates": [ [ [ -119.8432, 29.2643 ], [ -117.3085, 29.7906 ], [ -117.0099, 28.2571 ], [ -119.5092, 27.7383 ], [ -119.8432, 29.2643 ] ] ] } },
{ "type": "Feature", "properties": { "frame_id": 38232, "rollout": "P1", "region_name": "Kansas", "orbit_pass": "DESCENDING" }, "geometry": { "type": "Polygon", "coordinates": [ [ [ -95.783, 37.696 ], [ -95.4681, 39.2264 ], [ -92.5732, 38.9441 ], [ -92.944, 37.4223 ], [ -95.783, 37.696 ] ] ] } },
{ "type": "Feature", "properties": { "frame_id": 38233, "rollout": "P1", "region_name": "Oklahoma", "orbit_pass": "DESCENDING" }, "geometry": { "type": "Polygon", "coordinates": [ [ [ -96.0504, 36.3697 ], [ -95.7411, 37.9009 ], [ -92.8965, 37.617 ], [ -93.2605, 36.0945 ], [ -96.0504, 36.3697 ] ] ] } },
{ "type": "Feature", "properties": { "frame_id": 38234, "rollout": "P1", "region_name": "Oklahoma", "orbit_pass": "DESCENDING" }, "geometry": { "type": "Polygon", "coordinates": [ [ [ -96.3163, 35.0431 ], [ -96.0089, 36.5746 ], [ -93.2138, 36.2892 ], [ -93.5719, 34.7661 ], [ -96.3163, 35.0431 ] ] ] } },
{ "type": "Feature", "properties": { "frame_id": 38235, "rollout": "P1", "region_name": "Texas", "orbit_pass": "DESCENDING" }, "geometry": { "type": "Polygon", "coordinates": [ [ [ -96.5797, 33.7159 ], [ -96.2751, 35.2479 ], [ -93.526, 34.9609 ], [ -93.8784, 33.4372 ], [ -96.5797, 33.7159 ] ] ] } },
{ "type": "Feature", "properties": { "frame_id": 38236, "rollout": "P1", "region_name": "Texas", "orbit_pass": "DESCENDING" }, "geometry": { "type": "Polygon", "coordinates": [ [ [ -96.8414, 32.3883 ], [ -96.5388, 33.9207 ], [ -93.8333, 33.6319 ], [ -94.1807, 32.1076 ], [ -96.8414, 32.3883 ] ] ] } },
{ "type": "Feature", "properties": { "frame_id": 38237, "rollout": "P1", "region_name": "Texas", "orbit_pass": "DESCENDING" }, "geometry": { "type": "Polygon", "coordinates": [ [ [ -97.1018, 31.0603 ], [ -96.8008, 32.5931 ], [ -94.1361, 32.3024 ], [ -94.479, 30.7776 ], [ -97.1018, 31.0603 ] ] ] } },
{ "type": "Feature", "properties": { "frame_id": 38238, "rollout": "P1", "region_name": "Texas", "orbit_pass": "DESCENDING" }, "geometry": { "type": "Polygon", "coordinates": [ [ [ -97.3611, 29.732 ], [ -97.0615, 31.2652 ], [ -94.4351, 30.9724 ], [ -94.7738, 29.4471 ], [ -97.3611, 29.732 ] ] ] } },
{ "type": "Feature", "properties": { "frame_id": 38239, "rollout": "P1", "region_name": "Texas", "orbit_pass": "DESCENDING" }, "geometry": { "type": "Polygon", "coordinates": [ [ [ -97.6196, 28.4033 ], [ -97.3209, 29.9368 ], [ -94.7304, 29.6419 ], [ -95.0654, 28.1161 ], [ -97.6196, 28.4033 ] ] ] } },
{ "type": "Feature", "properties": { "frame_id": 38240, "rollout": "P1", "region_name": "Texas", "orbit_pass": "DESCENDING" }, "geometry": { "type": "Polygon", "coordinates": [ [ [ -97.8773, 27.0743 ], [ -97.5796, 28.6081 ], [ -95.0225, 28.3109 ], [ -95.3542, 26.7846 ], [ -97.8773, 27.0743 ] ] ] } },
{ "type": "Feature", "properties": { "frame_id": 38241, "rollout": "P1", "region_name": "Texas", "orbit_pass": "DESCENDING" }, "geometry": { "type": "Polygon", "coordinates": [ [ [ -98.1345, 25.745 ], [ -97.8374, 27.2791 ], [ -95.3118, 26.9795 ], [ -95.6405, 25.4528 ], [ -98.1345, 25.745 ] ] ] } },
{ "type": "Feature", "properties": { "frame_id": 38242, "rollout": "P1", "region_name": "Texas", "orbit_pass": "DESCENDING" }, "geometry": { "type": "Polygon", "coordinates": [ [ [ -98.3913, 24.4153 ], [ -98.0947, 25.9497 ], [ -95.5985, 25.6476 ], [ -95.9246, 24.1206 ], [ -98.3913, 24.4153 ] ] ] } },
{ "type": "Feature", "properties": { "frame_id": 40292, "rollout": "P1", "region_name": "Coahuila", "orbit_pass": "ASCENDING" }, "geometry": { "type": "Polygon", "coordinates": [ [ [ -104.6136, 25.4402 ], [ -102.1677, 25.9736 ], [ -101.8712, 24.4392 ], [ -104.2882, 23.913 ], [ -104.6136, 25.4402 ] ] ] } },
{ "type": "Feature", "properties": { "frame_id": 40293, "rollout": "P1", "region_name": "Coahuila", "orbit_pass": "ASCENDING" }, "geometry": { "type": "Polygon", "coordinates": [ [ [ -104.902, 26.7718 ], [ -102.4248, 27.303 ], [ -102.1279, 25.7689 ], [ -104.5716, 25.2454 ], [ -104.902, 26.7718 ] ] ] } },
{ "type": "Feature", "properties": { "frame_id": 40294, "rollout": "P1", "region_name": "Chihuahua", "orbit_pass": "ASCENDING" }, "geometry": { "type": "Polygon", "coordinates": [ [ [ -105.1909, 28.1033 ], [ -102.6841, 28.6319 ], [ -102.3849, 27.0983 ], [ -104.8597, 26.577 ], [ -105.1909, 28.1033 ] ] ] } },
{ "type": "Feature", "properties": { "frame_id": 40295, "rollout": "P1", "region_name": "Chihuahua", "orbit_pass": "ASCENDING" }, "geometry": { "type": "Polygon", "coordinates": [ [ [ -105.4825, 29.4344 ], [ -102.9428, 29.9606 ], [ -102.644, 28.4271 ], [ -105.1481, 27.9085 ], [ -105.4825, 29.4344 ] ] ] } },
{ "type": "Feature", "properties": { "frame_id": 40296, "rollout": "P1", "region_name": "Chihuahua", "orbit_pass": "ASCENDING" }, "geometry": { "type": "Polygon", "coordinates": [ [ [ -105.7773, 30.765 ], [ -103.2023, 31.289 ], [ -102.9026, 29.7558 ], [ -105.4392, 29.2396 ], [ -105.7773, 30.765 ] ] ] } },
{ "type": "Feature", "properties": { "frame_id": 40297, "rollout": "P1", "region_name": "Chihuahua", "orbit_pass": "ASCENDING" }, "geometry": { "type": "Polygon", "coordinates": [ [ [ -106.0756, 32.0952 ], [ -103.4629, 32.617 ], [ -103.1619, 31.0842 ], [ -105.7335, 30.5703 ], [ -106.0756, 32.0952 ] ] ] } },
{ "type": "Feature", "properties": { "frame_id": 40298, "rollout": "P1", "region_name": "New Mexico", "orbit_pass": "ASCENDING" }, "geometry": { "type": "Polygon", "coordinates": [ [ [ -106.3779, 33.4248 ], [ -103.7249, 33.9447 ], [ -103.4223, 32.4122 ], [ -106.0312, 31.9004 ], [ -106.3779, 33.4248 ] ] ] } },
{ "type": "Feature", "properties": { "frame_id": 40299, "rollout": "P1", "region_name": "New Mexico", "orbit_pass": "ASCENDING" }, "geometry": { "type": "Polygon", "coordinates": [ [ [ -106.6844, 34.7539 ], [ -103.9893, 35.2718 ], [ -103.6841, 33.7398 ], [ -106.3328, 33.2301 ], [ -106.6844, 34.7539 ] ] ] } },
{ "type": "Feature", "properties": { "frame_id": 42262, "rollout": "P1", "region_name": "New Mexico", "orbit_pass": "DESCENDING" }, "geometry": { "type": "Polygon", "coordinates": [ [ [ -106.768, 34.2016 ], [ -106.4619, 35.7334 ], [ -103.6961, 35.4468 ], [ -104.0506, 33.9234 ], [ -106.768, 34.2016 ] ] ] } },
{ "type": "Feature", "properties": { "frame_id": 42263, "rollout": "P1", "region_name": "New Mexico", "orbit_pass": "DESCENDING" }, "geometry": { "type": "Polygon", "coordinates": [ [ [ -107.0304, 32.8742 ], [ -106.727, 34.4065 ], [ -104.0052, 34.1181 ], [ -104.3545, 32.5941 ], [ -107.0304, 32.8742 ] ] ] } },
{ "type": "Feature", "properties": { "frame_id": 42264, "rollout": "P1", "region_name": "Texas", "orbit_pass": "DESCENDING" }, "geometry": { "type": "Polygon", "coordinates": [ [ [ -107.2914, 31.5464 ], [ -106.9897, 33.079 ], [ -104.3098, 32.7889 ], [ -104.6544, 31.2643 ], [ -107.2914, 31.5464 ] ] ] } },
{ "type": "Feature", "properties": { "frame_id": 42265, "rollout": "P1", "region_name": "Texas", "orbit_pass": "DESCENDING" }, "geometry": { "type": "Polygon", "coordinates": [ [ [ -107.5511, 30.2182 ], [ -107.2509, 31.7512 ], [ -104.6102, 31.459 ], [ -104.9506, 29.934 ], [ -107.5511, 30.2182 ] ] ] } },
{ "type": "Feature", "properties": { "frame_id": 42266, "rollout": "P1", "region_name": "Chihuahua", "orbit_pass": "DESCENDING" }, "geometry": { "type": "Polygon", "coordinates": [ [ [ -107.8101, 28.8897 ], [ -107.5109, 30.423 ], [ -104.907, 30.1287 ], [ -105.2462, 28.6036 ], [ -107.8101, 28.8897 ] ] ] } },
{ "type": "Feature", "properties": { "frame_id": 42267, "rollout": "P1", "region_name": "Chihuahua", "orbit_pass": "DESCENDING" }, "geometry": { "type": "Polygon", "coordinates": [ [ [ -108.0696, 27.561 ], [ -107.77, 29.0945 ], [ -105.2032, 28.7984 ], [ -105.5359, 27.2723 ], [ -108.0696, 27.561 ] ] ] } },
{ "type": "Feature", "properties": { "frame_id": 42268, "rollout": "P1", "region_name": "Chihuahua", "orbit_pass": "DESCENDING" }, "geometry": { "type": "Polygon", "coordinates": [ [ [ -108.3268, 26.2318 ], [ -108.0296, 27.7658 ], [ -105.4933, 27.4671 ], [ -105.823, 25.9406 ], [ -108.3268, 26.2318 ] ] ] } },
{ "type": "Feature", "properties": { "frame_id": 42269, "rollout": "P1", "region_name": "Chihuahua", "orbit_pass": "DESCENDING" }, "geometry": { "type": "Polygon", "coordinates": [ [ [ -108.5837, 24.9023 ], [ -108.287, 26.4366 ], [ -105.7808, 26.1354 ], [ -106.1077, 24.6085 ], [ -108.5837, 24.9023 ] ] ] } },
{ "type": "Feature", "properties": { "frame_id": 44054, "rollout": "P1", "region_name": "Louisiana", "orbit_pass": "ASCENDING" }, "geometry": { "type": "Polygon", "coordinates": [ [ [ -91.1236, 29.6082 ], [ -88.5787, 30.1343 ], [ -88.2782, 28.6011 ], [ -90.7886, 28.0824 ], [ -91.1236, 29.6082 ] ] ] } },
{ "type": "Feature", "properties": { "frame_id": 44055, "rollout": "P1", "region_name": "Louisiana", "orbit_pass": "ASCENDING" }, "geometry": { "type": "Polygon", "coordinates": [ [ [ -91.4189, 30.9388 ], [ -88.8384, 31.4626 ], [ -88.5385, 29.9295 ], [ -91.0802, 29.4134 ], [ -91.4189, 30.9388 ] ] ] } },
{ "type": "Feature", "properties": { "frame_id": 44056, "rollout": "P1", "region_name": "Louisiana", "orbit_pass": "ASCENDING" }, "geometry": { "type": "Polygon", "coordinates": [ [ [ -91.7178, 32.2688 ], [ -89.0993, 32.7905 ], [ -88.798, 31.2578 ], [ -91.375, 30.744 ], [ -91.7178, 32.2688 ] ] ] } },
{ "type": "Feature", "properties": { "frame_id": 44057, "rollout": "P1", "region_name": "Louisiana", "orbit_pass": "ASCENDING" }, "geometry": { "type": "Polygon", "coordinates": [ [ [ -92.0207, 33.5983 ], [ -89.3616, 34.1181 ], [ -89.0586, 32.5857 ], [ -91.6733, 32.0741 ], [ -92.0207, 33.5983 ] ] ] } },
{ "type": "Feature", "properties": { "frame_id": 44320, "rollout": "P1", "region_name": "Baja California Sur", "orbit_pass": "ASCENDING" }, "geometry": { "type": "Polygon", "coordinates": [ [ [ -115.0813, 26.288 ], [ -112.6172, 26.8198 ], [ -112.3204, 25.2855 ], [ -114.7541, 24.761 ], [ -115.0813, 26.288 ] ] ] } },
{ "type": "Feature", "properties": { "frame_id": 44321, "rollout": "P1", "region_name": "Baja California Sur", "orbit_pass": "ASCENDING" }, "geometry": { "type": "Polygon", "coordinates": [ [ [ -115.3691, 27.6197 ], [ -112.8748, 28.149 ], [ -112.5774, 26.615 ], [ -115.0391, 26.0931 ], [ -115.3691, 27.6197 ] ] ] } },
{ "type": "Feature", "properties": { "frame_id": 44322, "rollout": "P1", "region_name": "Baja California Sur", "orbit_pass": "ASCENDING" }, "geometry": { "type": "Polygon", "coordinates": [ [ [ -115.6597, 28.951 ], [ -113.1332, 29.4779 ], [ -112.8348, 27.9442 ], [ -115.3265, 27.4249 ], [ -115.6597, 28.951 ] ] ] } },
{ "type": "Feature", "properties": { "frame_id": 44323, "rollout": "P1", "region_name": "Baja California", "orbit_pass": "ASCENDING" }, "geometry": { "type": "Polygon", "coordinates": [ [ [ -115.9532, 30.2819 ], [ -113.3923, 30.8064 ], [ -113.093, 29.2731 ], [ -115.6166, 28.7562 ], [ -115.9532, 30.2819 ] ] ] } },
{ "type": "Feature", "properties": { "frame_id": 44324, "rollout": "P1", "region_name": "Sonora", "orbit_pass": "ASCENDING" }, "geometry": { "type": "Polygon", "coordinates": [ [ [ -116.2502, 31.6122 ], [ -113.6525, 32.1346 ], [ -113.352, 30.6017 ], [ -115.9096, 30.0871 ], [ -116.2502, 31.6122 ] ] ] } },
{ "type": "Feature", "properties": { "frame_id": 46022, "rollout": "P1", "region_name": "Louisiana", "orbit_pass": "DESCENDING" }, "geometry": { "type": "Polygon", "coordinates": [ [ [ -92.6649, 32.699 ], [ -92.3618, 34.2313 ], [ -89.646, 33.9428 ], [ -89.9946, 32.4187 ], [ -92.6649, 32.699 ] ] ] } },
{ "type": "Feature", "properties": { "frame_id": 46023, "rollout": "P1", "region_name": "Louisiana", "orbit_pass": "DESCENDING" }, "geometry": { "type": "Polygon", "coordinates": [ [ [ -92.9256, 31.3711 ], [ -92.6242, 32.9038 ], [ -89.95, 32.6135 ], [ -90.2939, 31.0888 ], [ -92.9256, 31.3711 ] ] ] } },
{ "type": "Feature", "properties": { "frame_id": 46024, "rollout": "P1", "region_name": "Louisiana", "orbit_pass": "DESCENDING" }, "geometry": { "type": "Polygon", "coordinates": [ [ [ -93.1852, 30.0429 ], [ -92.8852, 31.5759 ], [ -90.2498, 31.2836 ], [ -90.5896, 29.7584 ], [ -93.1852, 30.0429 ] ] ] } },
{ "type": "Feature", "properties": { "frame_id": 46025, "rollout": "P1", "region_name": "Louisiana", "orbit_pass": "DESCENDING" }, "geometry": { "type": "Polygon", "coordinates": [ [ [ -93.444, 28.7143 ], [ -93.145, 30.2477 ], [ -90.5461, 29.9532 ], [ -90.882, 28.4275 ], [ -93.444, 28.7143 ] ] ] } },
{ "type": "Feature", "properties": { "frame_id": 46293, "rollout": "P1", "region_name": "Baja California", "orbit_pass": "DESCENDING" }, "geometry": { "type": "Polygon", "coordinates": [ [ [ -118.0026, 29.3738 ], [ -117.7031, 30.907 ], [ -115.0869, 30.6136 ], [ -115.4246, 29.0882 ], [ -118.0026, 29.3738 ] ] ] } },
{ "type": "Feature", "properties": { "frame_id": 46294, "rollout": "P1", "region_name": "Baja California", "orbit_pass": "DESCENDING" }, "geometry": { "type": "Polygon", "coordinates": [ [ [ -118.2608, 28.045 ], [ -117.9625, 29.5786 ], [ -115.3813, 29.283 ], [ -115.7154, 27.7571 ], [ -118.2608, 28.045 ] ] ] } },
{ "type": "Feature", "properties": { "frame_id": 1088, "rollout": "P2", "region_name": "México", "orbit_pass": "ASCENDING" }, "geometry": { "type": "Polygon", "coordinates": [ [ [ -99.2879, 19.6834 ], [ -96.946, 20.2289 ], [ -96.6489, 18.6935 ], [ -98.9703, 18.1548 ], [ -99.2879, 19.6834 ] ] ] } },
{ "type": "Feature", "properties": { "frame_id": 1089, "rollout": "P2", "region_name": "México", "orbit_pass": "ASCENDING" }, "geometry": { "type": "Polygon", "coordinates": [ [ [ -99.5674, 21.0165 ], [ -97.2029, 21.5594 ], [ -96.9063, 20.0242 ], [ -99.2471, 19.4885 ], [ -99.5674, 21.0165 ] ] ] } },
{ "type": "Feature", "properties": { "frame_id": 3611, "rollout": "P2", "region_name": "Hawaii", "orbit_pass": "DESCENDING" }, "geometry": { "type": "Polygon", "coordinates": [ [ [ -155.0489, 18.6555 ], [ -154.7516, 20.1908 ], [ -152.3624, 19.877 ], [ -152.6804, 18.3485 ], [ -155.0489, 18.6555 ] ] ] } },
{ "type": "Feature", "properties": { "frame_id": 5118, "rollout": "P2", "region_name": "Baja California Sur", "orbit_pass": "ASCENDING" }, "geometry": { "type": "Polygon", "coordinates": [ [ [ -110.3083, 23.1934 ], [ -107.9071, 23.7314 ], [ -107.6108, 22.1965 ], [ -109.9865, 21.6656 ], [ -110.3083, 23.1934 ] ] ] } },
{ "type": "Feature", "properties": { "frame_id": 5653, "rollout": "P2", "region_name": "Hawaii", "orbit_pass": "ASCENDING" }, "geometry": { "type": "Polygon", "coordinates": [ [ [ -159.1242, 20.5503 ], [ -156.7698, 21.0938 ], [ -156.4729, 19.5585 ], [ -158.8055, 19.0219 ], [ -159.1242, 20.5503 ] ] ] } },
{ "type": "Feature", "properties": { "frame_id": 5654, "rollout": "P2", "region_name": "Hawaii", "orbit_pass": "ASCENDING" }, "geometry": { "type": "Polygon", "coordinates": [ [ [ -159.4035, 21.8836 ], [ -157.0267, 22.4242 ], [ -156.7301, 20.8891 ], [ -159.0833, 20.3554 ], [ -159.4035, 21.8836 ] ] ] } },
{ "type": "Feature", "properties": { "frame_id": 5655, "rollout": "P2", "region_name": "Hawaii", "orbit_pass": "ASCENDING" }, "geometry": { "type": "Polygon", "coordinates": [ [ [ -159.6843, 23.2166 ], [ -157.2834, 23.7544 ], [ -156.987, 22.2195 ], [ -159.3623, 21.6887 ], [ -159.6843, 23.2166 ] ] ] } },
{ "type": "Feature", "properties": { "frame_id": 8887, "rollout": "P2", "region_name": "Kansas", "orbit_pass": "ASCENDING" }, "geometry": { "type": "Polygon", "coordinates": [ [ [ -98.9109, 36.6688 ], [ -96.1481, 37.1844 ], [ -95.84, 35.6531 ], [ -98.5512, 35.1458 ], [ -98.9109, 36.6688 ] ] ] } },
{ "type": "Feature", "properties": { "frame_id": 10860, "rollout": "P2", "region_name": "México", "orbit_pass": "DESCENDING" }, "geometry": { "type": "Polygon", "coordinates": [ [ [ -101.4968, 18.9946 ], [ -101.1999, 20.5299 ], [ -98.8048, 20.2169 ], [ -99.123, 18.6884 ], [ -101.4968, 18.9946 ] ] ] } },
{ "type": "Feature", "properties": { "frame_id": 14885, "rollout": "P2", "region_name": "Baja California Sur", "orbit_pass": "DESCENDING" }, "geometry": { "type": "Polygon", "coordinates": [ [ [ -111.1737, 22.144 ], [ -110.8774, 23.6788 ], [ -108.4274, 23.3723 ], [ -108.7496, 21.8446 ], [ -111.1737, 22.144 ] ] ] } },
{ "type": "Feature", "properties": { "frame_id": 15422, "rollout": "P2", "region_name": "Hawaii", "orbit_pass": "DESCENDING" }, "geometry": { "type": "Polygon", "coordinates": [ [ [ -160.5504, 22.1205 ], [ -160.254, 23.6553 ], [ -157.8054, 23.3489 ], [ -158.1276, 21.8211 ], [ -160.5504, 22.1205 ] ] ] } },
{ "type": "Feature", "properties": { "frame_id": 15423, "rollout": "P2", "region_name": "Hawaii", "orbit_pass": "DESCENDING" }, "geometry": { "type": "Polygon", "coordinates": [ [ [ -160.8073, 20.7901 ], [ -160.5107, 22.3251 ], [ -158.0864, 22.016 ], [ -158.4067, 20.4879 ], [ -160.8073, 20.7901 ] ] ] } },
{ "type": "Feature", "properties": { "frame_id": 16938, "rollout": "P2", "region_name": "Baja California", "orbit_pass": "ASCENDING" }, "geometry": { "type": "Polygon", "coordinates": [ [ [ -118.3296, 31.7094 ], [ -115.729, 32.2317 ], [ -115.4285, 30.6987 ], [ -117.9887, 30.1843 ], [ -118.3296, 31.7094 ] ] ] } },
{ "type": "Feature", "properties": { "frame_id": 16941, "rollout": "P2", "region_name": "Southern California", "orbit_pass": "ASCENDING" }, "geometry": { "type": "Polygon", "coordinates": [ [ [ -119.2456, 35.6973 ], [ -116.5196, 36.2137 ], [ -116.2134, 34.6819 ], [ -118.8902, 34.1738 ], [ -119.2456, 35.6973 ] ] ] } },
{ "type": "Feature", "properties": { "frame_id": 16942, "rollout": "P2", "region_name": "Nevada", "orbit_pass": "ASCENDING" }, "geometry": { "type": "Polygon", "coordinates": [ [ [ -119.5605, 37.0254 ], [ -116.7868, 37.5402 ], [ -116.4782, 36.0089 ], [ -119.1993, 35.5026 ], [ -119.5605, 37.0254 ] ] ] } },
{ "type": "Feature", "properties": { "frame_id": 18902, "rollout": "P2", "region_name": "Nevada", "orbit_pass": "DESCENDING" }, "geometry": { "type": "Polygon", "coordinates": [ [ [ -118.7686, 35.9158 ], [ -118.46, 37.4471 ], [ -115.6315, 37.1624 ], [ -115.9937, 35.6398 ], [ -118.7686, 35.9158 ] ] ] } },
{ "type": "Feature", "properties": { "frame_id": 18903, "rollout": "P2", "region_name": "Northern California", "orbit_pass": "DESCENDING" }, "geometry": { "type": "Polygon", "coordinates": [ [ [ -119.0339, 34.589 ], [ -118.7272, 36.1206 ], [ -115.9473, 35.8345 ], [ -116.3036, 34.3112 ], [ -119.0339, 34.589 ] ] ] } },
{ "type": "Feature", "properties": { "frame_id": 20688, "rollout": "P2", "region_name": "México", "orbit_pass": "ASCENDING" }, "geometry": { "type": "Polygon", "coordinates": [ [ [ -101.387, 19.8913 ], [ -99.0419, 20.4363 ], [ -98.745, 18.901 ], [ -101.0692, 18.3628 ], [ -101.387, 19.8913 ] ] ] } },
{ "type": "Feature", "properties": { "frame_id": 23210, "rollout": "P2", "region_name": "Hawaii", "orbit_pass": "DESCENDING" }, "geometry": { "type": "Polygon", "coordinates": [ [ [ -156.8887, 19.7766 ], [ -156.5919, 21.3118 ], [ -154.1846, 21.0005 ], [ -154.5038, 19.4722 ], [ -156.8887, 19.7766 ] ] ] } },
{ "type": "Feature", "properties": { "frame_id": 23211, "rollout": "P2", "region_name": "Hawaii", "orbit_pass": "DESCENDING" }, "geometry": { "type": "Polygon", "coordinates": [ [ [ -157.1459, 18.4458 ], [ -156.849, 19.9812 ], [ -154.463, 19.6671 ], [ -154.7808, 18.1385 ], [ -157.1459, 18.4458 ] ] ] } },
{ "type": "Feature", "properties": { "frame_id": 24721, "rollout": "P2", "region_name": "Baja California Sur", "orbit_pass": "ASCENDING" }, "geometry": { "type": "Polygon", "coordinates": [ [ [ -113.2637, 27.4008 ], [ -110.7745, 27.9304 ], [ -110.4773, 26.3964 ], [ -112.9342, 25.8741 ], [ -113.2637, 27.4008 ] ] ] } },
{ "type": "Feature", "properties": { "frame_id": 25254, "rollout": "P2", "region_name": "Hawaii", "orbit_pass": "ASCENDING" }, "geometry": { "type": "Polygon", "coordinates": [ [ [ -161.504, 22.0952 ], [ -159.1234, 22.6354 ], [ -158.8268, 21.1003 ], [ -161.1836, 20.5671 ], [ -161.504, 22.0952 ] ] ] } },
{ "type": "Feature", "properties": { "frame_id": 33038, "rollout": "P2", "region_name": "Hawaii", "orbit_pass": "ASCENDING" }, "geometry": { "type": "Polygon", "coordinates": [ [ [ -156.7658, 19.112 ], [ -154.4337, 19.6586 ], [ -154.1363, 18.1231 ], [ -156.4486, 17.5833 ], [ -156.7658, 19.112 ] ] ] } },
{ "type": "Feature", "properties": { "frame_id": 33039, "rollout": "P2", "region_name": "Hawaii", "orbit_pass": "ASCENDING" }, "geometry": { "type": "Polygon", "coordinates": [ [ [ -157.0437, 20.4456 ], [ -154.6909, 20.9892 ], [ -154.394, 19.4539 ], [ -156.7252, 18.9171 ], [ -157.0437, 20.4456 ] ] ] } },
{ "type": "Feature", "properties": { "frame_id": 33040, "rollout": "P2", "region_name": "Hawaii", "orbit_pass": "ASCENDING" }, "geometry": { "type": "Polygon", "coordinates": [ [ [ -157.3228, 21.7789 ], [ -154.9478, 22.3197 ], [ -154.6512, 20.7846 ], [ -157.0028, 20.2507 ], [ -157.3228, 21.7789 ] ] ] } },
{ "type": "Feature", "properties": { "frame_id": 34482, "rollout": "P2", "region_name": "Sonora", "orbit_pass": "DESCENDING" }, "geometry": { "type": "Polygon", "coordinates": [ [ [ -112.5009, 25.9184 ], [ -112.2038, 27.4525 ], [ -109.674, 27.1531 ], [ -110.0032, 25.6265 ], [ -112.5009, 25.9184 ] ] ] } },
{ "type": "Feature", "properties": { "frame_id": 35022, "rollout": "P2", "region_name": "Hawaii", "orbit_pass": "DESCENDING" }, "geometry": { "type": "Polygon", "coordinates": [ [ [ -162.6492, 21.9048 ], [ -162.3528, 23.4397 ], [ -159.9084, 23.1329 ], [ -160.2302, 21.605 ], [ -162.6492, 21.9048 ] ] ] } },
{ "type": "Feature", "properties": { "frame_id": 35023, "rollout": "P2", "region_name": "Hawaii", "orbit_pass": "DESCENDING" }, "geometry": { "type": "Polygon", "coordinates": [ [ [ -162.9061, 20.5744 ], [ -162.6095, 22.1095 ], [ -160.189, 21.7999 ], [ -160.509, 20.2718 ], [ -162.9061, 20.5744 ] ] ] } },
{ "type": "Feature", "properties": { "frame_id": 38246, "rollout": "P2", "region_name": "México", "orbit_pass": "DESCENDING" }, "geometry": { "type": "Polygon", "coordinates": [ [ [ -99.4198, 19.0944 ], [ -99.1228, 20.6297 ], [ -96.7262, 20.3169 ], [ -97.0444, 18.7885 ], [ -99.4198, 19.0944 ] ] ] } },
{ "type": "Feature", "properties": { "frame_id": 38247, "rollout": "P2", "region_name": "México", "orbit_pass": "DESCENDING" }, "geometry": { "type": "Polygon", "coordinates": [ [ [ -99.6772, 17.7636 ], [ -99.3801, 19.2991 ], [ -97.0038, 18.9834 ], [ -97.3208, 17.4547 ], [ -99.6772, 17.7636 ] ] ] } },
{ "type": "Feature", "properties": { "frame_id": 38502, "rollout": "P2", "region_name": "Southern California", "orbit_pass": "DESCENDING" }, "geometry": { "type": "Polygon", "coordinates": [ [ [ -120.8691, 35.7001 ], [ -120.561, 37.2314 ], [ -117.7409, 36.9466 ], [ -118.1021, 35.4238 ], [ -120.8691, 35.7001 ] ] ] } },
{ "type": "Feature", "properties": { "frame_id": 42809, "rollout": "P2", "region_name": "Hawaii", "orbit_pass": "DESCENDING" }, "geometry": { "type": "Polygon", "coordinates": [ [ [ -158.7306, 20.8887 ], [ -158.4341, 22.4237 ], [ -156.0079, 22.1148 ], [ -156.3283, 20.5867 ], [ -158.7306, 20.8887 ] ] ] } },
{ "type": "Feature", "properties": { "frame_id": 42810, "rollout": "P2", "region_name": "Hawaii", "orbit_pass": "DESCENDING" }, "geometry": { "type": "Polygon", "coordinates": [ [ [ -158.9878, 19.5581 ], [ -158.6909, 21.0934 ], [ -156.2874, 20.7816 ], [ -156.6063, 19.2533 ], [ -158.9878, 19.5581 ] ] ] } },
{ "type": "Feature", "properties": { "frame_id": 44855, "rollout": "P2", "region_name": "Hawaii", "orbit_pass": "ASCENDING" }, "geometry": { "type": "Polygon", "coordinates": [ [ [ -163.8897, 23.6478 ], [ -161.4803, 24.1848 ], [ -161.1839, 22.65 ], [ -163.567, 22.1201 ], [ -163.8897, 23.6478 ] ] ] } },
{ "type": "Feature", "properties": { "frame_id": 46292, "rollout": "P2", "region_name": "Sonora", "orbit_pass": "DESCENDING" }, "geometry": { "type": "Polygon", "coordinates": [ [ [ -117.7434, 30.7022 ], [ -117.4427, 32.2351 ], [ -114.7889, 31.9438 ], [ -115.1306, 30.4189 ], [ -117.7434, 30.7022 ] ] ] } },
{ "type": "Feature", "properties": { "frame_id": 831, "rollout": "P3a", "region_name": "North Carolina", "orbit_pass": "ASCENDING" }, "geometry": { "type": "Polygon", "coordinates": [ [ [ -77.9458, 34.985 ], [ -75.2416, 35.5029 ], [ -74.9359, 33.9711 ], [ -77.5931, 33.4614 ], [ -77.9458, 34.985 ] ] ] } },
{ "type": "Feature", "properties": { "frame_id": 832, "rollout": "P3a", "region_name": "North Carolina", "orbit_pass": "ASCENDING" }, "geometry": { "type": "Polygon", "coordinates": [ [ [ -78.258, 36.3134 ], [ -75.5078, 36.8296 ], [ -75.2004, 35.2981 ], [ -77.8999, 34.7903 ], [ -78.258, 36.3134 ] ] ] } },
{ "type": "Feature", "properties": { "frame_id": 833, "rollout": "P3a", "region_name": "Maryland", "orbit_pass": "ASCENDING" }, "geometry": { "type": "Polygon", "coordinates": [ [ [ -78.5756, 37.6411 ], [ -75.7762, 38.1558 ], [ -75.4662, 36.6248 ], [ -78.2113, 36.1187 ], [ -78.5756, 37.6411 ] ] ] } },
{ "type": "Feature", "properties": { "frame_id": 1085, "rollout": "P3a", "region_name": "Oaxaca", "orbit_pass": "ASCENDING" }, "geometry": { "type": "Polygon", "coordinates": [ [ [ -98.1443, 14.1524 ], [ -98.4593, 15.6816 ], [ -96.1725, 16.2362 ], [ -95.8729, 14.7005 ], [ -98.1443, 14.1524 ] ] ] } },
{ "type": "Feature", "properties": { "frame_id": 1086, "rollout": "P3a", "region_name": "Guerrero", "orbit_pass": "ASCENDING" }, "geometry": { "type": "Polygon", "coordinates": [ [ [ -98.7347, 17.0157 ], [ -96.4312, 17.5672 ], [ -96.1326, 16.0316 ], [ -98.4191, 15.4867 ], [ -98.7347, 17.0157 ] ] ] } },
{ "type": "Feature", "properties": { "frame_id": 1087, "rollout": "P3a", "region_name": "Puebla", "orbit_pass": "ASCENDING" }, "geometry": { "type": "Polygon", "coordinates": [ [ [ -99.0108, 18.3497 ], [ -96.6887, 18.8981 ], [ -96.3914, 17.3626 ], [ -98.6944, 16.8209 ], [ -99.0108, 18.3497 ] ] ] } },
{ "type": "Feature", "properties": { "frame_id": 1090, "rollout": "P3a", "region_name": "Hidalgo", "orbit_pass": "ASCENDING" }, "geometry": { "type": "Polygon", "coordinates": [ [ [ -99.8472, 22.3497 ], [ -97.4607, 22.8895 ], [ -97.1633, 21.3547 ], [ -99.5265, 20.8217 ], [ -99.8472, 22.3497 ] ] ] } },
{ "type": "Feature", "properties": { "frame_id": 1091, "rollout": "P3a", "region_name": "Nuevo León", "orbit_pass": "ASCENDING" }, "geometry": { "type": "Polygon", "coordinates": [ [ [ -100.1287, 23.6824 ], [ -97.7173, 24.2195 ], [ -97.421, 22.6848 ], [ -99.806, 22.1548 ], [ -100.1287, 23.6824 ] ] ] } },
{ "type": "Feature", "properties": { "frame_id": 1092, "rollout": "P3a", "region_name": "Nuevo León", "orbit_pass": "ASCENDING" }, "geometry": { "type": "Polygon", "coordinates": [ [ [ -100.412, 25.0149 ], [ -97.9742, 25.5493 ], [ -97.6776, 24.0148 ], [ -100.0872, 23.4876 ], [ -100.412, 25.0149 ] ] ] } },
{ "type": "Feature", "properties": { "frame_id": 2793, "rollout": "P3a", "region_name": "Virginia", "orbit_pass": "DESCENDING" }, "geometry": { "type": "Polygon", "coordinates": [ [ [ -77.7506, 35.2939 ], [ -77.4433, 36.8254 ], [ -74.6394, 36.5403 ], [ -74.9987, 35.0173 ], [ -77.7506, 35.2939 ] ] ] } },
{ "type": "Feature", "properties": { "frame_id": 2794, "rollout": "P3a", "region_name": "North Carolina", "orbit_pass": "DESCENDING" }, "geometry": { "type": "Polygon", "coordinates": [ [ [ -78.015, 33.9669 ], [ -77.7094, 35.4987 ], [ -74.9526, 35.2121 ], [ -75.3061, 33.6885 ], [ -78.015, 33.9669 ] ] ] } },
{ "type": "Feature", "properties": { "frame_id": 2795, "rollout": "P3a", "region_name": "North Carolina", "orbit_pass": "DESCENDING" }, "geometry": { "type": "Polygon", "coordinates": [ [ [ -78.2771, 32.6393 ], [ -77.9741, 34.1717 ], [ -75.2608, 33.8832 ], [ -75.6092, 32.359 ], [ -78.2771, 32.6393 ] ] ] } },
{ "type": "Feature", "properties": { "frame_id": 3071, "rollout": "P3a", "region_name": "Durango", "orbit_pass": "DESCENDING" }, "geometry": { "type": "Polygon", "coordinates": [ [ [ -104.9009, 22.6682 ], [ -104.6045, 24.2029 ], [ -102.1443, 23.8974 ], [ -102.4673, 22.3698 ], [ -104.9009, 22.6682 ] ] ] } },
{ "type": "Feature", "properties": { "frame_id": 3072, "rollout": "P3a", "region_name": "Nayarit", "orbit_pass": "DESCENDING" }, "geometry": { "type": "Polygon", "coordinates": [ [ [ -105.1577, 21.3379 ], [ -104.8612, 22.8728 ], [ -102.426, 22.5647 ], [ -102.7471, 21.0368 ], [ -105.1577, 21.3379 ] ] ] } },
{ "type": "Feature", "properties": { "frame_id": 3073, "rollout": "P3a", "region_name": "Jalisco", "orbit_pass": "DESCENDING" }, "geometry": { "type": "Polygon", "coordinates": [ [ [ -105.4148, 20.0075 ], [ -105.118, 21.5426 ], [ -102.7061, 21.2317 ], [ -103.0256, 19.7035 ], [ -105.4148, 20.0075 ] ] ] } },
{ "type": "Feature", "properties": { "frame_id": 3074, "rollout": "P3a", "region_name": "Colima", "orbit_pass": "DESCENDING" }, "geometry": { "type": "Polygon", "coordinates": [ [ [ -105.6723, 18.6768 ], [ -105.3751, 20.2121 ], [ -102.9848, 19.8984 ], [ -103.3028, 18.3699 ], [ -105.6723, 18.6768 ] ] ] } },
{ "type": "Feature", "properties": { "frame_id": 3075, "rollout": "P3a", "region_name": "Michoacán", "orbit_pass": "DESCENDING" }, "geometry": { "type": "Polygon", "coordinates": [ [ [ -105.9301, 17.346 ], [ -105.6326, 18.8815 ], [ -103.2623, 18.5648 ], [ -103.5798, 17.0362 ], [ -105.9301, 17.346 ] ] ] } },
{ "type": "Feature", "properties": { "frame_id": 4854, "rollout": "P3a", "region_name": "Florida", "orbit_pass": "ASCENDING" }, "geometry": { "type": "Polygon", "coordinates": [ [ [ -86.9155, 29.1792 ], [ -84.382, 29.706 ], [ -84.0834, 28.1725 ], [ -86.5817, 27.6533 ], [ -86.9155, 29.1792 ] ] ] } },
{ "type": "Feature", "properties": { "frame_id": 4855, "rollout": "P3a", "region_name": "Florida", "orbit_pass": "ASCENDING" }, "geometry": { "type": "Polygon", "coordinates": [ [ [ -87.2097, 30.5099 ], [ -84.6413, 31.0344 ], [ -84.3418, 29.5012 ], [ -86.8723, 28.9844 ], [ -87.2097, 30.5099 ] ] ] } },
{ "type": "Feature", "properties": { "frame_id": 4856, "rollout": "P3a", "region_name": "Florida", "orbit_pass": "ASCENDING" }, "geometry": { "type": "Polygon", "coordinates": [ [ [ -87.5073, 31.8402 ], [ -84.9018, 32.3625 ], [ -84.601, 30.8296 ], [ -87.166, 30.3152 ], [ -87.5073, 31.8402 ] ] ] } },
{ "type": "Feature", "properties": { "frame_id": 4857, "rollout": "P3a", "region_name": "Georgia", "orbit_pass": "ASCENDING" }, "geometry": { "type": "Polygon", "coordinates": [ [ [ -87.8088, 33.1699 ], [ -85.1635, 33.6902 ], [ -84.8612, 32.1577 ], [ -87.463, 31.6454 ], [ -87.8088, 33.1699 ] ] ] } },
{ "type": "Feature", "properties": { "frame_id": 4858, "rollout": "P3a", "region_name": "Tennessee", "orbit_pass": "ASCENDING" }, "geometry": { "type": "Polygon", "coordinates": [ [ [ -88.1145, 34.499 ], [ -85.4276, 35.0174 ], [ -85.1227, 33.4854 ], [ -87.7639, 32.9751 ], [ -88.1145, 34.499 ] ] ] } },
{ "type": "Feature", "properties": { "frame_id": 4859, "rollout": "P3a", "region_name": "Tennessee", "orbit_pass": "ASCENDING" }, "geometry": { "type": "Polygon", "coordinates": [ [ [ -88.4248, 35.8276 ], [ -85.6929, 36.3442 ], [ -85.3865, 34.8125 ], [ -88.0688, 34.3043 ], [ -88.4248, 35.8276 ] ] ] } },
{ "type": "Feature", "properties": { "frame_id": 4860, "rollout": "P3a", "region_name": "Tennessee", "orbit_pass": "ASCENDING" }, "geometry": { "type": "Polygon", "coordinates": [ [ [ -88.7403, 37.1556 ], [ -85.9604, 37.6706 ], [ -85.6515, 36.1394 ], [ -88.3784, 35.6329 ], [ -88.7403, 37.1556 ] ] ] } },
{ "type": "Feature", "properties": { "frame_id": 4861, "rollout": "P3a", "region_name": "Kentucky", "orbit_pass": "ASCENDING" }, "geometry": { "type": "Polygon", "coordinates": [ [ [ -89.0614, 38.483 ], [ -86.2304, 38.9966 ], [ -85.9186, 37.4658 ], [ -88.6931, 36.961 ], [ -89.0614, 38.483 ] ] ] } },
{ "type": "Feature", "properties": { "frame_id": 6565, "rollout": "P3a", "region_name": "United States Virgin Islands", "orbit_pass": "DESCENDING" }, "geometry": { "type": "Polygon", "coordinates": [ [ [ -66.7471, 17.8444 ], [ -66.45, 19.38 ], [ -64.0732, 19.0645 ], [ -64.3903, 17.5358 ], [ -66.7471, 17.8444 ] ] ] } },
{ "type": "Feature", "properties": { "frame_id": 6566, "rollout": "P3a", "region_name": "Puerto Rico", "orbit_pass": "DESCENDING" }, "geometry": { "type": "Polygon", "coordinates": [ [ [ -67.0056, 16.5135 ], [ -66.7073, 18.0491 ], [ -64.3499, 17.7307 ], [ -64.666, 16.2018 ], [ -67.0056, 16.5135 ] ] ] } },
{ "type": "Feature", "properties": { "frame_id": 6819, "rollout": "P3a", "region_name": "Kentucky", "orbit_pass": "DESCENDING" }, "geometry": { "type": "Polygon", "coordinates": [ [ [ -87.6719, 37.1072 ], [ -87.3608, 38.6381 ], [ -84.4865, 38.3547 ], [ -84.8543, 36.8327 ], [ -87.6719, 37.1072 ] ] ] } },
{ "type": "Feature", "properties": { "frame_id": 6820, "rollout": "P3a", "region_name": "Tennessee", "orbit_pass": "DESCENDING" }, "geometry": { "type": "Polygon", "coordinates": [ [ [ -87.9384, 35.7807 ], [ -87.6301, 37.3121 ], [ -84.8072, 37.0273 ], [ -85.1687, 35.5046 ], [ -87.9384, 35.7807 ] ] ] } },
{ "type": "Feature", "properties": { "frame_id": 6821, "rollout": "P3a", "region_name": "Tennessee", "orbit_pass": "DESCENDING" }, "geometry": { "type": "Polygon", "coordinates": [ [ [ -88.2035, 34.4539 ], [ -87.897, 35.9855 ], [ -85.1224, 35.6993 ], [ -85.478, 34.176 ], [ -88.2035, 34.4539 ] ] ] } },
{ "type": "Feature", "properties": { "frame_id": 6822, "rollout": "P3a", "region_name": "Mississippi", "orbit_pass": "DESCENDING" }, "geometry": { "type": "Polygon", "coordinates": [ [ [ -88.4662, 33.1265 ], [ -88.1625, 34.6587 ], [ -85.4324, 34.3707 ], [ -85.7827, 32.8468 ], [ -88.4662, 33.1265 ] ] ] } },
{ "type": "Feature", "properties": { "frame_id": 6823, "rollout": "P3a", "region_name": "Mississippi", "orbit_pass": "DESCENDING" }, "geometry": { "type": "Polygon", "coordinates": [ [ [ -88.7275, 31.7988 ], [ -88.4255, 33.3313 ], [ -85.7378, 33.0415 ], [ -86.0865, 31.5175 ], [ -88.7275, 31.7988 ] ] ] } },
{ "type": "Feature", "properties": { "frame_id": 6824, "rollout": "P3a", "region_name": "Alabama", "orbit_pass": "DESCENDING" }, "geometry": { "type": "Polygon", "coordinates": [ [ [ -88.9892, 30.4709 ], [ -88.687, 32.0036 ], [ -86.0423, 31.7123 ], [ -86.3831, 30.1873 ], [ -88.9892, 30.4709 ] ] ] } },
{ "type": "Feature", "properties": { "frame_id": 6830, "rollout": "P3a", "region_name": "Yucatán", "orbit_pass": "DESCENDING" }, "geometry": { "type": "Polygon", "coordinates": [ [ [ -90.5339, 22.4951 ], [ -90.2375, 24.0298 ], [ -87.7809, 23.724 ], [ -88.1036, 22.1964 ], [ -90.5339, 22.4951 ] ] ] } },
{ "type": "Feature", "properties": { "frame_id": 6831, "rollout": "P3a", "region_name": "Yucatán", "orbit_pass": "DESCENDING" }, "geometry": { "type": "Polygon", "coordinates": [ [ [ -90.7907, 21.1648 ], [ -90.4942, 22.6998 ], [ -88.0623, 22.3913 ], [ -88.3831, 20.8633 ], [ -90.7907, 21.1648 ] ] ] } },
{ "type": "Feature", "properties": { "frame_id": 6832, "rollout": "P3a", "region_name": "Yucatán", "orbit_pass": "DESCENDING" }, "geometry": { "type": "Polygon", "coordinates": [ [ [ -91.0478, 19.8343 ], [ -90.751, 21.3695 ], [ -88.3422, 21.0582 ], [ -88.6614, 19.53 ], [ -91.0478, 19.8343 ] ] ] } },
{ "type": "Feature", "properties": { "frame_id": 6833, "rollout": "P3a", "region_name": "Yucatán", "orbit_pass": "DESCENDING" }, "geometry": { "type": "Polygon", "coordinates": [ [ [ -91.305, 18.5036 ], [ -91.0081, 20.039 ], [ -88.6206, 19.7249 ], [ -88.9385, 18.1963 ], [ -91.305, 18.5036 ] ] ] } },
{ "type": "Feature", "properties": { "frame_id": 6835, "rollout": "P3a", "region_name": "Chiapas", "orbit_pass": "DESCENDING" }, "geometry": { "type": "Polygon", "coordinates": [ [ [ -91.8222, 15.8418 ], [ -91.5234, 17.3773 ], [ -89.1743, 17.0574 ], [ -89.4901, 15.5284 ], [ -91.8222, 15.8418 ] ] ] } },
{ "type": "Feature", "properties": { "frame_id": 8178, "rollout": "P3a", "region_name": "Commonwealth of the Northern Mariana Islands", "orbit_pass": "DESCENDING" }, "geometry": { "type": "Polygon", "coordinates": [ [ [ 144.6048, 15.1136 ], [ 144.9042, 16.6493 ], [ 147.2423, 16.3279 ], [ 146.9269, 14.7987 ], [ 144.6048, 15.1136 ] ] ] } },
{ "type": "Feature", "properties": { "frame_id": 8179, "rollout": "P3a", "region_name": "Commonwealth of the Northern Mariana Islands", "orbit_pass": "DESCENDING" }, "geometry": { "type": "Polygon", "coordinates": [ [ [ 144.3443, 13.7823 ], [ 144.6448, 15.3181 ], [ 146.9671, 14.9936 ], [ 146.6522, 13.4643 ], [ 144.3443, 13.7823 ] ] ] } },
{ "type": "Feature", "properties": { "frame_id": 8180, "rollout": "P3a", "region_name": "Guam", "orbit_pass": "DESCENDING" }, "geometry": { "type": "Polygon", "coordinates": [ [ [ 144.0832, 12.451 ], [ 144.3844, 13.9869 ], [ 146.6923, 13.6592 ], [ 146.3777, 12.1297 ], [ 144.0832, 12.451 ] ] ] } },
{ "type": "Feature", "properties": { "frame_id": 8605, "rollout": "P3a", "region_name": "Puerto Rico", "orbit_pass": "ASCENDING" }, "geometry": { "type": "Polygon", "coordinates": [ [ [ -70.2855, 18.6882 ], [ -67.9575, 19.2361 ], [ -67.6599, 17.7008 ], [ -69.9687, 17.1595 ], [ -70.2855, 18.6882 ] ] ] } },
{ "type": "Feature", "properties": { "frame_id": 8872, "rollout": "P3a", "region_name": "Oaxaca", "orbit_pass": "ASCENDING" }, "geometry": { "type": "Polygon", "coordinates": [ [ [ -94.5547, 16.6969 ], [ -92.2552, 17.2491 ], [ -91.9564, 15.7135 ], [ -94.2393, 15.1678 ], [ -94.5547, 16.6969 ] ] ] } },
{ "type": "Feature", "properties": { "frame_id": 8873, "rollout": "P3a", "region_name": "Veracruz", "orbit_pass": "ASCENDING" }, "geometry": { "type": "Polygon", "coordinates": [ [ [ -94.8315, 18.0307 ], [ -92.5128, 18.5801 ], [ -92.2154, 17.0445 ], [ -94.515, 16.5019 ], [ -94.8315, 18.0307 ] ] ] } },
{ "type": "Feature", "properties": { "frame_id": 8874, "rollout": "P3a", "region_name": "Tabasco", "orbit_pass": "ASCENDING" }, "geometry": { "type": "Polygon", "coordinates": [ [ [ -95.1084, 19.3644 ], [ -92.7711, 19.9107 ], [ -92.4737, 18.3753 ], [ -94.791, 17.8358 ], [ -95.1084, 19.3644 ] ] ] } },
{ "type": "Feature", "properties": { "frame_id": 10857, "rollout": "P3a", "region_name": "Nuevo León", "orbit_pass": "DESCENDING" }, "geometry": { "type": "Polygon", "coordinates": [ [ [ -100.7249, 22.9856 ], [ -100.4285, 24.5203 ], [ -97.9619, 24.2154 ], [ -98.2854, 22.6879 ], [ -100.7249, 22.9856 ] ] ] } },
{ "type": "Feature", "properties": { "frame_id": 10858, "rollout": "P3a", "region_name": "Veracruz", "orbit_pass": "DESCENDING" }, "geometry": { "type": "Polygon", "coordinates": [ [ [ -100.9817, 21.6555 ], [ -100.6852, 23.1903 ], [ -98.2441, 22.8828 ], [ -98.5671, 21.3553 ], [ -100.9817, 21.6555 ] ] ] } },
{ "type": "Feature", "properties": { "frame_id": 10859, "rollout": "P3a", "region_name": "México", "orbit_pass": "DESCENDING" }, "geometry": { "type": "Polygon", "coordinates": [ [ [ -101.2395, 20.3252 ], [ -100.942, 21.8601 ], [ -98.5261, 21.5501 ], [ -98.8456, 20.022 ], [ -101.2395, 20.3252 ] ] ] } },
{ "type": "Feature", "properties": { "frame_id": 10861, "rollout": "P3a", "region_name": "México", "orbit_pass": "DESCENDING" }, "geometry": { "type": "Polygon", "coordinates": [ [ [ -101.7543, 17.6637 ], [ -101.4571, 19.1992 ], [ -99.0824, 18.8833 ], [ -99.3993, 17.3546 ], [ -101.7543, 17.6637 ] ] ] } },
{ "type": "Feature", "properties": { "frame_id": 10862, "rollout": "P3a", "region_name": "Guerrero", "orbit_pass": "DESCENDING" }, "geometry": { "type": "Polygon", "coordinates": [ [ [ -102.0129, 16.3328 ], [ -101.7145, 17.8683 ], [ -99.3588, 17.5495 ], [ -99.6749, 16.0206 ], [ -102.0129, 16.3328 ] ] ] } },
{ "type": "Feature", "properties": { "frame_id": 12637, "rollout": "P3a", "region_name": "Florida", "orbit_pass": "ASCENDING" }, "geometry": { "type": "Polygon", "coordinates": [ [ [ -81.8678, 24.8652 ], [ -79.4326, 25.4 ], [ -79.136, 23.8656 ], [ -81.5433, 23.3379 ], [ -81.8678, 24.8652 ] ] ] } },
{ "type": "Feature", "properties": { "frame_id": 12638, "rollout": "P3a", "region_name": "Florida", "orbit_pass": "ASCENDING" }, "geometry": { "type": "Polygon", "coordinates": [ [ [ -82.153, 26.1973 ], [ -79.6896, 26.7295 ], [ -79.3928, 25.1953 ], [ -81.826, 24.6704 ], [ -82.153, 26.1973 ] ] ] } },
{ "type": "Feature", "properties": { "frame_id": 12639, "rollout": "P3a", "region_name": "Florida", "orbit_pass": "ASCENDING" }, "geometry": { "type": "Polygon", "coordinates": [ [ [ -82.4407, 27.5289 ], [ -79.9471, 28.0587 ], [ -79.6498, 26.5248 ], [ -82.1108, 26.0024 ], [ -82.4407, 27.5289 ] ] ] } },
{ "type": "Feature", "properties": { "frame_id": 12640, "rollout": "P3a", "region_name": "Florida", "orbit_pass": "ASCENDING" }, "geometry": { "type": "Polygon", "coordinates": [ [ [ -82.731, 28.8602 ], [ -80.2055, 29.3875 ], [ -79.9072, 27.8539 ], [ -82.398, 27.3341 ], [ -82.731, 28.8602 ] ] ] } },
{ "type": "Feature", "properties": { "frame_id": 12641, "rollout": "P3a", "region_name": "Georgia", "orbit_pass": "ASCENDING" }, "geometry": { "type": "Polygon", "coordinates": [ [ [ -83.0243, 30.191 ], [ -80.4646, 30.716 ], [ -80.1654, 29.1828 ], [ -82.6879, 28.6654 ], [ -83.0243, 30.191 ] ] ] } },
{ "type": "Feature", "properties": { "frame_id": 12642, "rollout": "P3a", "region_name": "Florida", "orbit_pass": "ASCENDING" }, "geometry": { "type": "Polygon", "coordinates": [ [ [ -83.321, 31.5214 ], [ -80.7247, 32.0442 ], [ -80.4243, 30.5112 ], [ -82.9807, 29.9962 ], [ -83.321, 31.5214 ] ] ] } },
{ "type": "Feature", "properties": { "frame_id": 12643, "rollout": "P3a", "region_name": "Georgia", "orbit_pass": "ASCENDING" }, "geometry": { "type": "Polygon", "coordinates": [ [ [ -83.6215, 32.8512 ], [ -80.986, 33.372 ], [ -80.6841, 31.8394 ], [ -83.2769, 31.3266 ], [ -83.6215, 32.8512 ] ] ] } },
{ "type": "Feature", "properties": { "frame_id": 12644, "rollout": "P3a", "region_name": "South Carolina", "orbit_pass": "ASCENDING" }, "geometry": { "type": "Polygon", "coordinates": [ [ [ -83.9261, 34.1805 ], [ -81.2497, 34.6992 ], [ -80.9453, 33.1671 ], [ -83.5767, 32.6564 ], [ -83.9261, 34.1805 ] ] ] } },
{ "type": "Feature", "properties": { "frame_id": 12645, "rollout": "P3a", "region_name": "Tennessee", "orbit_pass": "ASCENDING" }, "geometry": { "type": "Polygon", "coordinates": [ [ [ -84.2351, 35.5092 ], [ -81.5145, 36.0262 ], [ -81.2086, 34.4944 ], [ -83.8806, 33.9857 ], [ -84.2351, 35.5092 ] ] ] } },
{ "type": "Feature", "properties": { "frame_id": 12646, "rollout": "P3a", "region_name": "West Virginia", "orbit_pass": "ASCENDING" }, "geometry": { "type": "Polygon", "coordinates": [ [ [ -84.5534, 36.8367 ], [ -81.7814, 37.3527 ], [ -81.4731, 35.8213 ], [ -84.1928, 35.3139 ], [ -84.5534, 36.8367 ] ] ] } },
{ "type": "Feature", "properties": { "frame_id": 12647, "rollout": "P3a", "region_name": "Ohio", "orbit_pass": "ASCENDING" }, "geometry": { "type": "Polygon", "coordinates": [ [ [ -84.8733, 38.1642 ], [ -82.0532, 38.6784 ], [ -81.742, 37.1475 ], [ -84.5063, 36.6421 ], [ -84.8733, 38.1642 ] ] ] } },
{ "type": "Feature", "properties": { "frame_id": 12900, "rollout": "P3a", "region_name": "Michoacán", "orbit_pass": "ASCENDING" }, "geometry": { "type": "Polygon", "coordinates": [ [ [ -105.0134, 17.5405 ], [ -102.7027, 18.0907 ], [ -102.4049, 16.5551 ], [ -104.6974, 16.0115 ], [ -105.0134, 17.5405 ] ] ] } },
{ "type": "Feature", "properties": { "frame_id": 12901, "rollout": "P3a", "region_name": "Michoacán", "orbit_pass": "ASCENDING" }, "geometry": { "type": "Polygon", "coordinates": [ [ [ -105.2899, 18.8743 ], [ -102.9604, 19.4215 ], [ -102.6629, 17.8861 ], [ -104.973, 17.3456 ], [ -105.2899, 18.8743 ] ] ] } },
{ "type": "Feature", "properties": { "frame_id": 12902, "rollout": "P3a", "region_name": "Michoacán", "orbit_pass": "ASCENDING" }, "geometry": { "type": "Polygon", "coordinates": [ [ [ -105.5675, 20.2079 ], [ -103.2176, 20.7522 ], [ -102.9207, 19.2169 ], [ -105.2493, 18.6794 ], [ -105.5675, 20.2079 ] ] ] } },
{ "type": "Feature", "properties": { "frame_id": 12903, "rollout": "P3a", "region_name": "Jalisco", "orbit_pass": "ASCENDING" }, "geometry": { "type": "Polygon", "coordinates": [ [ [ -105.8462, 21.5412 ], [ -103.4745, 22.0826 ], [ -103.1779, 20.5475 ], [ -105.5267, 20.013 ], [ -105.8462, 21.5412 ] ] ] } },
{ "type": "Feature", "properties": { "frame_id": 12904, "rollout": "P3a", "region_name": "Durango", "orbit_pass": "ASCENDING" }, "geometry": { "type": "Polygon", "coordinates": [ [ [ -106.1265, 22.8743 ], [ -103.7311, 23.4129 ], [ -103.4348, 21.8779 ], [ -105.8052, 21.3464 ], [ -106.1265, 22.8743 ] ] ] } },
{ "type": "Feature", "properties": { "frame_id": 12905, "rollout": "P3a", "region_name": "Zacatecas", "orbit_pass": "ASCENDING" }, "geometry": { "type": "Polygon", "coordinates": [ [ [ -106.4084, 24.207 ], [ -103.9877, 24.7428 ], [ -103.6914, 23.2081 ], [ -106.0852, 22.6794 ], [ -106.4084, 24.207 ] ] ] } },
{ "type": "Feature", "properties": { "frame_id": 12906, "rollout": "P3a", "region_name": "Sinaloa", "orbit_pass": "ASCENDING" }, "geometry": { "type": "Polygon", "coordinates": [ [ [ -106.6924, 25.5393 ], [ -104.2445, 26.0725 ], [ -103.948, 24.5381 ], [ -106.3668, 24.0121 ], [ -106.6924, 25.5393 ] ] ] } },
{ "type": "Feature", "properties": { "frame_id": 14607, "rollout": "P3a", "region_name": "Tennessee", "orbit_pass": "DESCENDING" }, "geometry": { "type": "Polygon", "coordinates": [ [ [ -84.0277, 34.771 ], [ -83.7185, 36.3023 ], [ -80.9361, 36.0171 ], [ -81.293, 34.4938 ], [ -84.0277, 34.771 ] ] ] } },
{ "type": "Feature", "properties": { "frame_id": 14608, "rollout": "P3a", "region_name": "Georgia", "orbit_pass": "DESCENDING" }, "geometry": { "type": "Polygon", "coordinates": [ [ [ -84.2907, 33.4438 ], [ -83.9866, 34.9759 ], [ -81.2472, 34.6886 ], [ -81.5986, 33.1647 ], [ -84.2907, 33.4438 ] ] ] } },
{ "type": "Feature", "properties": { "frame_id": 14609, "rollout": "P3a", "region_name": "South Carolina", "orbit_pass": "DESCENDING" }, "geometry": { "type": "Polygon", "coordinates": [ [ [ -84.5522, 32.1161 ], [ -84.2499, 33.6486 ], [ -81.5535, 33.3595 ], [ -81.8999, 31.8351 ], [ -84.5522, 32.1161 ] ] ] } },
{ "type": "Feature", "properties": { "frame_id": 14610, "rollout": "P3a", "region_name": "Georgia", "orbit_pass": "DESCENDING" }, "geometry": { "type": "Polygon", "coordinates": [ [ [ -84.8123, 30.788 ], [ -84.5116, 32.3209 ], [ -81.8555, 32.0299 ], [ -82.1974, 30.5049 ], [ -84.8123, 30.788 ] ] ] } },
{ "type": "Feature", "properties": { "frame_id": 14611, "rollout": "P3a", "region_name": "Georgia", "orbit_pass": "DESCENDING" }, "geometry": { "type": "Polygon", "coordinates": [ [ [ -85.0716, 29.4597 ], [ -84.772, 30.9929 ], [ -82.1536, 30.6997 ], [ -82.4916, 29.1743 ], [ -85.0716, 29.4597 ] ] ] } },
{ "type": "Feature", "properties": { "frame_id": 14612, "rollout": "P3a", "region_name": "Florida", "orbit_pass": "DESCENDING" }, "geometry": { "type": "Polygon", "coordinates": [ [ [ -85.3297, 28.1309 ], [ -85.0314, 29.6644 ], [ -82.4483, 29.3691 ], [ -82.7825, 27.8432 ], [ -85.3297, 28.1309 ] ] ] } },
{ "type": "Feature", "properties": { "frame_id": 14613, "rollout": "P3a", "region_name": "Florida", "orbit_pass": "DESCENDING" }, "geometry": { "type": "Polygon", "coordinates": [ [ [ -85.5872, 26.8018 ], [ -85.2897, 28.3357 ], [ -82.7397, 28.038 ], [ -83.0707, 26.5116 ], [ -85.5872, 26.8018 ] ] ] } },
{ "type": "Feature", "properties": { "frame_id": 14618, "rollout": "P3a", "region_name": "Quintana Roo", "orbit_pass": "DESCENDING" }, "geometry": { "type": "Polygon", "coordinates": [ [ [ -86.8716, 20.152 ], [ -86.5749, 21.6871 ], [ -84.1606, 21.3765 ], [ -84.4803, 19.8484 ], [ -86.8716, 20.152 ] ] ] } },
{ "type": "Feature", "properties": { "frame_id": 14888, "rollout": "P3a", "region_name": "Colima", "orbit_pass": "DESCENDING" }, "geometry": { "type": "Polygon", "coordinates": [ [ [ -111.9451, 18.1524 ], [ -111.6481, 19.6878 ], [ -109.2659, 19.3729 ], [ -109.5834, 17.8444 ], [ -111.9451, 18.1524 ] ] ] } },
{ "type": "Feature", "properties": { "frame_id": 16391, "rollout": "P3a", "region_name": "Puerto Rico", "orbit_pass": "ASCENDING" }, "geometry": { "type": "Polygon", "coordinates": [ [ [ -66.1045, 18.3697 ], [ -63.7812, 18.9183 ], [ -63.4839, 17.3828 ], [ -65.7879, 16.8409 ], [ -66.1045, 18.3697 ] ] ] } },
{ "type": "Feature", "properties": { "frame_id": 16392, "rollout": "P3a", "region_name": "Puerto Rico", "orbit_pass": "ASCENDING" }, "geometry": { "type": "Polygon", "coordinates": [ [ [ -66.3816, 19.7033 ], [ -64.0386, 20.249 ], [ -63.7415, 18.7137 ], [ -66.0639, 18.1748 ], [ -66.3816, 19.7033 ] ] ] } },
{ "type": "Feature", "properties": { "frame_id": 16661, "rollout": "P3a", "region_name": "Campeche", "orbit_pass": "ASCENDING" }, "geometry": { "type": "Polygon", "coordinates": [ [ [ -91.2054, 20.3805 ], [ -88.8522, 20.9246 ], [ -88.5553, 19.3893 ], [ -90.887, 18.8522 ], [ -91.2054, 20.3805 ] ] ] } },
{ "type": "Feature", "properties": { "frame_id": 16662, "rollout": "P3a", "region_name": "Yucatán", "orbit_pass": "ASCENDING" }, "geometry": { "type": "Polygon", "coordinates": [ [ [ -91.4844, 21.7138 ], [ -89.109, 22.255 ], [ -88.8125, 20.7199 ], [ -91.1646, 20.1857 ], [ -91.4844, 21.7138 ] ] ] } },
{ "type": "Feature", "properties": { "frame_id": 16663, "rollout": "P3a", "region_name": "Yucatán", "orbit_pass": "ASCENDING" }, "geometry": { "type": "Polygon", "coordinates": [ [ [ -91.765, 23.0467 ], [ -89.3657, 23.5851 ], [ -89.0694, 22.0503 ], [ -91.4433, 21.5189 ], [ -91.765, 23.0467 ] ] ] } },
{ "type": "Feature", "properties": { "frame_id": 18632, "rollout": "P3a", "region_name": "Illinois", "orbit_pass": "DESCENDING" }, "geometry": { "type": "Polygon", "coordinates": [ [ [ -93.682, 37.9109 ], [ -93.3692, 39.4415 ], [ -90.4625, 39.159 ], [ -90.8345, 37.6373 ], [ -93.682, 37.9109 ] ] ] } },
{ "type": "Feature", "properties": { "frame_id": 18633, "rollout": "P3a", "region_name": "Arkansas", "orbit_pass": "DESCENDING" }, "geometry": { "type": "Polygon", "coordinates": [ [ [ -93.9499, 36.5847 ], [ -93.64, 38.1157 ], [ -90.7868, 37.832 ], [ -91.1519, 36.3097 ], [ -93.9499, 36.5847 ] ] ] } },
{ "type": "Feature", "properties": { "frame_id": 18634, "rollout": "P3a", "region_name": "Arkansas", "orbit_pass": "DESCENDING" }, "geometry": { "type": "Polygon", "coordinates": [ [ [ -94.2155, 35.258 ], [ -93.9083, 36.7895 ], [ -91.1051, 36.5043 ], [ -91.4642, 34.9814 ], [ -94.2155, 35.258 ] ] ] } },
{ "type": "Feature", "properties": { "frame_id": 18646, "rollout": "P3a", "region_name": "Veracruz", "orbit_pass": "DESCENDING" }, "geometry": { "type": "Polygon", "coordinates": [ [ [ -97.3209, 19.3101 ], [ -97.0241, 20.8453 ], [ -94.6239, 20.533 ], [ -94.9424, 19.0046 ], [ -97.3209, 19.3101 ] ] ] } },
{ "type": "Feature", "properties": { "frame_id": 18647, "rollout": "P3a", "region_name": "Veracruz", "orbit_pass": "DESCENDING" }, "geometry": { "type": "Polygon", "coordinates": [ [ [ -97.5782, 17.9793 ], [ -97.2812, 19.5147 ], [ -94.9017, 19.1995 ], [ -95.2189, 17.6709 ], [ -97.5782, 17.9793 ] ] ] } },
{ "type": "Feature", "properties": { "frame_id": 18648, "rollout": "P3a", "region_name": "Oaxaca", "orbit_pass": "DESCENDING" }, "geometry": { "type": "Polygon", "coordinates": [ [ [ -97.8366, 16.6484 ], [ -97.5385, 18.1839 ], [ -95.1785, 17.8658 ], [ -95.4947, 16.3369 ], [ -97.8366, 16.6484 ] ] ] } },
{ "type": "Feature", "properties": { "frame_id": 18649, "rollout": "P3a", "region_name": "Oaxaca", "orbit_pass": "DESCENDING" }, "geometry": { "type": "Polygon", "coordinates": [ [ [ -98.0959, 15.3173 ], [ -97.7968, 16.8529 ], [ -95.4544, 16.5318 ], [ -95.7699, 15.0028 ], [ -98.0959, 15.3173 ] ] ] } },
{ "type": "Feature", "properties": { "frame_id": 20430, "rollout": "P3a", "region_name": "South Carolina", "orbit_pass": "ASCENDING" }, "geometry": { "type": "Polygon", "coordinates": [ [ [ -79.7418, 33.8637 ], [ -77.0735, 34.3832 ], [ -76.7702, 32.851 ], [ -79.3935, 32.3396 ], [ -79.7418, 33.8637 ] ] ] } },
{ "type": "Feature", "properties": { "frame_id": 20431, "rollout": "P3a", "region_name": "North Carolina", "orbit_pass": "ASCENDING" }, "geometry": { "type": "Polygon", "coordinates": [ [ [ -80.05, 35.1925 ], [ -77.3386, 35.7101 ], [ -77.0326, 34.1784 ], [ -79.6966, 33.669 ], [ -80.05, 35.1925 ] ] ] } },
{ "type": "Feature", "properties": { "frame_id": 20432, "rollout": "P3a", "region_name": "Virginia", "orbit_pass": "ASCENDING" }, "geometry": { "type": "Polygon", "coordinates": [ [ [ -80.363, 36.5208 ], [ -77.6051, 37.0367 ], [ -77.2973, 35.5053 ], [ -80.004, 34.9978 ], [ -80.363, 36.5208 ] ] ] } },
{ "type": "Feature", "properties": { "frame_id": 20433, "rollout": "P3a", "region_name": "West Virginia", "orbit_pass": "ASCENDING" }, "geometry": { "type": "Polygon", "coordinates": [ [ [ -80.6815, 37.8484 ], [ -77.8738, 38.3629 ], [ -77.5634, 36.8319 ], [ -80.3162, 36.3261 ], [ -80.6815, 37.8484 ] ] ] } },
{ "type": "Feature", "properties": { "frame_id": 20685, "rollout": "P3a", "region_name": "Oaxaca", "orbit_pass": "ASCENDING" }, "geometry": { "type": "Polygon", "coordinates": [ [ [ -100.5581, 15.8897 ], [ -98.2688, 16.4437 ], [ -97.9694, 14.908 ], [ -100.2429, 14.3605 ], [ -100.5581, 15.8897 ] ] ] } },
{ "type": "Feature", "properties": { "frame_id": 20686, "rollout": "P3a", "region_name": "Oaxaca", "orbit_pass": "ASCENDING" }, "geometry": { "type": "Polygon", "coordinates": [ [ [ -100.8336, 17.2238 ], [ -98.5273, 17.7747 ], [ -98.2289, 16.2391 ], [ -100.5178, 15.6948 ], [ -100.8336, 17.2238 ] ] ] } },
{ "type": "Feature", "properties": { "frame_id": 20687, "rollout": "P3a", "region_name": "México", "orbit_pass": "ASCENDING" }, "geometry": { "type": "Polygon", "coordinates": [ [ [ -101.1098, 18.5577 ], [ -98.7847, 19.1056 ], [ -98.4875, 17.5701 ], [ -100.7932, 17.0289 ], [ -101.1098, 18.5577 ] ] ] } },
{ "type": "Feature", "properties": { "frame_id": 20689, "rollout": "P3a", "region_name": "México", "orbit_pass": "ASCENDING" }, "geometry": { "type": "Polygon", "coordinates": [ [ [ -101.6654, 21.2247 ], [ -99.2988, 21.7668 ], [ -99.0022, 20.2316 ], [ -101.3463, 19.6965 ], [ -101.6654, 21.2247 ] ] ] } },
{ "type": "Feature", "properties": { "frame_id": 20690, "rollout": "P3a", "region_name": "Zacatecas", "orbit_pass": "ASCENDING" }, "geometry": { "type": "Polygon", "coordinates": [ [ [ -101.9452, 22.5578 ], [ -99.5554, 23.0971 ], [ -99.2591, 21.5621 ], [ -101.6244, 21.0299 ], [ -101.9452, 22.5578 ] ] ] } },
{ "type": "Feature", "properties": { "frame_id": 20691, "rollout": "P3a", "region_name": "Zacatecas", "orbit_pass": "ASCENDING" }, "geometry": { "type": "Polygon", "coordinates": [ [ [ -102.2286, 23.8902 ], [ -99.812, 24.4271 ], [ -99.5158, 22.8923 ], [ -101.9039, 22.363 ], [ -102.2286, 23.8902 ] ] ] } },
{ "type": "Feature", "properties": { "frame_id": 22392, "rollout": "P3a", "region_name": "Virginia", "orbit_pass": "DESCENDING" }, "geometry": { "type": "Polygon", "coordinates": [ [ [ -79.5843, 36.413 ], [ -79.2748, 37.9441 ], [ -76.429, 37.6604 ], [ -76.7932, 36.1379 ], [ -79.5843, 36.413 ] ] ] } },
{ "type": "Feature", "properties": { "frame_id": 22393, "rollout": "P3a", "region_name": "Virginia", "orbit_pass": "DESCENDING" }, "geometry": { "type": "Polygon", "coordinates": [ [ [ -79.8502, 35.0863 ], [ -79.5427, 36.6178 ], [ -76.7465, 36.3326 ], [ -77.1048, 34.8095 ], [ -79.8502, 35.0863 ] ] ] } },
{ "type": "Feature", "properties": { "frame_id": 22394, "rollout": "P3a", "region_name": "South Carolina", "orbit_pass": "DESCENDING" }, "geometry": { "type": "Polygon", "coordinates": [ [ [ -80.1136, 33.7591 ], [ -79.809, 35.2911 ], [ -77.0588, 35.0042 ], [ -77.4114, 33.4805 ], [ -80.1136, 33.7591 ] ] ] } },
{ "type": "Feature", "properties": { "frame_id": 22395, "rollout": "P3a", "region_name": "South Carolina", "orbit_pass": "DESCENDING" }, "geometry": { "type": "Polygon", "coordinates": [ [ [ -80.3754, 32.4315 ], [ -80.0728, 33.964 ], [ -77.3662, 33.6753 ], [ -77.7138, 32.151 ], [ -80.3754, 32.4315 ] ] ] } },
{ "type": "Feature", "properties": { "frame_id": 22396, "rollout": "P3a", "region_name": "South Carolina", "orbit_pass": "DESCENDING" }, "geometry": { "type": "Polygon", "coordinates": [ [ [ -80.6359, 31.1036 ], [ -80.3348, 32.6364 ], [ -77.6693, 32.3458 ], [ -78.0122, 30.8209 ], [ -80.6359, 31.1036 ] ] ] } },
{ "type": "Feature", "properties": { "frame_id": 22398, "rollout": "P3a", "region_name": "Florida", "orbit_pass": "DESCENDING" }, "geometry": { "type": "Polygon", "coordinates": [ [ [ -81.1537, 28.4465 ], [ -80.855, 29.98 ], [ -78.2637, 29.6852 ], [ -78.5988, 28.1594 ], [ -81.1537, 28.4465 ] ] ] } },
{ "type": "Feature", "properties": { "frame_id": 22399, "rollout": "P3a", "region_name": "Florida", "orbit_pass": "DESCENDING" }, "geometry": { "type": "Polygon", "coordinates": [ [ [ -81.4114, 27.1175 ], [ -81.1137, 28.6513 ], [ -78.5559, 28.3542 ], [ -78.8877, 26.828 ], [ -81.4114, 27.1175 ] ] ] } },
{ "type": "Feature", "properties": { "frame_id": 22400, "rollout": "P3a", "region_name": "Florida", "orbit_pass": "DESCENDING" }, "geometry": { "type": "Polygon", "coordinates": [ [ [ -81.6686, 25.7882 ], [ -81.3715, 27.3223 ], [ -78.8453, 27.0228 ], [ -79.1741, 25.4961 ], [ -81.6686, 25.7882 ] ] ] } },
{ "type": "Feature", "properties": { "frame_id": 22401, "rollout": "P3a", "region_name": "Florida", "orbit_pass": "DESCENDING" }, "geometry": { "type": "Polygon", "coordinates": [ [ [ -81.9254, 24.4585 ], [ -81.6288, 25.9929 ], [ -79.132, 25.6909 ], [ -79.4582, 24.1639 ], [ -81.9254, 24.4585 ] ] ] } },
{ "type": "Feature", "properties": { "frame_id": 22402, "rollout": "P3a", "region_name": "Florida", "orbit_pass": "DESCENDING" }, "geometry": { "type": "Polygon", "coordinates": [ [ [ -82.1821, 23.1286 ], [ -81.8857, 24.6632 ], [ -79.4165, 24.3587 ], [ -79.742, 22.8316 ], [ -82.1821, 23.1286 ] ] ] } },
{ "type": "Feature", "properties": { "frame_id": 22670, "rollout": "P3a", "region_name": "Durango", "orbit_pass": "DESCENDING" }, "geometry": { "type": "Polygon", "coordinates": [ [ [ -106.7415, 23.7899 ], [ -106.445, 25.3244 ], [ -103.9623, 25.0212 ], [ -104.2872, 23.494 ], [ -106.7415, 23.7899 ] ] ] } },
{ "type": "Feature", "properties": { "frame_id": 22671, "rollout": "P3a", "region_name": "Nayarit", "orbit_pass": "DESCENDING" }, "geometry": { "type": "Polygon", "coordinates": [ [ [ -106.9981, 22.4599 ], [ -106.7018, 23.9947 ], [ -104.2456, 23.6888 ], [ -104.5683, 22.1612 ], [ -106.9981, 22.4599 ] ] ] } },
{ "type": "Feature", "properties": { "frame_id": 22672, "rollout": "P3a", "region_name": "Jalisco", "orbit_pass": "DESCENDING" }, "geometry": { "type": "Polygon", "coordinates": [ [ [ -107.2549, 21.1296 ], [ -106.9584, 22.6646 ], [ -104.5271, 22.3561 ], [ -104.8478, 20.8281 ], [ -107.2549, 21.1296 ] ] ] } },
{ "type": "Feature", "properties": { "frame_id": 22673, "rollout": "P3a", "region_name": "Jalisco", "orbit_pass": "DESCENDING" }, "geometry": { "type": "Polygon", "coordinates": [ [ [ -107.512, 19.7991 ], [ -107.2152, 21.3343 ], [ -104.8068, 21.023 ], [ -105.126, 19.4948 ], [ -107.512, 19.7991 ] ] ] } },
{ "type": "Feature", "properties": { "frame_id": 22674, "rollout": "P3a", "region_name": "Jalisco", "orbit_pass": "DESCENDING" }, "geometry": { "type": "Polygon", "coordinates": [ [ [ -107.7692, 18.4684 ], [ -107.4723, 20.0038 ], [ -105.0853, 19.6896 ], [ -105.403, 18.1611 ], [ -107.7692, 18.4684 ] ] ] } },
{ "type": "Feature", "properties": { "frame_id": 24448, "rollout": "P3a", "region_name": "Quintana Roo", "orbit_pass": "ASCENDING" }, "geometry": { "type": "Polygon", "coordinates": [ [ [ -87.3033, 21.3973 ], [ -84.9334, 21.9391 ], [ -84.6368, 20.404 ], [ -86.9839, 19.8691 ], [ -87.3033, 21.3973 ] ] ] } },
{ "type": "Feature", "properties": { "frame_id": 24449, "rollout": "P3a", "region_name": "Quintana Roo", "orbit_pass": "ASCENDING" }, "geometry": { "type": "Polygon", "coordinates": [ [ [ -87.5834, 22.7304 ], [ -85.19, 23.2693 ], [ -84.8937, 21.7344 ], [ -87.2623, 21.2025 ], [ -87.5834, 22.7304 ] ] ] } },
{ "type": "Feature", "properties": { "frame_id": 24456, "rollout": "P3a", "region_name": "Mississippi", "orbit_pass": "ASCENDING" }, "geometry": { "type": "Polygon", "coordinates": [ [ [ -89.6104, 32.0503 ], [ -86.9985, 32.5723 ], [ -86.6975, 31.0395 ], [ -89.2683, 30.5254 ], [ -89.6104, 32.0503 ] ] ] } },
{ "type": "Feature", "properties": { "frame_id": 24457, "rollout": "P3a", "region_name": "Mississippi", "orbit_pass": "ASCENDING" }, "geometry": { "type": "Polygon", "coordinates": [ [ [ -89.9125, 33.38 ], [ -87.2605, 33.8999 ], [ -86.9579, 32.3675 ], [ -89.566, 31.8556 ], [ -89.9125, 33.38 ] ] ] } },
{ "type": "Feature", "properties": { "frame_id": 24458, "rollout": "P3a", "region_name": "Tennessee", "orbit_pass": "ASCENDING" }, "geometry": { "type": "Polygon", "coordinates": [ [ [ -90.2189, 34.709 ], [ -87.5248, 35.2271 ], [ -87.2196, 33.6951 ], [ -89.8675, 33.1852 ], [ -90.2189, 34.709 ] ] ] } },
{ "type": "Feature", "properties": { "frame_id": 24459, "rollout": "P3a", "region_name": "Tennessee", "orbit_pass": "ASCENDING" }, "geometry": { "type": "Polygon", "coordinates": [ [ [ -90.5299, 36.0376 ], [ -87.7904, 36.5538 ], [ -87.4836, 35.0222 ], [ -90.1731, 34.5143 ], [ -90.5299, 36.0376 ] ] ] } },
{ "type": "Feature", "properties": { "frame_id": 24460, "rollout": "P3a", "region_name": "Missouri", "orbit_pass": "ASCENDING" }, "geometry": { "type": "Polygon", "coordinates": [ [ [ -90.8463, 37.3655 ], [ -88.0582, 37.8802 ], [ -87.7489, 36.349 ], [ -90.4834, 35.8429 ], [ -90.8463, 37.3655 ] ] ] } },
{ "type": "Feature", "properties": { "frame_id": 24461, "rollout": "P3a", "region_name": "Missouri", "orbit_pass": "ASCENDING" }, "geometry": { "type": "Polygon", "coordinates": [ [ [ -91.1683, 38.6928 ], [ -88.3286, 39.2061 ], [ -88.0163, 37.6754 ], [ -90.7989, 37.1708 ], [ -91.1683, 38.6928 ] ] ] } },
{ "type": "Feature", "properties": { "frame_id": 24715, "rollout": "P3a", "region_name": "Colima", "orbit_pass": "ASCENDING" }, "geometry": { "type": "Polygon", "coordinates": [ [ [ -111.5701, 19.4046 ], [ -109.2329, 19.9505 ], [ -108.935, 18.4152 ], [ -111.2527, 17.8759 ], [ -111.5701, 19.4046 ] ] ] } },
{ "type": "Feature", "properties": { "frame_id": 24716, "rollout": "P3a", "region_name": "Colima", "orbit_pass": "ASCENDING" }, "geometry": { "type": "Polygon", "coordinates": [ [ [ -111.8482, 20.7381 ], [ -109.49, 21.2811 ], [ -109.1932, 19.7459 ], [ -111.5294, 19.2097 ], [ -111.8482, 20.7381 ] ] ] } },
{ "type": "Feature", "properties": { "frame_id": 26165, "rollout": "P3a", "region_name": "Puerto Rico", "orbit_pass": "DESCENDING" }, "geometry": { "type": "Polygon", "coordinates": [ [ [ -68.8448, 17.6336 ], [ -68.5477, 19.1691 ], [ -66.174, 18.8533 ], [ -66.4908, 17.3245 ], [ -68.8448, 17.6336 ] ] ] } },
{ "type": "Feature", "properties": { "frame_id": 26419, "rollout": "P3a", "region_name": "Tennessee", "orbit_pass": "DESCENDING" }, "geometry": { "type": "Polygon", "coordinates": [ [ [ -89.772, 36.8976 ], [ -89.4614, 38.4285 ], [ -86.5956, 38.1451 ], [ -86.9623, 36.6229 ], [ -89.772, 36.8976 ] ] ] } },
{ "type": "Feature", "properties": { "frame_id": 26420, "rollout": "P3a", "region_name": "Tennessee", "orbit_pass": "DESCENDING" }, "geometry": { "type": "Polygon", "coordinates": [ [ [ -90.0381, 35.571 ], [ -89.7303, 37.1024 ], [ -86.9153, 36.8176 ], [ -87.2758, 35.2947 ], [ -90.0381, 35.571 ] ] ] } },
{ "type": "Feature", "properties": { "frame_id": 26421, "rollout": "P3a", "region_name": "Tennessee", "orbit_pass": "DESCENDING" }, "geometry": { "type": "Polygon", "coordinates": [ [ [ -90.3028, 34.2441 ], [ -89.9968, 35.7758 ], [ -87.2296, 35.4894 ], [ -87.5843, 33.966 ], [ -90.3028, 34.2441 ] ] ] } },
{ "type": "Feature", "properties": { "frame_id": 26422, "rollout": "P3a", "region_name": "Alabama", "orbit_pass": "DESCENDING" }, "geometry": { "type": "Polygon", "coordinates": [ [ [ -90.5652, 32.9166 ], [ -90.2618, 34.4489 ], [ -87.5388, 34.1607 ], [ -87.8882, 32.6367 ], [ -90.5652, 32.9166 ] ] ] } },
{ "type": "Feature", "properties": { "frame_id": 26423, "rollout": "P3a", "region_name": "Mississippi", "orbit_pass": "DESCENDING" }, "geometry": { "type": "Polygon", "coordinates": [ [ [ -90.8262, 31.5888 ], [ -90.5245, 33.1215 ], [ -87.8435, 32.8314 ], [ -88.1881, 31.3069 ], [ -90.8262, 31.5888 ] ] ] } },
{ "type": "Feature", "properties": { "frame_id": 26432, "rollout": "P3a", "region_name": "Campeche", "orbit_pass": "DESCENDING" }, "geometry": { "type": "Polygon", "coordinates": [ [ [ -93.1455, 19.6239 ], [ -92.8487, 21.1591 ], [ -90.4434, 20.8475 ], [ -90.7623, 19.3192 ], [ -93.1455, 19.6239 ] ] ] } },
{ "type": "Feature", "properties": { "frame_id": 26433, "rollout": "P3a", "region_name": "Campeche", "orbit_pass": "DESCENDING" }, "geometry": { "type": "Polygon", "coordinates": [ [ [ -93.4027, 18.2932 ], [ -93.1058, 19.8286 ], [ -90.7216, 19.5141 ], [ -91.0391, 17.9855 ], [ -93.4027, 18.2932 ] ] ] } },
{ "type": "Feature", "properties": { "frame_id": 26434, "rollout": "P3a", "region_name": "Campeche", "orbit_pass": "DESCENDING" }, "geometry": { "type": "Polygon", "coordinates": [ [ [ -93.6609, 16.9623 ], [ -93.3629, 18.4978 ], [ -90.9986, 18.1804 ], [ -91.3151, 16.6516 ], [ -93.6609, 16.9623 ] ] ] } },
{ "type": "Feature", "properties": { "frame_id": 28218, "rollout": "P3a", "region_name": "North Carolina", "orbit_pass": "ASCENDING" }, "geometry": { "type": "Polygon", "coordinates": [ [ [ -76.1737, 36.2067 ], [ -73.4273, 36.7229 ], [ -73.1201, 35.1915 ], [ -75.8161, 34.6836 ], [ -76.1737, 36.2067 ] ] ] } },
{ "type": "Feature", "properties": { "frame_id": 28219, "rollout": "P3a", "region_name": "Virginia", "orbit_pass": "ASCENDING" }, "geometry": { "type": "Polygon", "coordinates": [ [ [ -76.4908, 37.5344 ], [ -73.6955, 38.0492 ], [ -73.3857, 36.5181 ], [ -76.1271, 36.012 ], [ -76.4908, 37.5344 ] ] ] } },
{ "type": "Feature", "properties": { "frame_id": 28220, "rollout": "P3a", "region_name": "Virginia", "orbit_pass": "ASCENDING" }, "geometry": { "type": "Polygon", "coordinates": [ [ [ -76.8137, 38.8616 ], [ -73.9662, 39.375 ], [ -73.6535, 37.8444 ], [ -76.4433, 37.3398 ], [ -76.8137, 38.8616 ] ] ] } },
{ "type": "Feature", "properties": { "frame_id": 28471, "rollout": "P3a", "region_name": "Oaxaca", "orbit_pass": "ASCENDING" }, "geometry": { "type": "Polygon", "coordinates": [ [ [ -96.3791, 15.5751 ], [ -94.0934, 16.1298 ], [ -93.7938, 14.5942 ], [ -96.0642, 14.0459 ], [ -96.3791, 15.5751 ] ] ] } },
{ "type": "Feature", "properties": { "frame_id": 28472, "rollout": "P3a", "region_name": "Chiapas", "orbit_pass": "ASCENDING" }, "geometry": { "type": "Polygon", "coordinates": [ [ [ -96.6544, 16.9092 ], [ -94.3521, 17.4609 ], [ -94.0535, 15.9253 ], [ -96.3389, 15.3802 ], [ -96.6544, 16.9092 ] ] ] } },
{ "type": "Feature", "properties": { "frame_id": 28473, "rollout": "P3a", "region_name": "Oaxaca", "orbit_pass": "ASCENDING" }, "geometry": { "type": "Polygon", "coordinates": [ [ [ -96.9304, 18.2432 ], [ -94.6096, 18.7918 ], [ -94.3123, 17.2563 ], [ -96.6141, 16.7143 ], [ -96.9304, 18.2432 ] ] ] } },
{ "type": "Feature", "properties": { "frame_id": 28474, "rollout": "P3a", "region_name": "Veracruz", "orbit_pass": "ASCENDING" }, "geometry": { "type": "Polygon", "coordinates": [ [ [ -97.2073, 19.5769 ], [ -94.867, 20.1226 ], [ -94.5699, 18.5872 ], [ -96.8899, 18.0483 ], [ -97.2073, 19.5769 ] ] ] } },
{ "type": "Feature", "properties": { "frame_id": 28475, "rollout": "P3a", "region_name": "Veracruz", "orbit_pass": "ASCENDING" }, "geometry": { "type": "Polygon", "coordinates": [ [ [ -97.4867, 20.9101 ], [ -95.1239, 21.4531 ], [ -94.8273, 19.9179 ], [ -97.1677, 19.3818 ], [ -97.4867, 20.9101 ] ] ] } },
{ "type": "Feature", "properties": { "frame_id": 28476, "rollout": "P3a", "region_name": "Veracruz", "orbit_pass": "ASCENDING" }, "geometry": { "type": "Polygon", "coordinates": [ [ [ -97.7664, 22.2432 ], [ -95.3816, 22.7832 ], [ -95.0851, 21.2483 ], [ -97.4458, 20.7152 ], [ -97.7664, 22.2432 ] ] ] } },
{ "type": "Feature", "properties": { "frame_id": 28477, "rollout": "P3a", "region_name": "Tamaulipas", "orbit_pass": "ASCENDING" }, "geometry": { "type": "Polygon", "coordinates": [ [ [ -98.0476, 23.576 ], [ -95.6382, 24.1133 ], [ -95.3419, 22.5785 ], [ -97.7252, 22.0484 ], [ -98.0476, 23.576 ] ] ] } },
{ "type": "Feature", "properties": { "frame_id": 28478, "rollout": "P3a", "region_name": "Tamaulipas", "orbit_pass": "ASCENDING" }, "geometry": { "type": "Polygon", "coordinates": [ [ [ -98.3307, 24.9085 ], [ -95.895, 25.4431 ], [ -95.5985, 23.9086 ], [ -98.0061, 23.3812 ], [ -98.3307, 24.9085 ] ] ] } },
{ "type": "Feature", "properties": { "frame_id": 30180, "rollout": "P3a", "region_name": "North Carolina", "orbit_pass": "DESCENDING" }, "geometry": { "type": "Polygon", "coordinates": [ [ [ -75.9369, 34.0721 ], [ -75.6312, 35.6039 ], [ -72.8707, 35.3174 ], [ -73.2246, 33.7939 ], [ -75.9369, 34.0721 ] ] ] } },
{ "type": "Feature", "properties": { "frame_id": 30457, "rollout": "P3a", "region_name": "Nuevo León", "orbit_pass": "DESCENDING" }, "geometry": { "type": "Polygon", "coordinates": [ [ [ -102.823, 22.7732 ], [ -102.5267, 24.3079 ], [ -100.0644, 24.0027 ], [ -100.3875, 22.4752 ], [ -102.823, 22.7732 ] ] ] } },
{ "type": "Feature", "properties": { "frame_id": 30458, "rollout": "P3a", "region_name": "Zacatecas", "orbit_pass": "DESCENDING" }, "geometry": { "type": "Polygon", "coordinates": [ [ [ -103.0798, 21.443 ], [ -102.7834, 22.9779 ], [ -100.3462, 22.67 ], [ -100.6674, 21.1422 ], [ -103.0798, 21.443 ] ] ] } },
{ "type": "Feature", "properties": { "frame_id": 30459, "rollout": "P3a", "region_name": "Zacatecas", "orbit_pass": "DESCENDING" }, "geometry": { "type": "Polygon", "coordinates": [ [ [ -103.3368, 20.1126 ], [ -103.0401, 21.6477 ], [ -100.6264, 21.337 ], [ -100.946, 19.8089 ], [ -103.3368, 20.1126 ] ] ] } },
{ "type": "Feature", "properties": { "frame_id": 30460, "rollout": "P3a", "region_name": "Michoacán", "orbit_pass": "DESCENDING" }, "geometry": { "type": "Polygon", "coordinates": [ [ [ -103.5943, 18.7819 ], [ -103.2972, 20.3172 ], [ -100.9052, 20.0037 ], [ -101.2242, 18.4755 ], [ -103.5943, 18.7819 ] ] ] } },
{ "type": "Feature", "properties": { "frame_id": 30461, "rollout": "P3a", "region_name": "Jalisco", "orbit_pass": "DESCENDING" }, "geometry": { "type": "Polygon", "coordinates": [ [ [ -103.8525, 17.4512 ], [ -103.5546, 18.9866 ], [ -101.1836, 18.6704 ], [ -101.5003, 17.1416 ], [ -103.8525, 17.4512 ] ] ] } },
{ "type": "Feature", "properties": { "frame_id": 32237, "rollout": "P3a", "region_name": "Florida", "orbit_pass": "ASCENDING" }, "geometry": { "type": "Polygon", "coordinates": [ [ [ -83.9695, 25.0799 ], [ -81.5298, 25.6143 ], [ -81.2333, 24.0799 ], [ -83.6446, 23.5527 ], [ -83.9695, 25.0799 ] ] ] } },
{ "type": "Feature", "properties": { "frame_id": 32238, "rollout": "P3a", "region_name": "Florida", "orbit_pass": "ASCENDING" }, "geometry": { "type": "Polygon", "coordinates": [ [ [ -84.2551, 26.4119 ], [ -81.7869, 26.9438 ], [ -81.4901, 25.4096 ], [ -83.9276, 24.8851 ], [ -84.2551, 26.4119 ] ] ] } },
{ "type": "Feature", "properties": { "frame_id": 32239, "rollout": "P3a", "region_name": "Florida", "orbit_pass": "ASCENDING" }, "geometry": { "type": "Polygon", "coordinates": [ [ [ -84.5432, 27.7436 ], [ -82.0445, 28.2729 ], [ -81.7471, 26.739 ], [ -84.2129, 26.2171 ], [ -84.5432, 27.7436 ] ] ] } },
{ "type": "Feature", "properties": { "frame_id": 32240, "rollout": "P3a", "region_name": "Florida", "orbit_pass": "ASCENDING" }, "geometry": { "type": "Polygon", "coordinates": [ [ [ -84.834, 29.0748 ], [ -82.303, 29.6017 ], [ -82.0046, 28.0681 ], [ -84.5005, 27.5488 ], [ -84.834, 29.0748 ] ] ] } },
{ "type": "Feature", "properties": { "frame_id": 32241, "rollout": "P3a", "region_name": "Florida", "orbit_pass": "ASCENDING" }, "geometry": { "type": "Polygon", "coordinates": [ [ [ -85.1278, 30.4055 ], [ -82.5622, 30.9301 ], [ -82.2629, 29.3969 ], [ -84.7908, 28.88 ], [ -85.1278, 30.4055 ] ] ] } },
{ "type": "Feature", "properties": { "frame_id": 32242, "rollout": "P3a", "region_name": "Florida", "orbit_pass": "ASCENDING" }, "geometry": { "type": "Polygon", "coordinates": [ [ [ -85.4251, 31.7358 ], [ -82.8225, 32.2582 ], [ -82.5219, 30.7253 ], [ -85.0842, 30.2107 ], [ -85.4251, 31.7358 ] ] ] } },
{ "type": "Feature", "properties": { "frame_id": 32243, "rollout": "P3a", "region_name": "Georgia", "orbit_pass": "ASCENDING" }, "geometry": { "type": "Polygon", "coordinates": [ [ [ -85.7263, 33.0655 ], [ -83.0841, 33.5859 ], [ -82.7819, 32.0534 ], [ -85.3809, 31.541 ], [ -85.7263, 33.0655 ] ] ] } },
{ "type": "Feature", "properties": { "frame_id": 32244, "rollout": "P3a", "region_name": "South Carolina", "orbit_pass": "ASCENDING" }, "geometry": { "type": "Polygon", "coordinates": [ [ [ -86.0315, 34.3947 ], [ -83.348, 34.9131 ], [ -83.0433, 33.3811 ], [ -85.6814, 32.8707 ], [ -86.0315, 34.3947 ] ] ] } },
{ "type": "Feature", "properties": { "frame_id": 32245, "rollout": "P3a", "region_name": "Tennessee", "orbit_pass": "ASCENDING" }, "geometry": { "type": "Polygon", "coordinates": [ [ [ -86.3414, 35.7234 ], [ -83.6131, 36.24 ], [ -83.3069, 34.7083 ], [ -85.9859, 34.2 ], [ -86.3414, 35.7234 ] ] ] } },
{ "type": "Feature", "properties": { "frame_id": 32246, "rollout": "P3a", "region_name": "Tennessee", "orbit_pass": "ASCENDING" }, "geometry": { "type": "Polygon", "coordinates": [ [ [ -86.6564, 37.0514 ], [ -83.8803, 37.5665 ], [ -83.5717, 36.0352 ], [ -86.295, 35.5287 ], [ -86.6564, 37.0514 ] ] ] } },
{ "type": "Feature", "properties": { "frame_id": 32247, "rollout": "P3a", "region_name": "Ohio", "orbit_pass": "ASCENDING" }, "geometry": { "type": "Polygon", "coordinates": [ [ [ -86.9813, 38.3782 ], [ -84.15, 38.8924 ], [ -83.8385, 37.3616 ], [ -86.6092, 36.8567 ], [ -86.9813, 38.3782 ] ] ] } },
{ "type": "Feature", "properties": { "frame_id": 32501, "rollout": "P3a", "region_name": "Jalisco", "orbit_pass": "ASCENDING" }, "geometry": { "type": "Polygon", "coordinates": [ [ [ -107.3906, 19.0893 ], [ -105.0579, 19.6359 ], [ -104.7605, 18.1005 ], [ -107.0734, 17.5606 ], [ -107.3906, 19.0893 ] ] ] } },
{ "type": "Feature", "properties": { "frame_id": 32502, "rollout": "P3a", "region_name": "Nayarit", "orbit_pass": "ASCENDING" }, "geometry": { "type": "Polygon", "coordinates": [ [ [ -107.6683, 20.4228 ], [ -105.315, 20.9666 ], [ -105.0182, 19.4313 ], [ -107.3499, 18.8944 ], [ -107.6683, 20.4228 ] ] ] } },
{ "type": "Feature", "properties": { "frame_id": 32503, "rollout": "P3a", "region_name": "Nayarit", "orbit_pass": "ASCENDING" }, "geometry": { "type": "Polygon", "coordinates": [ [ [ -107.9473, 21.7561 ], [ -105.5718, 22.297 ], [ -105.2754, 20.7619 ], [ -107.6275, 20.228 ], [ -107.9473, 21.7561 ] ] ] } },
{ "type": "Feature", "properties": { "frame_id": 32504, "rollout": "P3a", "region_name": "Sinaloa", "orbit_pass": "ASCENDING" }, "geometry": { "type": "Polygon", "coordinates": [ [ [ -108.2278, 23.0891 ], [ -105.8284, 23.6272 ], [ -105.5322, 22.0923 ], [ -107.9062, 21.5612 ], [ -108.2278, 23.0891 ] ] ] } },
{ "type": "Feature", "properties": { "frame_id": 32505, "rollout": "P3a", "region_name": "Sinaloa", "orbit_pass": "ASCENDING" }, "geometry": { "type": "Polygon", "coordinates": [ [ [ -108.5101, 24.4217 ], [ -106.0851, 24.9571 ], [ -105.7888, 23.4225 ], [ -108.1865, 22.8942 ], [ -108.5101, 24.4217 ] ] ] } },
{ "type": "Feature", "properties": { "frame_id": 33952, "rollout": "P3a", "region_name": "United States Virgin Islands", "orbit_pass": "DESCENDING" }, "geometry": { "type": "Polygon", "coordinates": [ [ [ -64.9278, 16.6171 ], [ -64.6296, 18.1527 ], [ -62.2707, 17.8346 ], [ -62.587, 16.3057 ], [ -64.9278, 16.6171 ] ] ] } },
{ "type": "Feature", "properties": { "frame_id": 34207, "rollout": "P3a", "region_name": "Tennessee", "orbit_pass": "DESCENDING" }, "geometry": { "type": "Polygon", "coordinates": [ [ [ -86.1257, 34.5565 ], [ -85.819, 36.0881 ], [ -83.0407, 35.802 ], [ -83.3967, 34.2788 ], [ -86.1257, 34.5565 ] ] ] } },
{ "type": "Feature", "properties": { "frame_id": 34208, "rollout": "P3a", "region_name": "Georgia", "orbit_pass": "DESCENDING" }, "geometry": { "type": "Polygon", "coordinates": [ [ [ -86.3885, 33.2291 ], [ -86.0846, 34.7613 ], [ -83.3511, 34.4735 ], [ -83.7052, 32.9501 ], [ -86.3885, 33.2291 ] ] ] } },
{ "type": "Feature", "properties": { "frame_id": 34209, "rollout": "P3a", "region_name": "Georgia", "orbit_pass": "DESCENDING" }, "geometry": { "type": "Polygon", "coordinates": [ [ [ -86.6517, 31.9017 ], [ -86.3477, 33.4339 ], [ -83.6603, 33.1449 ], [ -84.0058, 31.6204 ], [ -86.6517, 31.9017 ] ] ] } },
{ "type": "Feature", "properties": { "frame_id": 34210, "rollout": "P3a", "region_name": "Alabama", "orbit_pass": "DESCENDING" }, "geometry": { "type": "Polygon", "coordinates": [ [ [ -86.9116, 30.5736 ], [ -86.6112, 32.1065 ], [ -83.9616, 31.8152 ], [ -84.3027, 30.2901 ], [ -86.9116, 30.5736 ] ] ] } },
{ "type": "Feature", "properties": { "frame_id": 34211, "rollout": "P3a", "region_name": "Florida", "orbit_pass": "DESCENDING" }, "geometry": { "type": "Polygon", "coordinates": [ [ [ -87.1707, 29.2451 ], [ -86.8713, 30.7784 ], [ -84.259, 30.4849 ], [ -84.5963, 28.9594 ], [ -87.1707, 29.2451 ] ] ] } },
{ "type": "Feature", "properties": { "frame_id": 34217, "rollout": "P3a", "region_name": "Quintana Roo", "orbit_pass": "DESCENDING" }, "geometry": { "type": "Polygon", "coordinates": [ [ [ -88.7131, 21.2676 ], [ -88.4167, 22.8026 ], [ -85.983, 22.4943 ], [ -86.3039, 20.9664 ], [ -88.7131, 21.2676 ] ] ] } },
{ "type": "Feature", "properties": { "frame_id": 34218, "rollout": "P3a", "region_name": "Quintana Roo", "orbit_pass": "DESCENDING" }, "geometry": { "type": "Polygon", "coordinates": [ [ [ -88.9702, 19.9371 ], [ -88.6735, 21.4723 ], [ -86.2629, 21.1613 ], [ -86.5822, 19.6331 ], [ -88.9702, 19.9371 ] ] ] } },
{ "type": "Feature", "properties": { "frame_id": 35991, "rollout": "P3a", "region_name": "Puerto Rico", "orbit_pass": "ASCENDING" }, "geometry": { "type": "Polygon", "coordinates": [ [ [ -68.2061, 18.5863 ], [ -65.8796, 19.1344 ], [ -65.5824, 17.599 ], [ -67.8894, 17.0576 ], [ -68.2061, 18.5863 ] ] ] } },
{ "type": "Feature", "properties": { "frame_id": 36257, "rollout": "P3a", "region_name": "Chiapas", "orbit_pass": "ASCENDING" }, "geometry": { "type": "Polygon", "coordinates": [ [ [ -92.2006, 15.2614 ], [ -89.9186, 15.817 ], [ -89.6187, 14.2813 ], [ -91.8858, 13.7322 ], [ -92.2006, 15.2614 ] ] ] } },
{ "type": "Feature", "properties": { "frame_id": 36258, "rollout": "P3a", "region_name": "Chiapas", "orbit_pass": "ASCENDING" }, "geometry": { "type": "Polygon", "coordinates": [ [ [ -92.4763, 16.5955 ], [ -90.1775, 17.148 ], [ -89.8786, 15.6124 ], [ -92.1607, 15.0665 ], [ -92.4763, 16.5955 ] ] ] } },
{ "type": "Feature", "properties": { "frame_id": 36260, "rollout": "P3a", "region_name": "Chiapas", "orbit_pass": "ASCENDING" }, "geometry": { "type": "Polygon", "coordinates": [ [ [ -93.0293, 19.2632 ], [ -90.6933, 19.8096 ], [ -90.396, 18.2743 ], [ -92.7119, 17.7346 ], [ -93.0293, 19.2632 ] ] ] } },
{ "type": "Feature", "properties": { "frame_id": 36261, "rollout": "P3a", "region_name": "Campeche", "orbit_pass": "ASCENDING" }, "geometry": { "type": "Polygon", "coordinates": [ [ [ -93.3072, 20.5966 ], [ -90.9504, 21.1402 ], [ -90.6536, 19.605 ], [ -92.9886, 19.0683 ], [ -93.3072, 20.5966 ] ] ] } },
{ "type": "Feature", "properties": { "frame_id": 37599, "rollout": "P3a", "region_name": "Commonwealth of the Northern Mariana Islands", "orbit_pass": "ASCENDING" }, "geometry": { "type": "Polygon", "coordinates": [ [ [ 144.4952, 14.6568 ], [ 146.7696, 15.2138 ], [ 147.0703, 13.6781 ], [ 144.81, 13.1275 ], [ 144.4952, 14.6568 ] ] ] } },
{ "type": "Feature", "properties": { "frame_id": 37600, "rollout": "P3a", "region_name": "Commonwealth of the Northern Mariana Islands", "orbit_pass": "ASCENDING" }, "geometry": { "type": "Polygon", "coordinates": [ [ [ 144.22, 15.9911 ], [ 146.5102, 16.5449 ], [ 146.8096, 15.0093 ], [ 144.5353, 14.4619 ], [ 144.22, 15.9911 ] ] ] } },
{ "type": "Feature", "properties": { "frame_id": 38243, "rollout": "P3a", "region_name": "Tamaulipas", "orbit_pass": "DESCENDING" }, "geometry": { "type": "Polygon", "coordinates": [ [ [ -98.648, 23.0854 ], [ -98.3516, 24.6201 ], [ -95.8829, 24.3154 ], [ -96.2066, 22.788 ], [ -98.648, 23.0854 ] ] ] } },
{ "type": "Feature", "properties": { "frame_id": 38244, "rollout": "P3a", "region_name": "San Luis Potosí", "orbit_pass": "DESCENDING" }, "geometry": { "type": "Polygon", "coordinates": [ [ [ -98.9047, 21.7553 ], [ -98.6083, 23.2901 ], [ -96.167, 22.9832 ], [ -96.4884, 21.4553 ], [ -98.9047, 21.7553 ] ] ] } },
{ "type": "Feature", "properties": { "frame_id": 38245, "rollout": "P3a", "region_name": "Hidalgo", "orbit_pass": "DESCENDING" }, "geometry": { "type": "Polygon", "coordinates": [ [ [ -99.1625, 20.425 ], [ -98.866, 21.9601 ], [ -96.4473, 21.6502 ], [ -96.767, 20.1221 ], [ -99.1625, 20.425 ] ] ] } },
{ "type": "Feature", "properties": { "frame_id": 38248, "rollout": "P3a", "region_name": "Guerrero", "orbit_pass": "DESCENDING" }, "geometry": { "type": "Polygon", "coordinates": [ [ [ -99.9357, 16.4327 ], [ -99.6374, 17.9682 ], [ -97.2804, 17.6496 ], [ -97.5965, 16.1207 ], [ -99.9357, 16.4327 ] ] ] } },
{ "type": "Feature", "properties": { "frame_id": 38249, "rollout": "P3a", "region_name": "Guerrero", "orbit_pass": "DESCENDING" }, "geometry": { "type": "Polygon", "coordinates": [ [ [ -100.1951, 15.1016 ], [ -99.8958, 16.6372 ], [ -97.5562, 16.3156 ], [ -97.8715, 14.7865 ], [ -100.1951, 15.1016 ] ] ] } },
{ "type": "Feature", "properties": { "frame_id": 40025, "rollout": "P3a", "region_name": "Florida", "orbit_pass": "ASCENDING" }, "geometry": { "type": "Polygon", "coordinates": [ [ [ -80.3615, 27.4295 ], [ -77.8702, 27.9595 ], [ -77.5729, 26.4255 ], [ -80.0319, 25.903 ], [ -80.3615, 27.4295 ] ] ] } },
{ "type": "Feature", "properties": { "frame_id": 40026, "rollout": "P3a", "region_name": "Florida", "orbit_pass": "ASCENDING" }, "geometry": { "type": "Polygon", "coordinates": [ [ [ -80.6516, 28.7608 ], [ -78.1285, 29.2883 ], [ -77.8302, 27.7547 ], [ -80.3189, 27.2347 ], [ -80.6516, 28.7608 ] ] ] } },
{ "type": "Feature", "properties": { "frame_id": 40027, "rollout": "P3a", "region_name": "Florida", "orbit_pass": "ASCENDING" }, "geometry": { "type": "Polygon", "coordinates": [ [ [ -80.9447, 30.0916 ], [ -78.3875, 30.6168 ], [ -78.0884, 29.0835 ], [ -80.6085, 28.566 ], [ -80.9447, 30.0916 ] ] ] } },
{ "type": "Feature", "properties": { "frame_id": 40029, "rollout": "P3a", "region_name": "South Carolina", "orbit_pass": "ASCENDING" }, "geometry": { "type": "Polygon", "coordinates": [ [ [ -81.5413, 32.7518 ], [ -78.9087, 33.2728 ], [ -78.607, 31.7402 ], [ -81.197, 31.2272 ], [ -81.5413, 32.7518 ] ] ] } },
{ "type": "Feature", "properties": { "frame_id": 40030, "rollout": "P3a", "region_name": "South Carolina", "orbit_pass": "ASCENDING" }, "geometry": { "type": "Polygon", "coordinates": [ [ [ -81.8455, 34.0812 ], [ -79.1722, 34.6001 ], [ -78.868, 33.068 ], [ -81.4965, 32.5571 ], [ -81.8455, 34.0812 ] ] ] } },
{ "type": "Feature", "properties": { "frame_id": 40031, "rollout": "P3a", "region_name": "South Carolina", "orbit_pass": "ASCENDING" }, "geometry": { "type": "Polygon", "coordinates": [ [ [ -82.1581, 35.4093 ], [ -79.4369, 35.927 ], [ -79.1312, 34.3952 ], [ -81.8037, 33.8859 ], [ -82.1581, 35.4093 ] ] ] } },
{ "type": "Feature", "properties": { "frame_id": 40032, "rollout": "P3a", "region_name": "Virginia", "orbit_pass": "ASCENDING" }, "geometry": { "type": "Polygon", "coordinates": [ [ [ -82.472, 36.7375 ], [ -79.706, 37.2532 ], [ -79.3978, 35.7219 ], [ -82.1119, 35.2147 ], [ -82.472, 36.7375 ] ] ] } },
{ "type": "Feature", "properties": { "frame_id": 40286, "rollout": "P3a", "region_name": "Guerrero", "orbit_pass": "ASCENDING" }, "geometry": { "type": "Polygon", "coordinates": [ [ [ -102.9354, 17.4412 ], [ -100.6259, 17.9917 ], [ -100.328, 16.4561 ], [ -102.6195, 15.9123 ], [ -102.9354, 17.4412 ] ] ] } },
{ "type": "Feature", "properties": { "frame_id": 40287, "rollout": "P3a", "region_name": "Michoacán", "orbit_pass": "ASCENDING" }, "geometry": { "type": "Polygon", "coordinates": [ [ [ -103.2118, 18.7751 ], [ -100.8836, 19.3226 ], [ -100.5861, 17.7871 ], [ -102.895, 17.2464 ], [ -103.2118, 18.7751 ] ] ] } },
{ "type": "Feature", "properties": { "frame_id": 40288, "rollout": "P3a", "region_name": "Michoacán", "orbit_pass": "ASCENDING" }, "geometry": { "type": "Polygon", "coordinates": [ [ [ -103.4893, 20.1087 ], [ -101.1408, 20.6532 ], [ -100.8439, 19.1179 ], [ -103.1712, 18.5802 ], [ -103.4893, 20.1087 ] ] ] } },
{ "type": "Feature", "properties": { "frame_id": 40289, "rollout": "P3a", "region_name": "San Luis Potosí", "orbit_pass": "ASCENDING" }, "geometry": { "type": "Polygon", "coordinates": [ [ [ -103.7679, 21.4421 ], [ -101.3977, 21.9837 ], [ -101.1011, 20.4486 ], [ -103.4485, 19.9139 ], [ -103.7679, 21.4421 ] ] ] } },
{ "type": "Feature", "properties": { "frame_id": 40290, "rollout": "P3a", "region_name": "Aguascalientes", "orbit_pass": "ASCENDING" }, "geometry": { "type": "Polygon", "coordinates": [ [ [ -104.048, 22.7751 ], [ -101.6543, 23.3139 ], [ -101.358, 21.779 ], [ -103.7269, 21.2472 ], [ -104.048, 22.7751 ] ] ] } },
{ "type": "Feature", "properties": { "frame_id": 40291, "rollout": "P3a", "region_name": "Zacatecas", "orbit_pass": "ASCENDING" }, "geometry": { "type": "Polygon", "coordinates": [ [ [ -104.3298, 24.1078 ], [ -101.9109, 24.6439 ], [ -101.6146, 23.1092 ], [ -104.0067, 22.5803 ], [ -104.3298, 24.1078 ] ] ] } },
{ "type": "Feature", "properties": { "frame_id": 41992, "rollout": "P3a", "region_name": "North Carolina", "orbit_pass": "DESCENDING" }, "geometry": { "type": "Polygon", "coordinates": [ [ [ -81.6824, 36.1958 ], [ -81.3733, 37.727 ], [ -78.5385, 37.4433 ], [ -78.9016, 35.9207 ], [ -81.6824, 36.1958 ] ] ] } },
{ "type": "Feature", "properties": { "frame_id": 41993, "rollout": "P3a", "region_name": "North Carolina", "orbit_pass": "DESCENDING" }, "geometry": { "type": "Polygon", "coordinates": [ [ [ -81.9503, 34.8693 ], [ -81.6433, 36.4009 ], [ -78.8551, 36.1154 ], [ -79.2124, 34.5923 ], [ -81.9503, 34.8693 ] ] ] } },
{ "type": "Feature", "properties": { "frame_id": 41994, "rollout": "P3a", "region_name": "North Carolina", "orbit_pass": "DESCENDING" }, "geometry": { "type": "Polygon", "coordinates": [ [ [ -82.2135, 33.5421 ], [ -81.9092, 35.0742 ], [ -79.1666, 34.787 ], [ -79.5183, 33.2632 ], [ -82.2135, 33.5421 ] ] ] } },
{ "type": "Feature", "properties": { "frame_id": 41995, "rollout": "P3a", "region_name": "South Carolina", "orbit_pass": "DESCENDING" }, "geometry": { "type": "Polygon", "coordinates": [ [ [ -82.4751, 32.2145 ], [ -82.1727, 33.7469 ], [ -79.4732, 33.4579 ], [ -79.82, 31.9336 ], [ -82.4751, 32.2145 ] ] ] } },
{ "type": "Feature", "properties": { "frame_id": 41996, "rollout": "P3a", "region_name": "South Carolina", "orbit_pass": "DESCENDING" }, "geometry": { "type": "Polygon", "coordinates": [ [ [ -82.7353, 30.8864 ], [ -82.4345, 32.4193 ], [ -79.7755, 32.1284 ], [ -80.1178, 30.6035 ], [ -82.7353, 30.8864 ] ] ] } },
{ "type": "Feature", "properties": { "frame_id": 41997, "rollout": "P3a", "region_name": "Florida", "orbit_pass": "DESCENDING" }, "geometry": { "type": "Polygon", "coordinates": [ [ [ -82.9947, 29.5581 ], [ -82.695, 31.0912 ], [ -80.0739, 30.7982 ], [ -80.4121, 29.2728 ], [ -82.9947, 29.5581 ] ] ] } },
{ "type": "Feature", "properties": { "frame_id": 41998, "rollout": "P3a", "region_name": "Florida", "orbit_pass": "DESCENDING" }, "geometry": { "type": "Polygon", "coordinates": [ [ [ -83.2529, 28.2293 ], [ -82.9545, 29.7629 ], [ -80.3688, 29.4676 ], [ -80.7034, 27.9418 ], [ -83.2529, 28.2293 ] ] ] } },
{ "type": "Feature", "properties": { "frame_id": 41999, "rollout": "P3a", "region_name": "Florida", "orbit_pass": "DESCENDING" }, "geometry": { "type": "Polygon", "coordinates": [ [ [ -83.5105, 26.9002 ], [ -83.2129, 28.4341 ], [ -80.6605, 28.1366 ], [ -80.9918, 26.6103 ], [ -83.5105, 26.9002 ] ] ] } },
{ "type": "Feature", "properties": { "frame_id": 42000, "rollout": "P3a", "region_name": "Florida", "orbit_pass": "DESCENDING" }, "geometry": { "type": "Polygon", "coordinates": [ [ [ -83.7676, 25.5708 ], [ -83.4706, 27.105 ], [ -80.9494, 26.8051 ], [ -81.2777, 25.2783 ], [ -83.7676, 25.5708 ] ] ] } },
{ "type": "Feature", "properties": { "frame_id": 42001, "rollout": "P3a", "region_name": "Florida", "orbit_pass": "DESCENDING" }, "geometry": { "type": "Polygon", "coordinates": [ [ [ -84.0244, 24.2411 ], [ -83.7278, 25.7756 ], [ -81.2357, 25.4732 ], [ -81.5615, 23.946 ], [ -84.0244, 24.2411 ] ] ] } },
{ "type": "Feature", "properties": { "frame_id": 42270, "rollout": "P3a", "region_name": "Sinaloa", "orbit_pass": "DESCENDING" }, "geometry": { "type": "Polygon", "coordinates": [ [ [ -108.8404, 23.5725 ], [ -108.544, 25.107 ], [ -106.0659, 24.8034 ], [ -106.3903, 23.276 ], [ -108.8404, 23.5725 ] ] ] } },
{ "type": "Feature", "properties": { "frame_id": 42271, "rollout": "P3a", "region_name": "Sinaloa", "orbit_pass": "DESCENDING" }, "geometry": { "type": "Polygon", "coordinates": [ [ [ -109.097, 22.2424 ], [ -108.8007, 23.7772 ], [ -106.3488, 23.4709 ], [ -106.6712, 21.9432 ], [ -109.097, 22.2424 ] ] ] } },
{ "type": "Feature", "properties": { "frame_id": 44047, "rollout": "P3a", "region_name": "Quintana Roo", "orbit_pass": "ASCENDING" }, "geometry": { "type": "Polygon", "coordinates": [ [ [ -89.1278, 20.2831 ], [ -86.7761, 20.8274 ], [ -86.4792, 19.2922 ], [ -88.8095, 18.7547 ], [ -89.1278, 20.2831 ] ] ] } },
{ "type": "Feature", "properties": { "frame_id": 44048, "rollout": "P3a", "region_name": "Yucatán", "orbit_pass": "ASCENDING" }, "geometry": { "type": "Polygon", "coordinates": [ [ [ -89.4067, 21.6164 ], [ -87.033, 22.1578 ], [ -86.7364, 20.6227 ], [ -89.087, 20.0883 ], [ -89.4067, 21.6164 ] ] ] } },
{ "type": "Feature", "properties": { "frame_id": 44058, "rollout": "P3a", "region_name": "Tennessee", "orbit_pass": "ASCENDING" }, "geometry": { "type": "Polygon", "coordinates": [ [ [ -92.3278, 34.9273 ], [ -89.6263, 35.4451 ], [ -89.3207, 33.9133 ], [ -91.9755, 33.4036 ], [ -92.3278, 34.9273 ] ] ] } },
{ "type": "Feature", "properties": { "frame_id": 44059, "rollout": "P3a", "region_name": "Tennessee", "orbit_pass": "ASCENDING" }, "geometry": { "type": "Polygon", "coordinates": [ [ [ -92.6398, 36.2557 ], [ -89.8923, 36.7718 ], [ -89.585, 35.2403 ], [ -92.282, 34.7326 ], [ -92.6398, 36.2557 ] ] ] } },
{ "type": "Feature", "properties": { "frame_id": 44060, "rollout": "P3a", "region_name": "Missouri", "orbit_pass": "ASCENDING" }, "geometry": { "type": "Polygon", "coordinates": [ [ [ -92.9571, 37.5835 ], [ -90.1605, 38.0981 ], [ -89.8507, 36.567 ], [ -92.5931, 36.0611 ], [ -92.9571, 37.5835 ] ] ] } },
{ "type": "Feature", "properties": { "frame_id": 44061, "rollout": "P3a", "region_name": "Illinois", "orbit_pass": "ASCENDING" }, "geometry": { "type": "Polygon", "coordinates": [ [ [ -93.2803, 38.9107 ], [ -90.4314, 39.4239 ], [ -90.1185, 37.8933 ], [ -92.9096, 37.3889 ], [ -93.2803, 38.9107 ] ] ] } },
{ "type": "Feature", "properties": { "frame_id": 46019, "rollout": "P3a", "region_name": "Tennessee", "orbit_pass": "DESCENDING" }, "geometry": { "type": "Polygon", "coordinates": [ [ [ -91.8725, 36.6801 ], [ -91.5624, 38.2112 ], [ -88.7054, 37.9275 ], [ -89.071, 36.4052 ], [ -91.8725, 36.6801 ] ] ] } },
{ "type": "Feature", "properties": { "frame_id": 46020, "rollout": "P3a", "region_name": "Tennessee", "orbit_pass": "DESCENDING" }, "geometry": { "type": "Polygon", "coordinates": [ [ [ -92.1383, 35.3535 ], [ -91.8309, 36.8849 ], [ -89.0242, 36.5999 ], [ -89.3837, 35.0769 ], [ -92.1383, 35.3535 ] ] ] } },
{ "type": "Feature", "properties": { "frame_id": 46021, "rollout": "P3a", "region_name": "Arkansas", "orbit_pass": "DESCENDING" }, "geometry": { "type": "Polygon", "coordinates": [ [ [ -92.4027, 34.0265 ], [ -92.097, 35.5583 ], [ -89.3376, 35.2716 ], [ -89.6914, 33.7481 ], [ -92.4027, 34.0265 ] ] ] } },
{ "type": "Feature", "properties": { "frame_id": 46033, "rollout": "P3a", "region_name": "Veracruz", "orbit_pass": "DESCENDING" }, "geometry": { "type": "Polygon", "coordinates": [ [ [ -95.5019, 18.075 ], [ -95.2049, 19.6105 ], [ -92.824, 19.2955 ], [ -93.1413, 17.7669 ], [ -95.5019, 18.075 ] ] ] } },
{ "type": "Feature", "properties": { "frame_id": 46034, "rollout": "P3a", "region_name": "Tabasco", "orbit_pass": "DESCENDING" }, "geometry": { "type": "Polygon", "coordinates": [ [ [ -95.7603, 16.7441 ], [ -95.4621, 18.2796 ], [ -93.1009, 17.9617 ], [ -93.4172, 16.4329 ], [ -95.7603, 16.7441 ] ] ] } },
{ "type": "Feature", "properties": { "frame_id": 46035, "rollout": "P3a", "region_name": "Chiapas", "orbit_pass": "DESCENDING" }, "geometry": { "type": "Polygon", "coordinates": [ [ [ -96.0195, 15.4131 ], [ -95.7204, 16.9487 ], [ -93.3769, 16.6278 ], [ -93.6924, 15.0988 ], [ -96.0195, 15.4131 ] ] ] } },
{ "type": "Feature", "properties": { "frame_id": 834, "rollout": "P3b", "region_name": "District of Columbia", "orbit_pass": "ASCENDING" }, "geometry": { "type": "Polygon", "coordinates": [ [ [ -78.8991, 38.9682 ], [ -76.0472, 39.4816 ], [ -75.7342, 37.951 ], [ -78.5281, 37.4465 ], [ -78.8991, 38.9682 ] ] ] } },
{ "type": "Feature", "properties": { "frame_id": 2813, "rollout": "P3b", "region_name": "Panama", "orbit_pass": "DESCENDING" }, "geometry": { "type": "Polygon", "coordinates": [ [ [ -82.9456, 8.6969 ], [ -82.6391, 10.2325 ], [ -80.3632, 9.8953 ], [ -80.6778, 8.3656 ], [ -82.9456, 8.6969 ] ] ] } },
{ "type": "Feature", "properties": { "frame_id": 2814, "rollout": "P3b", "region_name": "Costa Rica", "orbit_pass": "DESCENDING" }, "geometry": { "type": "Polygon", "coordinates": [ [ [ -83.2126, 7.3656 ], [ -82.9045, 8.9012 ], [ -80.6378, 8.5605 ], [ -80.953, 7.0308 ], [ -83.2126, 7.3656 ] ] ] } },
{ "type": "Feature", "properties": { "frame_id": 2815, "rollout": "P3b", "region_name": "Panama", "orbit_pass": "DESCENDING" }, "geometry": { "type": "Polygon", "coordinates": [ [ [ -83.4822, 6.0345 ], [ -83.1715, 7.5699 ], [ -80.9129, 7.2257 ], [ -81.2289, 5.696 ], [ -83.4822, 6.0345 ] ] ] } },
{ "type": "Feature", "properties": { "frame_id": 4838, "rollout": "P3b", "region_name": "Panama", "orbit_pass": "ASCENDING" }, "geometry": { "type": "Polygon", "coordinates": [ [ [ -82.1324, 6.3147 ], [ -82.4482, 7.8443 ], [ -80.232, 8.4185 ], [ -79.9231, 6.8829 ], [ -82.1324, 6.3147 ] ] ] } },
{ "type": "Feature", "properties": { "frame_id": 4839, "rollout": "P3b", "region_name": "Panama", "orbit_pass": "ASCENDING" }, "geometry": { "type": "Polygon", "coordinates": [ [ [ -82.4082, 7.6494 ], [ -82.7233, 9.179 ], [ -80.4982, 9.7497 ], [ -80.191, 8.2141 ], [ -82.4082, 7.6494 ] ] ] } },
{ "type": "Feature", "properties": { "frame_id": 4840, "rollout": "P3b", "region_name": "Panama", "orbit_pass": "ASCENDING" }, "geometry": { "type": "Polygon", "coordinates": [ [ [ -82.9979, 10.5138 ], [ -80.7627, 11.081 ], [ -80.4575, 9.5453 ], [ -82.6833, 8.9842 ], [ -82.9979, 10.5138 ] ] ] } },
{ "type": "Feature", "properties": { "frame_id": 4842, "rollout": "P3b", "region_name": "Nicaragua", "orbit_pass": "ASCENDING" }, "geometry": { "type": "Polygon", "coordinates": [ [ [ -83.5465, 13.183 ], [ -81.2868, 13.7436 ], [ -80.9848, 12.2079 ], [ -83.2322, 11.6536 ], [ -83.5465, 13.183 ] ] ] } },
{ "type": "Feature", "properties": { "frame_id": 4843, "rollout": "P3b", "region_name": "Nicaragua", "orbit_pass": "ASCENDING" }, "geometry": { "type": "Polygon", "coordinates": [ [ [ -83.5064, 12.9881 ], [ -83.8211, 14.5174 ], [ -81.5474, 15.0748 ], [ -81.2467, 13.5391 ], [ -83.5064, 12.9881 ] ] ] } },
{ "type": "Feature", "properties": { "frame_id": 4844, "rollout": "P3b", "region_name": "Honduras", "orbit_pass": "ASCENDING" }, "geometry": { "type": "Polygon", "coordinates": [ [ [ -83.781, 14.3225 ], [ -84.0961, 15.8517 ], [ -81.8069, 16.4059 ], [ -81.5074, 14.8703 ], [ -83.781, 14.3225 ] ] ] } },
{ "type": "Feature", "properties": { "frame_id": 4846, "rollout": "P3b", "region_name": "Honduras", "orbit_pass": "ASCENDING" }, "geometry": { "type": "Polygon", "coordinates": [ [ [ -84.6479, 18.5196 ], [ -82.3229, 19.0678 ], [ -82.0257, 17.5323 ], [ -84.3313, 16.9909 ], [ -84.6479, 18.5196 ] ] ] } },
{ "type": "Feature", "properties": { "frame_id": 6834, "rollout": "P3b", "region_name": "Belize", "orbit_pass": "DESCENDING" }, "geometry": { "type": "Polygon", "coordinates": [ [ [ -91.5632, 17.1727 ], [ -91.2652, 18.7082 ], [ -88.8979, 18.3912 ], [ -89.2147, 16.8625 ], [ -91.5632, 17.1727 ] ] ] } },
{ "type": "Feature", "properties": { "frame_id": 6836, "rollout": "P3b", "region_name": "Guatemala", "orbit_pass": "DESCENDING" }, "geometry": { "type": "Polygon", "coordinates": [ [ [ -92.0821, 14.5107 ], [ -91.7823, 16.0463 ], [ -89.4503, 15.7234 ], [ -89.7653, 14.1942 ], [ -92.0821, 14.5107 ] ] ] } },
{ "type": "Feature", "properties": { "frame_id": 6837, "rollout": "P3b", "region_name": "Guatemala", "orbit_pass": "DESCENDING" }, "geometry": { "type": "Polygon", "coordinates": [ [ [ -92.3433, 13.1796 ], [ -92.0423, 14.7153 ], [ -89.7251, 14.3891 ], [ -90.0398, 12.8598 ], [ -92.3433, 13.1796 ] ] ] } },
{ "type": "Feature", "properties": { "frame_id": 8621, "rollout": "P3b", "region_name": "New Jersey", "orbit_pass": "ASCENDING" }, "geometry": { "type": "Polygon", "coordinates": [ [ [ -75.0344, 39.9767 ], [ -72.1416, 40.489 ], [ -71.8252, 38.9589 ], [ -74.6579, 38.4554 ], [ -75.0344, 39.9767 ] ] ] } },
{ "type": "Feature", "properties": { "frame_id": 8870, "rollout": "P3b", "region_name": "Guatemala", "orbit_pass": "ASCENDING" }, "geometry": { "type": "Polygon", "coordinates": [ [ [ -93.6902, 12.499 ], [ -94.0048, 14.0284 ], [ -91.7366, 14.5869 ], [ -91.4355, 13.0512 ], [ -93.6902, 12.499 ] ] ] } },
{ "type": "Feature", "properties": { "frame_id": 8871, "rollout": "P3b", "region_name": "Guatemala", "orbit_pass": "ASCENDING" }, "geometry": { "type": "Polygon", "coordinates": [ [ [ -94.2795, 15.3627 ], [ -91.9964, 15.918 ], [ -91.6965, 14.3823 ], [ -93.9646, 13.8335 ], [ -94.2795, 15.3627 ] ] ] } },
{ "type": "Feature", "properties": { "frame_id": 10599, "rollout": "P3b", "region_name": "Panama", "orbit_pass": "DESCENDING" }, "geometry": { "type": "Polygon", "coordinates": [ [ [ -78.7672, 9.015 ], [ -78.4614, 10.5507 ], [ -76.1833, 10.2143 ], [ -76.4978, 8.6846 ], [ -78.7672, 9.015 ] ] ] } },
{ "type": "Feature", "properties": { "frame_id": 10600, "rollout": "P3b", "region_name": "Panama", "orbit_pass": "DESCENDING" }, "geometry": { "type": "Polygon", "coordinates": [ [ [ -79.0343, 7.6838 ], [ -78.7264, 9.2194 ], [ -76.4578, 8.8795 ], [ -76.7729, 7.3499 ], [ -79.0343, 7.6838 ] ] ] } },
{ "type": "Feature", "properties": { "frame_id": 10601, "rollout": "P3b", "region_name": "Panama", "orbit_pass": "DESCENDING" }, "geometry": { "type": "Polygon", "coordinates": [ [ [ -79.3032, 6.3526 ], [ -78.9933, 7.8881 ], [ -76.7328, 7.5447 ], [ -77.0487, 6.0151 ], [ -79.3032, 6.3526 ] ] ] } },
{ "type": "Feature", "properties": { "frame_id": 12624, "rollout": "P3b", "region_name": "Panama", "orbit_pass": "ASCENDING" }, "geometry": { "type": "Polygon", "coordinates": [ [ [ -77.9527, 5.9949 ], [ -78.2687, 7.5244 ], [ -76.054, 8.0995 ], [ -75.7439, 6.5642 ], [ -77.9527, 5.9949 ] ] ] } },
{ "type": "Feature", "properties": { "frame_id": 12625, "rollout": "P3b", "region_name": "Panama", "orbit_pass": "ASCENDING" }, "geometry": { "type": "Polygon", "coordinates": [ [ [ -78.5438, 8.8592 ], [ -76.3206, 9.4307 ], [ -76.013, 7.8952 ], [ -78.2286, 7.3296 ], [ -78.5438, 8.8592 ] ] ] } },
{ "type": "Feature", "properties": { "frame_id": 12626, "rollout": "P3b", "region_name": "Panama", "orbit_pass": "ASCENDING" }, "geometry": { "type": "Polygon", "coordinates": [ [ [ -78.8184, 10.1939 ], [ -76.5855, 10.762 ], [ -76.2798, 9.2264 ], [ -78.5037, 8.6643 ], [ -78.8184, 10.1939 ] ] ] } },
{ "type": "Feature", "properties": { "frame_id": 13682, "rollout": "P3b", "region_name": "American Samoa", "orbit_pass": "ASCENDING" }, "geometry": { "type": "Polygon", "coordinates": [ [ [ -172.0284, -15.2892 ], [ -172.389, -13.7652 ], [ -170.1546, -13.1239 ], [ -169.7807, -14.6519 ], [ -172.0284, -15.2892 ] ] ] } },
{ "type": "Feature", "properties": { "frame_id": 14621, "rollout": "P3b", "region_name": "Honduras", "orbit_pass": "DESCENDING" }, "geometry": { "type": "Polygon", "coordinates": [ [ [ -87.6459, 16.1597 ], [ -87.3474, 17.6952 ], [ -84.9943, 17.376 ], [ -85.3102, 15.8471 ], [ -87.6459, 16.1597 ] ] ] } },
{ "type": "Feature", "properties": { "frame_id": 14622, "rollout": "P3b", "region_name": "Honduras", "orbit_pass": "DESCENDING" }, "geometry": { "type": "Polygon", "coordinates": [ [ [ -87.9055, 14.8286 ], [ -87.606, 16.3642 ], [ -85.2699, 16.042 ], [ -85.585, 14.5128 ], [ -87.9055, 14.8286 ] ] ] } },
{ "type": "Feature", "properties": { "frame_id": 14623, "rollout": "P3b", "region_name": "El Salvador", "orbit_pass": "DESCENDING" }, "geometry": { "type": "Polygon", "coordinates": [ [ [ -88.1661, 13.4974 ], [ -87.8655, 15.0331 ], [ -85.5449, 14.7077 ], [ -85.8597, 13.1784 ], [ -88.1661, 13.4974 ] ] ] } },
{ "type": "Feature", "properties": { "frame_id": 14624, "rollout": "P3b", "region_name": "El Salvador", "orbit_pass": "DESCENDING" }, "geometry": { "type": "Polygon", "coordinates": [ [ [ -88.4275, 12.1661 ], [ -88.126, 13.7019 ], [ -85.8196, 13.3733 ], [ -86.134, 11.8439 ], [ -88.4275, 12.1661 ] ] ] } },
{ "type": "Feature", "properties": { "frame_id": 14625, "rollout": "P3b", "region_name": "Nicaragua", "orbit_pass": "DESCENDING" }, "geometry": { "type": "Polygon", "coordinates": [ [ [ -88.6907, 10.8348 ], [ -88.3872, 12.3706 ], [ -86.094, 12.0388 ], [ -86.4082, 10.5092 ], [ -88.6907, 10.8348 ] ] ] } },
{ "type": "Feature", "properties": { "frame_id": 16655, "rollout": "P3b", "region_name": "Nicaragua", "orbit_pass": "ASCENDING" }, "geometry": { "type": "Polygon", "coordinates": [ [ [ -89.2364, 10.8467 ], [ -89.5505, 12.3762 ], [ -87.2988, 12.9388 ], [ -86.9965, 11.403 ], [ -89.2364, 10.8467 ] ] ] } },
{ "type": "Feature", "properties": { "frame_id": 16656, "rollout": "P3b", "region_name": "El Salvador", "orbit_pass": "ASCENDING" }, "geometry": { "type": "Polygon", "coordinates": [ [ [ -89.825, 13.7107 ], [ -87.56, 14.27 ], [ -87.2586, 12.7343 ], [ -89.5105, 12.1813 ], [ -89.825, 13.7107 ] ] ] } },
{ "type": "Feature", "properties": { "frame_id": 16657, "rollout": "P3b", "region_name": "El Salvador", "orbit_pass": "ASCENDING" }, "geometry": { "type": "Polygon", "coordinates": [ [ [ -90.0998, 15.0451 ], [ -87.8203, 15.6011 ], [ -87.5199, 14.0655 ], [ -89.7849, 13.5159 ], [ -90.0998, 15.0451 ] ] ] } },
{ "type": "Feature", "properties": { "frame_id": 16658, "rollout": "P3b", "region_name": "Belize", "orbit_pass": "ASCENDING" }, "geometry": { "type": "Polygon", "coordinates": [ [ [ -90.0596, 14.8502 ], [ -90.3751, 16.3793 ], [ -88.0794, 16.9322 ], [ -87.7804, 15.3966 ], [ -90.0596, 14.8502 ] ] ] } },
{ "type": "Feature", "properties": { "frame_id": 16659, "rollout": "P3b", "region_name": "Belize", "orbit_pass": "ASCENDING" }, "geometry": { "type": "Polygon", "coordinates": [ [ [ -90.651, 17.7132 ], [ -88.3373, 18.2632 ], [ -88.0396, 16.7276 ], [ -90.3348, 16.1844 ], [ -90.651, 17.7132 ] ] ] } },
{ "type": "Feature", "properties": { "frame_id": 16660, "rollout": "P3b", "region_name": "Belize", "orbit_pass": "ASCENDING" }, "geometry": { "type": "Polygon", "coordinates": [ [ [ -90.9277, 19.047 ], [ -88.595, 19.594 ], [ -88.2976, 18.0586 ], [ -90.6105, 17.5184 ], [ -90.9277, 19.047 ] ] ] } },
{ "type": "Feature", "properties": { "frame_id": 22408, "rollout": "P3b", "region_name": "Honduras", "orbit_pass": "DESCENDING" }, "geometry": { "type": "Polygon", "coordinates": [ [ [ -83.7291, 15.1447 ], [ -83.4299, 16.6804 ], [ -81.0899, 16.3589 ], [ -81.4052, 14.8298 ], [ -83.7291, 15.1447 ] ] ] } },
{ "type": "Feature", "properties": { "frame_id": 22409, "rollout": "P3b", "region_name": "Nicaragua", "orbit_pass": "DESCENDING" }, "geometry": { "type": "Polygon", "coordinates": [ [ [ -83.9895, 13.8136 ], [ -83.6891, 15.3493 ], [ -81.3651, 15.0247 ], [ -81.68, 13.4954 ], [ -83.9895, 13.8136 ] ] ] } },
{ "type": "Feature", "properties": { "frame_id": 22410, "rollout": "P3b", "region_name": "Nicaragua", "orbit_pass": "DESCENDING" }, "geometry": { "type": "Polygon", "coordinates": [ [ [ -84.2505, 12.4823 ], [ -83.9494, 14.0181 ], [ -81.6399, 13.6903 ], [ -81.9543, 12.1609 ], [ -84.2505, 12.4823 ] ] ] } },
{ "type": "Feature", "properties": { "frame_id": 22411, "rollout": "P3b", "region_name": "Nicaragua", "orbit_pass": "DESCENDING" }, "geometry": { "type": "Polygon", "coordinates": [ [ [ -84.5134, 11.151 ], [ -84.2103, 12.6867 ], [ -81.9143, 12.3558 ], [ -82.2286, 10.8263 ], [ -84.5134, 11.151 ] ] ] } },
{ "type": "Feature", "properties": { "frame_id": 22412, "rollout": "P3b", "region_name": "Nicaragua", "orbit_pass": "DESCENDING" }, "geometry": { "type": "Polygon", "coordinates": [ [ [ -84.7778, 9.8197 ], [ -84.473, 11.3554 ], [ -82.1886, 11.0212 ], [ -82.5031, 9.4916 ], [ -84.7778, 9.8197 ] ] ] } },
{ "type": "Feature", "properties": { "frame_id": 22413, "rollout": "P3b", "region_name": "Costa Rica", "orbit_pass": "DESCENDING" }, "geometry": { "type": "Polygon", "coordinates": [ [ [ -85.0438, 8.4885 ], [ -84.7371, 10.0241 ], [ -82.4631, 9.6864 ], [ -82.778, 8.1568 ], [ -85.0438, 8.4885 ] ] ] } },
{ "type": "Feature", "properties": { "frame_id": 22414, "rollout": "P3b", "region_name": "Costa Rica", "orbit_pass": "DESCENDING" }, "geometry": { "type": "Polygon", "coordinates": [ [ [ -85.3116, 7.1573 ], [ -85.0029, 8.6929 ], [ -82.7379, 8.3517 ], [ -83.0534, 6.8221 ], [ -85.3116, 7.1573 ] ] ] } },
{ "type": "Feature", "properties": { "frame_id": 24438, "rollout": "P3b", "region_name": "Panama", "orbit_pass": "ASCENDING" }, "geometry": { "type": "Polygon", "coordinates": [ [ [ -84.5481, 8.0551 ], [ -82.3302, 8.6287 ], [ -82.0214, 7.0932 ], [ -84.2327, 6.5254 ], [ -84.5481, 8.0551 ] ] ] } },
{ "type": "Feature", "properties": { "frame_id": 24439, "rollout": "P3b", "region_name": "Panama", "orbit_pass": "ASCENDING" }, "geometry": { "type": "Polygon", "coordinates": [ [ [ -84.8223, 9.39 ], [ -82.596, 9.96 ], [ -82.2892, 8.4244 ], [ -84.508, 7.8602 ], [ -84.8223, 9.39 ] ] ] } },
{ "type": "Feature", "properties": { "frame_id": 24440, "rollout": "P3b", "region_name": "Nicaragua", "orbit_pass": "ASCENDING" }, "geometry": { "type": "Polygon", "coordinates": [ [ [ -84.7823, 9.1951 ], [ -85.0969, 10.7247 ], [ -82.8601, 11.2913 ], [ -82.5553, 9.7556 ], [ -84.7823, 9.1951 ] ] ] } },
{ "type": "Feature", "properties": { "frame_id": 24441, "rollout": "P3b", "region_name": "Nicaragua", "orbit_pass": "ASCENDING" }, "geometry": { "type": "Polygon", "coordinates": [ [ [ -85.0568, 10.5298 ], [ -85.3712, 12.0594 ], [ -83.1223, 12.6227 ], [ -82.8196, 11.0869 ], [ -85.0568, 10.5298 ] ] ] } },
{ "type": "Feature", "properties": { "frame_id": 24442, "rollout": "P3b", "region_name": "Nicaragua", "orbit_pass": "ASCENDING" }, "geometry": { "type": "Polygon", "coordinates": [ [ [ -85.6455, 13.3939 ], [ -83.3838, 13.954 ], [ -83.082, 12.4183 ], [ -85.3311, 11.8645 ], [ -85.6455, 13.3939 ] ] ] } },
{ "type": "Feature", "properties": { "frame_id": 24443, "rollout": "P3b", "region_name": "Nicaragua", "orbit_pass": "ASCENDING" }, "geometry": { "type": "Polygon", "coordinates": [ [ [ -85.6054, 13.199 ], [ -85.9202, 14.7283 ], [ -83.6442, 15.2851 ], [ -83.3437, 13.7494 ], [ -85.6054, 13.199 ] ] ] } },
{ "type": "Feature", "properties": { "frame_id": 24444, "rollout": "P3b", "region_name": "Nicaragua", "orbit_pass": "ASCENDING" }, "geometry": { "type": "Polygon", "coordinates": [ [ [ -86.1953, 16.0625 ], [ -83.9035, 16.6162 ], [ -83.6042, 15.0806 ], [ -85.88, 14.5334 ], [ -86.1953, 16.0625 ] ] ] } },
{ "type": "Feature", "properties": { "frame_id": 24445, "rollout": "P3b", "region_name": "Honduras", "orbit_pass": "ASCENDING" }, "geometry": { "type": "Polygon", "coordinates": [ [ [ -86.4709, 17.3966 ], [ -84.1615, 17.9472 ], [ -83.8636, 16.4116 ], [ -86.155, 15.8676 ], [ -86.4709, 17.3966 ] ] ] } },
{ "type": "Feature", "properties": { "frame_id": 26435, "rollout": "P3b", "region_name": "Guatemala", "orbit_pass": "DESCENDING" }, "geometry": { "type": "Polygon", "coordinates": [ [ [ -93.92, 15.6313 ], [ -93.6211, 17.1669 ], [ -91.2748, 16.8465 ], [ -91.5904, 15.3175 ], [ -93.92, 15.6313 ] ] ] } },
{ "type": "Feature", "properties": { "frame_id": 26436, "rollout": "P3b", "region_name": "Guatemala", "orbit_pass": "DESCENDING" }, "geometry": { "type": "Polygon", "coordinates": [ [ [ -94.1801, 14.3002 ], [ -93.8801, 15.8359 ], [ -91.5502, 15.5124 ], [ -91.8654, 13.9832 ], [ -94.1801, 14.3002 ] ] ] } },
{ "type": "Feature", "properties": { "frame_id": 28221, "rollout": "P3b", "region_name": "NYC", "orbit_pass": "ASCENDING" }, "geometry": { "type": "Polygon", "coordinates": [ [ [ -77.1429, 40.1881 ], [ -74.2406, 40.7002 ], [ -73.9238, 39.1702 ], [ -76.7653, 38.667 ], [ -77.1429, 40.1881 ] ] ] } },
{ "type": "Feature", "properties": { "frame_id": 28222, "rollout": "P3b", "region_name": "NYC", "orbit_pass": "ASCENDING" }, "geometry": { "type": "Polygon", "coordinates": [ [ [ -77.4793, 41.5139 ], [ -74.5176, 42.0251 ], [ -74.1977, 40.4954 ], [ -77.0935, 39.9935 ], [ -77.4793, 41.5139 ] ] ] } },
{ "type": "Feature", "properties": { "frame_id": 30199, "rollout": "P3b", "region_name": "Panama", "orbit_pass": "DESCENDING" }, "geometry": { "type": "Polygon", "coordinates": [ [ [ -80.8663, 8.8023 ], [ -80.5602, 10.338 ], [ -78.2837, 10.001 ], [ -78.5982, 8.4714 ], [ -80.8663, 8.8023 ] ] ] } },
{ "type": "Feature", "properties": { "frame_id": 30200, "rollout": "P3b", "region_name": "Panama", "orbit_pass": "DESCENDING" }, "geometry": { "type": "Polygon", "coordinates": [ [ [ -81.1335, 7.471 ], [ -80.8255, 9.0066 ], [ -78.5582, 8.6663 ], [ -78.8734, 7.1366 ], [ -81.1335, 7.471 ] ] ] } },
{ "type": "Feature", "properties": { "frame_id": 30201, "rollout": "P3b", "region_name": "Panama", "orbit_pass": "DESCENDING" }, "geometry": { "type": "Polygon", "coordinates": [ [ [ -81.4028, 6.1399 ], [ -81.0926, 7.6754 ], [ -78.8333, 7.3315 ], [ -79.1492, 5.8018 ], [ -81.4028, 6.1399 ] ] ] } },
{ "type": "Feature", "properties": { "frame_id": 32224, "rollout": "P3b", "region_name": "Panama", "orbit_pass": "ASCENDING" }, "geometry": { "type": "Polygon", "coordinates": [ [ [ -80.053, 6.21 ], [ -80.3689, 7.7396 ], [ -78.1531, 8.314 ], [ -77.8436, 6.7786 ], [ -80.053, 6.21 ] ] ] } },
{ "type": "Feature", "properties": { "frame_id": 32225, "rollout": "P3b", "region_name": "Panama", "orbit_pass": "ASCENDING" }, "geometry": { "type": "Polygon", "coordinates": [ [ [ -80.6439, 9.0743 ], [ -78.4193, 9.6452 ], [ -78.1121, 8.1097 ], [ -80.3288, 7.5447 ], [ -80.6439, 9.0743 ] ] ] } },
{ "type": "Feature", "properties": { "frame_id": 32226, "rollout": "P3b", "region_name": "Panama", "orbit_pass": "ASCENDING" }, "geometry": { "type": "Polygon", "coordinates": [ [ [ -80.9185, 10.409 ], [ -78.684, 10.9765 ], [ -78.3786, 9.4409 ], [ -80.6039, 8.8794 ], [ -80.9185, 10.409 ] ] ] } },
{ "type": "Feature", "properties": { "frame_id": 34219, "rollout": "P3b", "region_name": "Belize", "orbit_pass": "DESCENDING" }, "geometry": { "type": "Polygon", "coordinates": [ [ [ -89.2273, 18.6064 ], [ -88.9305, 20.1418 ], [ -86.5415, 19.828 ], [ -86.8594, 18.2995 ], [ -89.2273, 18.6064 ] ] ] } },
{ "type": "Feature", "properties": { "frame_id": 34220, "rollout": "P3b", "region_name": "Belize", "orbit_pass": "DESCENDING" }, "geometry": { "type": "Polygon", "coordinates": [ [ [ -89.4854, 17.2756 ], [ -89.188, 18.8111 ], [ -86.8188, 18.4943 ], [ -87.1356, 16.9656 ], [ -89.4854, 17.2756 ] ] ] } },
{ "type": "Feature", "properties": { "frame_id": 34221, "rollout": "P3b", "region_name": "Belize", "orbit_pass": "DESCENDING" }, "geometry": { "type": "Polygon", "coordinates": [ [ [ -89.7444, 15.9446 ], [ -89.4456, 17.4802 ], [ -87.0959, 17.1606 ], [ -87.4116, 15.6316 ], [ -89.7444, 15.9446 ] ] ] } },
{ "type": "Feature", "properties": { "frame_id": 34222, "rollout": "P3b", "region_name": "Belize", "orbit_pass": "DESCENDING" }, "geometry": { "type": "Polygon", "coordinates": [ [ [ -90.0044, 14.6136 ], [ -89.7048, 16.1492 ], [ -87.3713, 15.8265 ], [ -87.6863, 14.2974 ], [ -90.0044, 14.6136 ] ] ] } },
{ "type": "Feature", "properties": { "frame_id": 34223, "rollout": "P3b", "region_name": "Honduras", "orbit_pass": "DESCENDING" }, "geometry": { "type": "Polygon", "coordinates": [ [ [ -90.2652, 13.2824 ], [ -89.9644, 14.8181 ], [ -87.6462, 14.4922 ], [ -87.9608, 12.9629 ], [ -90.2652, 13.2824 ] ] ] } },
{ "type": "Feature", "properties": { "frame_id": 34224, "rollout": "P3b", "region_name": "El Salvador", "orbit_pass": "DESCENDING" }, "geometry": { "type": "Polygon", "coordinates": [ [ [ -90.5267, 11.9511 ], [ -90.2251, 13.4869 ], [ -87.9208, 13.1578 ], [ -88.2351, 11.6284 ], [ -90.5267, 11.9511 ] ] ] } },
{ "type": "Feature", "properties": { "frame_id": 36008, "rollout": "P3b", "region_name": "NYC", "orbit_pass": "ASCENDING" }, "geometry": { "type": "Polygon", "coordinates": [ [ [ -73.2895, 41.2006 ], [ -70.338, 41.7126 ], [ -70.019, 40.1829 ], [ -72.9056, 39.6801 ], [ -73.2895, 41.2006 ] ] ] } },
{ "type": "Feature", "properties": { "frame_id": 36009, "rollout": "P3b", "region_name": "NYC", "orbit_pass": "ASCENDING" }, "geometry": { "type": "Polygon", "coordinates": [ [ [ -73.6319, 42.5258 ], [ -70.6206, 43.0368 ], [ -70.2974, 41.5075 ], [ -73.2393, 41.0061 ], [ -73.6319, 42.5258 ] ] ] } },
{ "type": "Feature", "properties": { "frame_id": 36256, "rollout": "P3b", "region_name": "El Salvador", "orbit_pass": "ASCENDING" }, "geometry": { "type": "Polygon", "coordinates": [ [ [ -91.9259, 13.9271 ], [ -89.6587, 14.4858 ], [ -89.3575, 12.9501 ], [ -91.6115, 12.3977 ], [ -91.9259, 13.9271 ] ] ] } },
{ "type": "Feature", "properties": { "frame_id": 36259, "rollout": "P3b", "region_name": "Guatemala", "orbit_pass": "ASCENDING" }, "geometry": { "type": "Polygon", "coordinates": [ [ [ -92.7524, 17.9294 ], [ -90.4357, 18.4789 ], [ -90.1381, 16.9434 ], [ -92.436, 16.4006 ], [ -92.7524, 17.9294 ] ] ] } },
{ "type": "Feature", "properties": { "frame_id": 42006, "rollout": "P3b", "region_name": "Honduras", "orbit_pass": "DESCENDING" }, "geometry": { "type": "Polygon", "coordinates": [ [ [ -85.3104, 17.5892 ], [ -85.0132, 19.1247 ], [ -82.6398, 18.8086 ], [ -82.9567, 17.2799 ], [ -85.3104, 17.5892 ] ] ] } },
{ "type": "Feature", "properties": { "frame_id": 42007, "rollout": "P3b", "region_name": "Honduras", "orbit_pass": "DESCENDING" }, "geometry": { "type": "Polygon", "coordinates": [ [ [ -85.569, 16.2582 ], [ -85.2706, 17.7938 ], [ -82.9163, 17.4748 ], [ -83.2322, 15.9459 ], [ -85.569, 16.2582 ] ] ] } },
{ "type": "Feature", "properties": { "frame_id": 42008, "rollout": "P3b", "region_name": "Honduras", "orbit_pass": "DESCENDING" }, "geometry": { "type": "Polygon", "coordinates": [ [ [ -85.8286, 14.9271 ], [ -85.5292, 16.4628 ], [ -83.1919, 16.1408 ], [ -83.5071, 14.6116 ], [ -85.8286, 14.9271 ] ] ] } },
{ "type": "Feature", "properties": { "frame_id": 42009, "rollout": "P3b", "region_name": "Honduras", "orbit_pass": "DESCENDING" }, "geometry": { "type": "Polygon", "coordinates": [ [ [ -86.0892, 13.596 ], [ -85.7886, 15.1317 ], [ -83.4669, 14.8065 ], [ -83.7818, 13.2773 ], [ -86.0892, 13.596 ] ] ] } },
{ "type": "Feature", "properties": { "frame_id": 42010, "rollout": "P3b", "region_name": "Nicaragua", "orbit_pass": "DESCENDING" }, "geometry": { "type": "Polygon", "coordinates": [ [ [ -86.3504, 12.2647 ], [ -86.049, 13.8005 ], [ -83.7417, 13.4722 ], [ -84.0561, 11.9427 ], [ -86.3504, 12.2647 ] ] ] } },
{ "type": "Feature", "properties": { "frame_id": 42011, "rollout": "P3b", "region_name": "Costa Rica", "orbit_pass": "DESCENDING" }, "geometry": { "type": "Polygon", "coordinates": [ [ [ -86.6135, 10.9334 ], [ -86.3101, 12.4691 ], [ -84.0161, 12.1376 ], [ -84.3304, 10.6081 ], [ -86.6135, 10.9334 ] ] ] } },
{ "type": "Feature", "properties": { "frame_id": 42012, "rollout": "P3b", "region_name": "Costa Rica", "orbit_pass": "DESCENDING" }, "geometry": { "type": "Polygon", "coordinates": [ [ [ -86.8781, 9.6021 ], [ -86.573, 11.1378 ], [ -84.2904, 10.803 ], [ -84.6049, 9.2734 ], [ -86.8781, 9.6021 ] ] ] } },
{ "type": "Feature", "properties": { "frame_id": 42013, "rollout": "P3b", "region_name": "Costa Rica", "orbit_pass": "DESCENDING" }, "geometry": { "type": "Polygon", "coordinates": [ [ [ -87.1445, 8.2709 ], [ -86.8374, 9.8065 ], [ -84.5649, 9.4682 ], [ -84.8799, 7.9386 ], [ -87.1445, 8.2709 ] ] ] } },
{ "type": "Feature", "properties": { "frame_id": 44039, "rollout": "P3b", "region_name": "Costa Rica", "orbit_pass": "ASCENDING" }, "geometry": { "type": "Polygon", "coordinates": [ [ [ -86.9248, 9.6093 ], [ -84.6965, 10.1788 ], [ -84.3901, 8.6432 ], [ -86.6101, 8.0797 ], [ -86.9248, 9.6093 ] ] ] } },
{ "type": "Feature", "properties": { "frame_id": 44040, "rollout": "P3b", "region_name": "Nicaragua", "orbit_pass": "ASCENDING" }, "geometry": { "type": "Polygon", "coordinates": [ [ [ -87.1991, 10.9441 ], [ -84.9604, 11.5102 ], [ -84.6559, 9.9745 ], [ -86.8848, 9.4144 ], [ -87.1991, 10.9441 ] ] ] } },
{ "type": "Feature", "properties": { "frame_id": 44041, "rollout": "P3b", "region_name": "Costa Rica", "orbit_pass": "ASCENDING" }, "geometry": { "type": "Polygon", "coordinates": [ [ [ -87.4733, 12.2787 ], [ -85.2224, 12.8416 ], [ -84.92, 11.3057 ], [ -87.1591, 10.7492 ], [ -87.4733, 12.2787 ] ] ] } },
{ "type": "Feature", "properties": { "frame_id": 44042, "rollout": "P3b", "region_name": "Honduras", "orbit_pass": "ASCENDING" }, "geometry": { "type": "Polygon", "coordinates": [ [ [ -87.4332, 12.0838 ], [ -87.7477, 13.6132 ], [ -85.4838, 14.1728 ], [ -85.1821, 12.6371 ], [ -87.4332, 12.0838 ] ] ] } },
{ "type": "Feature", "properties": { "frame_id": 44043, "rollout": "P3b", "region_name": "Honduras", "orbit_pass": "ASCENDING" }, "geometry": { "type": "Polygon", "coordinates": [ [ [ -88.0225, 14.9476 ], [ -85.744, 15.5039 ], [ -85.4437, 13.9683 ], [ -87.7076, 13.4184 ], [ -88.0225, 14.9476 ] ] ] } },
{ "type": "Feature", "properties": { "frame_id": 44044, "rollout": "P3b", "region_name": "Honduras", "orbit_pass": "ASCENDING" }, "geometry": { "type": "Polygon", "coordinates": [ [ [ -87.9823, 14.7527 ], [ -88.2977, 16.2818 ], [ -86.0032, 16.835 ], [ -85.7041, 15.2994 ], [ -87.9823, 14.7527 ] ] ] } },
{ "type": "Feature", "properties": { "frame_id": 44045, "rollout": "P3b", "region_name": "Belize", "orbit_pass": "ASCENDING" }, "geometry": { "type": "Polygon", "coordinates": [ [ [ -88.5735, 17.6158 ], [ -86.2612, 18.166 ], [ -85.9634, 16.6304 ], [ -88.2574, 16.0869 ], [ -88.5735, 17.6158 ] ] ] } },
{ "type": "Feature", "properties": { "frame_id": 44046, "rollout": "P3b", "region_name": "Belize", "orbit_pass": "ASCENDING" }, "geometry": { "type": "Polygon", "coordinates": [ [ [ -88.8501, 18.9496 ], [ -86.5189, 19.4968 ], [ -86.2214, 17.9614 ], [ -88.5331, 17.4209 ], [ -88.8501, 18.9496 ] ] ] } },
{ "type": "Feature", "properties": { "frame_id": 835, "rollout": "P4", "region_name": "West Virginia", "orbit_pass": "ASCENDING" }, "geometry": { "type": "Polygon", "coordinates": [ [ [ -79.2289, 40.2947 ], [ -76.322, 40.8068 ], [ -76.0048, 39.2767 ], [ -78.8506, 38.7736 ], [ -79.2289, 40.2947 ] ] ] } },
{ "type": "Feature", "properties": { "frame_id": 836, "rollout": "P4", "region_name": "Pennsylvania", "orbit_pass": "ASCENDING" }, "geometry": { "type": "Polygon", "coordinates": [ [ [ -79.5659, 41.6204 ], [ -76.5993, 42.1316 ], [ -76.279, 40.6019 ], [ -79.1794, 40.1001 ], [ -79.5659, 41.6204 ] ] ] } },
{ "type": "Feature", "properties": { "frame_id": 837, "rollout": "P4", "region_name": "Pennsylvania", "orbit_pass": "ASCENDING" }, "geometry": { "type": "Polygon", "coordinates": [ [ [ -79.9106, 42.9454 ], [ -76.8803, 43.4559 ], [ -76.5557, 41.9267 ], [ -79.5153, 41.4259 ], [ -79.9106, 42.9454 ] ] ] } },
{ "type": "Feature", "properties": { "frame_id": 838, "rollout": "P4", "region_name": "Upper New York", "orbit_pass": "ASCENDING" }, "geometry": { "type": "Polygon", "coordinates": [ [ [ -80.2638, 44.2697 ], [ -77.1655, 44.7796 ], [ -76.8361, 43.251 ], [ -79.8587, 42.7509 ], [ -80.2638, 44.2697 ] ] ] } },
{ "type": "Feature", "properties": { "frame_id": 839, "rollout": "P4", "region_name": "Quebec", "orbit_pass": "ASCENDING" }, "geometry": { "type": "Polygon", "coordinates": [ [ [ -80.6319, 45.5923 ], [ -77.4569, 46.1027 ], [ -77.1206, 44.5748 ], [ -80.2106, 44.0752 ], [ -80.6319, 45.5923 ] ] ] } },
{ "type": "Feature", "properties": { "frame_id": 840, "rollout": "P4", "region_name": "Quebec", "orbit_pass": "ASCENDING" }, "geometry": { "type": "Polygon", "coordinates": [ [ [ -81.0052, 46.9149 ], [ -77.7554, 47.4251 ], [ -77.4112, 45.8979 ], [ -80.5772, 45.398 ], [ -81.0052, 46.9149 ] ] ] } },
{ "type": "Feature", "properties": { "frame_id": 1103, "rollout": "P4", "region_name": "Kansas", "orbit_pass": "ASCENDING" }, "geometry": { "type": "Polygon", "coordinates": [ [ [ -103.7486, 39.6405 ], [ -100.8696, 40.153 ], [ -100.5541, 38.6228 ], [ -103.3739, 38.119 ], [ -103.7486, 39.6405 ] ] ] } },
{ "type": "Feature", "properties": { "frame_id": 1104, "rollout": "P4", "region_name": "Kansas", "orbit_pass": "ASCENDING" }, "geometry": { "type": "Polygon", "coordinates": [ [ [ -104.0819, 40.9666 ], [ -101.1452, 41.4781 ], [ -100.8269, 39.9482 ], [ -103.6996, 39.4459 ], [ -104.0819, 40.9666 ] ] ] } },
{ "type": "Feature", "properties": { "frame_id": 1105, "rollout": "P4", "region_name": "Colorado", "orbit_pass": "ASCENDING" }, "geometry": { "type": "Polygon", "coordinates": [ [ [ -104.4228, 42.292 ], [ -101.4243, 42.8027 ], [ -101.1019, 41.2733 ], [ -104.0319, 40.7721 ], [ -104.4228, 42.292 ] ] ] } },
{ "type": "Feature", "properties": { "frame_id": 1106, "rollout": "P4", "region_name": "Nebraska", "orbit_pass": "ASCENDING" }, "geometry": { "type": "Polygon", "coordinates": [ [ [ -104.7718, 43.6167 ], [ -101.7074, 44.1268 ], [ -101.3804, 42.5979 ], [ -104.3716, 42.0975 ], [ -104.7718, 43.6167 ] ] ] } },
{ "type": "Feature", "properties": { "frame_id": 1107, "rollout": "P4", "region_name": "Wyoming", "orbit_pass": "ASCENDING" }, "geometry": { "type": "Polygon", "coordinates": [ [ [ -105.1297, 44.9406 ], [ -101.9949, 45.4504 ], [ -101.6628, 43.922 ], [ -104.7192, 43.4222 ], [ -105.1297, 44.9406 ] ] ] } },
{ "type": "Feature", "properties": { "frame_id": 1108, "rollout": "P4", "region_name": "Wyoming", "orbit_pass": "ASCENDING" }, "geometry": { "type": "Polygon", "coordinates": [ [ [ -105.4976, 46.2636 ], [ -102.2889, 46.7733 ], [ -101.9496, 45.2456 ], [ -105.0757, 44.7462 ], [ -105.4976, 46.2636 ] ] ] } },
{ "type": "Feature", "properties": { "frame_id": 1109, "rollout": "P4", "region_name": "North Dakota", "orbit_pass": "ASCENDING" }, "geometry": { "type": "Polygon", "coordinates": [ [ [ -105.8763, 47.5858 ], [ -102.5869, 48.0957 ], [ -102.2427, 46.5685 ], [ -105.442, 46.0693 ], [ -105.8763, 47.5858 ] ] ] } },
{ "type": "Feature", "properties": { "frame_id": 1110, "rollout": "P4", "region_name": "Saskatchewan", "orbit_pass": "ASCENDING" }, "geometry": { "type": "Polygon", "coordinates": [ [ [ -106.267, 48.9071 ], [ -102.8913, 49.4177 ], [ -102.5399, 47.891 ], [ -105.819, 47.3915 ], [ -106.267, 48.9071 ] ] ] } },
{ "type": "Feature", "properties": { "frame_id": 1111, "rollout": "P4", "region_name": "Montana", "orbit_pass": "ASCENDING" }, "geometry": { "type": "Polygon", "coordinates": [ [ [ -106.6713, 50.2274 ], [ -103.2026, 50.739 ], [ -102.8432, 49.2129 ], [ -106.2079, 48.7129 ], [ -106.6713, 50.2274 ] ] ] } },
{ "type": "Feature", "properties": { "frame_id": 1112, "rollout": "P4", "region_name": "Saskatchewan", "orbit_pass": "ASCENDING" }, "geometry": { "type": "Polygon", "coordinates": [ [ [ -107.0903, 51.5466 ], [ -103.5235, 52.0596 ], [ -103.1533, 50.5343 ], [ -106.61, 50.0332 ], [ -107.0903, 51.5466 ] ] ] } },
{ "type": "Feature", "properties": { "frame_id": 1381, "rollout": "P4", "region_name": "British Columbia", "orbit_pass": "ASCENDING" }, "geometry": { "type": "Polygon", "coordinates": [ [ [ -131.9959, 52.2147 ], [ -128.3752, 52.7287 ], [ -128.0018, 51.2035 ], [ -131.5061, 50.7018 ], [ -131.9959, 52.2147 ] ] ] } },
{ "type": "Feature", "properties": { "frame_id": 1382, "rollout": "P4", "region_name": "British Columbia", "orbit_pass": "ASCENDING" }, "geometry": { "type": "Polygon", "coordinates": [ [ [ -132.4405, 53.5322 ], [ -128.7081, 54.0485 ], [ -128.3239, 52.524 ], [ -131.931, 52.0207 ], [ -132.4405, 53.5322 ] ] ] } },
{ "type": "Feature", "properties": { "frame_id": 1383, "rollout": "P4", "region_name": "British Columbia", "orbit_pass": "ASCENDING" }, "geometry": { "type": "Polygon", "coordinates": [ [ [ -132.9046, 54.8486 ], [ -129.0515, 55.3677 ], [ -128.6552, 53.8439 ], [ -132.3729, 53.3383 ], [ -132.9046, 54.8486 ] ] ] } },
{ "type": "Feature", "properties": { "frame_id": 1384, "rollout": "P4", "region_name": "British Columbia", "orbit_pass": "ASCENDING" }, "geometry": { "type": "Polygon", "coordinates": [ [ [ -133.3906, 56.1636 ], [ -129.4092, 56.686 ], [ -128.9969, 55.1631 ], [ -132.8339, 54.6548 ], [ -133.3906, 56.1636 ] ] ] } },
{ "type": "Feature", "properties": { "frame_id": 1385, "rollout": "P4", "region_name": "British Columbia", "orbit_pass": "ASCENDING" }, "geometry": { "type": "Polygon", "coordinates": [ [ [ -133.9011, 57.4772 ], [ -129.7778, 58.0038 ], [ -129.3526, 56.4814 ], [ -133.3165, 55.97 ], [ -133.9011, 57.4772 ] ] ] } },
{ "type": "Feature", "properties": { "frame_id": 1386, "rollout": "P4", "region_name": "British Columbia", "orbit_pass": "ASCENDING" }, "geometry": { "type": "Polygon", "coordinates": [ [ [ -134.4392, 58.7893 ], [ -130.1618, 59.3209 ], [ -129.719, 57.7993 ], [ -133.8231, 57.2837 ], [ -134.4392, 58.7893 ] ] ] } },
{ "type": "Feature", "properties": { "frame_id": 1387, "rollout": "P4", "region_name": "British Columbia", "orbit_pass": "ASCENDING" }, "geometry": { "type": "Polygon", "coordinates": [ [ [ -135.0087, 60.0996 ], [ -130.563, 60.6372 ], [ -130.1004, 59.1165 ], [ -134.3569, 58.596 ], [ -135.0087, 60.0996 ] ] ] } },
{ "type": "Feature", "properties": { "frame_id": 1388, "rollout": "P4", "region_name": "British Columbia", "orbit_pass": "ASCENDING" }, "geometry": { "type": "Polygon", "coordinates": [ [ [ -135.6138, 61.408 ], [ -130.9842, 61.9527 ], [ -130.4988, 60.4328 ], [ -134.9215, 59.9065 ], [ -135.6138, 61.408 ] ] ] } },
{ "type": "Feature", "properties": { "frame_id": 1389, "rollout": "P4", "region_name": "British Columbia", "orbit_pass": "ASCENDING" }, "geometry": { "type": "Polygon", "coordinates": [ [ [ -136.2673, 62.7136 ], [ -131.4316, 63.2671 ], [ -130.9167, 61.7484 ], [ -135.521, 61.2151 ], [ -136.2673, 62.7136 ] ] ] } },
{ "type": "Feature", "properties": { "frame_id": 1652, "rollout": "P4", "region_name": "Alaska", "orbit_pass": "ASCENDING" }, "geometry": { "type": "Polygon", "coordinates": [ [ [ -157.8393, 55.517 ], [ -153.9201, 56.0381 ], [ -153.5133, 54.5149 ], [ -157.2951, 54.0075 ], [ -157.8393, 55.517 ] ] ] } },
{ "type": "Feature", "properties": { "frame_id": 1653, "rollout": "P4", "region_name": "Alaska", "orbit_pass": "ASCENDING" }, "geometry": { "type": "Polygon", "coordinates": [ [ [ -158.3375, 56.8314 ], [ -154.2846, 57.3561 ], [ -153.8645, 55.8335 ], [ -157.7669, 55.3233 ], [ -158.3375, 56.8314 ] ] ] } },
{ "type": "Feature", "properties": { "frame_id": 1654, "rollout": "P4", "region_name": "Alaska", "orbit_pass": "ASCENDING" }, "geometry": { "type": "Polygon", "coordinates": [ [ [ -158.8618, 58.1442 ], [ -154.6608, 58.6735 ], [ -154.2269, 57.1515 ], [ -158.2615, 56.6378 ], [ -158.8618, 58.1442 ] ] ] } },
{ "type": "Feature", "properties": { "frame_id": 1655, "rollout": "P4", "region_name": "Alaska", "orbit_pass": "ASCENDING" }, "geometry": { "type": "Polygon", "coordinates": [ [ [ -159.4155, 59.4554 ], [ -155.0535, 59.9902 ], [ -154.6008, 58.469 ], [ -158.7818, 57.9508 ], [ -159.4155, 59.4554 ] ] ] } },
{ "type": "Feature", "properties": { "frame_id": 1656, "rollout": "P4", "region_name": "Alaska", "orbit_pass": "ASCENDING" }, "geometry": { "type": "Polygon", "coordinates": [ [ [ -160.0028, 60.7648 ], [ -155.4647, 61.3061 ], [ -154.9907, 59.7858 ], [ -159.3308, 59.2622 ], [ -160.0028, 60.7648 ] ] ] } },
{ "type": "Feature", "properties": { "frame_id": 1657, "rollout": "P4", "region_name": "Alaska", "orbit_pass": "ASCENDING" }, "geometry": { "type": "Polygon", "coordinates": [ [ [ -160.6282, 62.0722 ], [ -155.9004, 62.621 ], [ -155.3989, 61.1018 ], [ -159.9128, 60.5718 ], [ -160.6282, 62.0722 ] ] ] } },
{ "type": "Feature", "properties": { "frame_id": 1658, "rollout": "P4", "region_name": "Alaska", "orbit_pass": "ASCENDING" }, "geometry": { "type": "Polygon", "coordinates": [ [ [ -161.2977, 63.3773 ], [ -156.3579, 63.9351 ], [ -155.8309, 62.4167 ], [ -160.5322, 61.8794 ], [ -161.2977, 63.3773 ] ] ] } },
{ "type": "Feature", "properties": { "frame_id": 1659, "rollout": "P4", "region_name": "Alaska", "orbit_pass": "ASCENDING" }, "geometry": { "type": "Polygon", "coordinates": [ [ [ -162.0176, 64.68 ], [ -157.6698, 65.188 ], [ -156.8442, 65.2482 ], [ -156.2844, 63.7309 ], [ -161.1947, 63.1849 ], [ -162.0176, 64.68 ] ] ] } },
{ "type": "Feature", "properties": { "frame_id": 1660, "rollout": "P4", "region_name": "Alaska", "orbit_pass": "ASCENDING" }, "geometry": { "type": "Polygon", "coordinates": [ [ [ -162.7966, 65.9797 ], [ -158.2328, 66.4988 ], [ -157.3643, 66.5603 ], [ -156.7658, 65.0442 ], [ -161.9067, 64.4878 ], [ -162.7966, 65.9797 ] ] ] } },
{ "type": "Feature", "properties": { "frame_id": 1661, "rollout": "P4", "region_name": "Alaska", "orbit_pass": "ASCENDING" }, "geometry": { "type": "Polygon", "coordinates": [ [ [ -163.6444, 67.2762 ], [ -157.9276, 67.8708 ], [ -157.2803, 66.3563 ], [ -162.6763, 65.788 ], [ -163.6444, 67.2762 ] ] ] } },
{ "type": "Feature", "properties": { "frame_id": 1662, "rollout": "P4", "region_name": "Alaska", "orbit_pass": "ASCENDING" }, "geometry": { "type": "Polygon", "coordinates": [ [ [ -164.5734, 68.5689 ], [ -158.5349, 69.1802 ], [ -157.8369, 67.667 ], [ -163.5132, 67.085 ], [ -164.5734, 68.5689 ] ] ] } },
{ "type": "Feature", "properties": { "frame_id": 1663, "rollout": "P4", "region_name": "Alaska", "orbit_pass": "ASCENDING" }, "geometry": { "type": "Polygon", "coordinates": [ [ [ -165.5993, 69.857 ], [ -159.1991, 70.4881 ], [ -158.4363, 68.9766 ], [ -164.4293, 68.3782 ], [ -165.5993, 69.857 ] ] ] } },
{ "type": "Feature", "properties": { "frame_id": 1664, "rollout": "P4", "region_name": "Alaska", "orbit_pass": "ASCENDING" }, "geometry": { "type": "Polygon", "coordinates": [ [ [ -166.7491, 71.1391 ], [ -159.9326, 71.794 ], [ -159.0909, 70.2847 ], [ -165.4474, 69.6662 ], [ -166.7491, 71.1391 ] ] ] } },
{ "type": "Feature", "properties": { "frame_id": 1918, "rollout": "P4", "region_name": "Alaska", "orbit_pass": "ASCENDING" }, "geometry": { "type": "MultiPolygon", "coordinates": [ [ [ [ 180.0, 52.4555 ], [ 180.0, 50.8317 ], [ 179.1108, 50.726 ], [ 178.6206, 52.2388 ], [ 180.0, 52.4555 ] ] ], [ [ [ -180.0, 52.4555 ], [ -177.7569, 52.753 ], [ -177.3831, 51.2278 ], [ -180.0, 50.8317 ], [ -180.0, 52.4555 ] ] ] ] } },
{ "type": "Feature", "properties": { "frame_id": 2784, "rollout": "P4", "region_name": "Quebec", "orbit_pass": "DESCENDING" }, "geometry": { "type": "Polygon", "coordinates": [ [ [ -75.2424, 47.2164 ], [ -74.8947, 48.7433 ], [ -71.495, 48.4627 ], [ -71.9384, 46.9468 ], [ -75.2424, 47.2164 ] ] ] } },
{ "type": "Feature", "properties": { "frame_id": 2785, "rollout": "P4", "region_name": "Quebec", "orbit_pass": "DESCENDING" }, "geometry": { "type": "Polygon", "coordinates": [ [ [ -75.5384, 45.8938 ], [ -75.1958, 47.4211 ], [ -71.8817, 47.1411 ], [ -72.3118, 45.6243 ], [ -75.5384, 45.8938 ] ] ] } },
{ "type": "Feature", "properties": { "frame_id": 2786, "rollout": "P4", "region_name": "Vermont", "orbit_pass": "DESCENDING" }, "geometry": { "type": "Polygon", "coordinates": [ [ [ -75.8276, 44.5705 ], [ -75.4927, 46.0986 ], [ -72.2567, 45.8187 ], [ -72.6749, 44.3009 ], [ -75.8276, 44.5705 ] ] ] } },
{ "type": "Feature", "properties": { "frame_id": 2787, "rollout": "P4", "region_name": "Vermont", "orbit_pass": "DESCENDING" }, "geometry": { "type": "Polygon", "coordinates": [ [ [ -76.1121, 43.2467 ], [ -75.7827, 44.7753 ], [ -72.6214, 44.4954 ], [ -73.0284, 42.9768 ], [ -76.1121, 43.2467 ] ] ] } },
{ "type": "Feature", "properties": { "frame_id": 2788, "rollout": "P4", "region_name": "Connecticut", "orbit_pass": "DESCENDING" }, "geometry": { "type": "Polygon", "coordinates": [ [ [ -76.3925, 41.9223 ], [ -76.0679, 43.4515 ], [ -72.9763, 43.1712 ], [ -73.3782, 41.6525 ], [ -76.3925, 41.9223 ] ] ] } },
{ "type": "Feature", "properties": { "frame_id": 2790, "rollout": "P4", "region_name": "NYC", "orbit_pass": "DESCENDING" }, "geometry": { "type": "Polygon", "coordinates": [ [ [ -76.9465, 39.2726 ], [ -76.6301, 40.8028 ], [ -73.6655, 40.5214 ], [ -74.0451, 39.0004 ], [ -76.9465, 39.2726 ] ] ] } },
{ "type": "Feature", "properties": { "frame_id": 2791, "rollout": "P4", "region_name": "New Jersey", "orbit_pass": "DESCENDING" }, "geometry": { "type": "Polygon", "coordinates": [ [ [ -77.217, 37.9468 ], [ -76.904, 39.4775 ], [ -73.9965, 39.195 ], [ -74.3687, 37.6733 ], [ -77.217, 37.9468 ] ] ] } },
{ "type": "Feature", "properties": { "frame_id": 2792, "rollout": "P4", "region_name": "Maryland", "orbit_pass": "DESCENDING" }, "geometry": { "type": "Polygon", "coordinates": [ [ [ -77.4849, 36.6206 ], [ -77.175, 38.1517 ], [ -74.321, 37.868 ], [ -74.6863, 36.3456 ], [ -77.4849, 36.6206 ] ] ] } },
{ "type": "Feature", "properties": { "frame_id": 3050, "rollout": "P4", "region_name": "Ontario", "orbit_pass": "DESCENDING" }, "geometry": { "type": "Polygon", "coordinates": [ [ [ -99.165, 50.5164 ], [ -98.795, 52.0416 ], [ -95.1518, 51.7574 ], [ -95.6412, 50.245 ], [ -99.165, 50.5164 ] ] ] } },
{ "type": "Feature", "properties": { "frame_id": 3051, "rollout": "P4", "region_name": "Minnesota", "orbit_pass": "DESCENDING" }, "geometry": { "type": "Polygon", "coordinates": [ [ [ -99.4785, 49.1954 ], [ -99.1157, 50.7211 ], [ -95.5796, 50.4392 ], [ -96.0457, 48.9249 ], [ -99.4785, 49.1954 ] ] ] } },
{ "type": "Feature", "properties": { "frame_id": 3052, "rollout": "P4", "region_name": "North Dakota", "orbit_pass": "DESCENDING" }, "geometry": { "type": "Polygon", "coordinates": [ [ [ -99.7817, 47.8735 ], [ -99.4304, 49.4001 ], [ -95.9862, 49.1191 ], [ -96.4367, 47.6038 ], [ -99.7817, 47.8735 ] ] ] } },
{ "type": "Feature", "properties": { "frame_id": 3053, "rollout": "P4", "region_name": "North Dakota", "orbit_pass": "DESCENDING" }, "geometry": { "type": "Polygon", "coordinates": [ [ [ -100.0788, 46.551 ], [ -99.7346, 48.0783 ], [ -96.3791, 47.7981 ], [ -96.8156, 46.2817 ], [ -100.0788, 46.551 ] ] ] } },
{ "type": "Feature", "properties": { "frame_id": 3054, "rollout": "P4", "region_name": "South Dakota", "orbit_pass": "DESCENDING" }, "geometry": { "type": "Polygon", "coordinates": [ [ [ -100.3721, 45.2282 ], [ -100.0327, 46.7558 ], [ -96.7598, 46.4761 ], [ -97.1836, 44.9588 ], [ -100.3721, 45.2282 ] ] ] } },
{ "type": "Feature", "properties": { "frame_id": 3055, "rollout": "P4", "region_name": "South Dakota", "orbit_pass": "DESCENDING" }, "geometry": { "type": "Polygon", "coordinates": [ [ [ -100.6588, 43.9047 ], [ -100.3268, 45.433 ], [ -97.1294, 45.1532 ], [ -97.5418, 43.6351 ], [ -100.6588, 43.9047 ] ] ] } },
{ "type": "Feature", "properties": { "frame_id": 3056, "rollout": "P4", "region_name": "Nebraska", "orbit_pass": "DESCENDING" }, "geometry": { "type": "Polygon", "coordinates": [ [ [ -100.9412, 42.5806 ], [ -100.6143, 44.1095 ], [ -97.489, 43.8295 ], [ -97.8909, 42.3105 ], [ -100.9412, 42.5806 ] ] ] } },
{ "type": "Feature", "properties": { "frame_id": 3057, "rollout": "P4", "region_name": "Nebraska", "orbit_pass": "DESCENDING" }, "geometry": { "type": "Polygon", "coordinates": [ [ [ -101.2197, 41.2561 ], [ -100.8974, 42.7855 ], [ -97.8394, 42.505 ], [ -98.2318, 40.9852 ], [ -101.2197, 41.2561 ] ] ] } },
{ "type": "Feature", "properties": { "frame_id": 3058, "rollout": "P4", "region_name": "Kansas", "orbit_pass": "DESCENDING" }, "geometry": { "type": "Polygon", "coordinates": [ [ [ -101.4959, 39.9312 ], [ -101.1765, 41.4609 ], [ -98.1815, 41.1798 ], [ -98.5653, 39.6592 ], [ -101.4959, 39.9312 ] ] ] } },
{ "type": "Feature", "properties": { "frame_id": 3059, "rollout": "P4", "region_name": "Kansas", "orbit_pass": "DESCENDING" }, "geometry": { "type": "Polygon", "coordinates": [ [ [ -101.7678, 38.6057 ], [ -101.4532, 40.136 ], [ -98.5161, 39.8538 ], [ -98.8921, 38.3326 ], [ -101.7678, 38.6057 ] ] ] } },
{ "type": "Feature", "properties": { "frame_id": 3318, "rollout": "P4", "region_name": "British Columbia", "orbit_pass": "DESCENDING" }, "geometry": { "type": "Polygon", "coordinates": [ [ [ -123.6959, 51.1688 ], [ -123.3211, 52.6938 ], [ -119.6259, 52.4087 ], [ -120.1186, 50.8961 ], [ -123.6959, 51.1688 ] ] ] } },
{ "type": "Feature", "properties": { "frame_id": 3319, "rollout": "P4", "region_name": "British Columbia", "orbit_pass": "DESCENDING" }, "geometry": { "type": "Polygon", "coordinates": [ [ [ -124.0098, 49.8478 ], [ -123.646, 51.3735 ], [ -120.0558, 51.0902 ], [ -120.5303, 49.5765 ], [ -124.0098, 49.8478 ] ] ] } },
{ "type": "Feature", "properties": { "frame_id": 3320, "rollout": "P4", "region_name": "British Columbia", "orbit_pass": "DESCENDING" }, "geometry": { "type": "Polygon", "coordinates": [ [ [ -124.3164, 48.5262 ], [ -123.9611, 50.0525 ], [ -120.4698, 49.7707 ], [ -120.9279, 48.2559 ], [ -124.3164, 48.5262 ] ] ] } },
{ "type": "Feature", "properties": { "frame_id": 3321, "rollout": "P4", "region_name": "Washington", "orbit_pass": "DESCENDING" }, "geometry": { "type": "Polygon", "coordinates": [ [ [ -124.6166, 47.204 ], [ -124.2688, 48.7309 ], [ -120.8694, 48.4501 ], [ -121.3128, 46.9343 ], [ -124.6166, 47.204 ] ] ] } },
{ "type": "Feature", "properties": { "frame_id": 3322, "rollout": "P4", "region_name": "Washington", "orbit_pass": "DESCENDING" }, "geometry": { "type": "Polygon", "coordinates": [ [ [ -124.9126, 45.8814 ], [ -124.57, 47.4088 ], [ -121.2561, 47.1286 ], [ -121.6862, 45.6118 ], [ -124.9126, 45.8814 ] ] ] } },
{ "type": "Feature", "properties": { "frame_id": 3323, "rollout": "P4", "region_name": "Washington", "orbit_pass": "DESCENDING" }, "geometry": { "type": "Polygon", "coordinates": [ [ [ -125.2018, 44.5582 ], [ -124.8669, 46.0862 ], [ -121.6312, 45.8062 ], [ -122.0493, 44.2885 ], [ -125.2018, 44.5582 ] ] ] } },
{ "type": "Feature", "properties": { "frame_id": 3324, "rollout": "P4", "region_name": "Oregon", "orbit_pass": "DESCENDING" }, "geometry": { "type": "Polygon", "coordinates": [ [ [ -125.4863, 43.2344 ], [ -125.1569, 44.763 ], [ -121.9958, 44.4829 ], [ -122.4028, 42.9643 ], [ -125.4863, 43.2344 ] ] ] } },
{ "type": "Feature", "properties": { "frame_id": 3325, "rollout": "P4", "region_name": "Northern California", "orbit_pass": "DESCENDING" }, "geometry": { "type": "Polygon", "coordinates": [ [ [ -125.7668, 41.9101 ], [ -125.4421, 43.4392 ], [ -122.3507, 43.1588 ], [ -122.7526, 41.6401 ], [ -125.7668, 41.9101 ] ] ] } },
{ "type": "Feature", "properties": { "frame_id": 3326, "rollout": "P4", "region_name": "Northern California", "orbit_pass": "DESCENDING" }, "geometry": { "type": "Polygon", "coordinates": [ [ [ -126.0474, 40.5857 ], [ -125.7232, 42.1149 ], [ -122.7018, 41.8346 ], [ -123.0897, 40.3144 ], [ -126.0474, 40.5857 ] ] ] } },
{ "type": "Feature", "properties": { "frame_id": 3327, "rollout": "P4", "region_name": "Northern California", "orbit_pass": "DESCENDING" }, "geometry": { "type": "Polygon", "coordinates": [ [ [ -126.3208, 39.2604 ], [ -126.0044, 40.7905 ], [ -123.04, 40.509 ], [ -123.4196, 38.9881 ], [ -126.3208, 39.2604 ] ] ] } },
{ "type": "Feature", "properties": { "frame_id": 3328, "rollout": "P4", "region_name": "Northern California", "orbit_pass": "DESCENDING" }, "geometry": { "type": "Polygon", "coordinates": [ [ [ -126.5914, 37.9346 ], [ -126.2783, 39.4653 ], [ -123.3709, 39.1827 ], [ -123.7431, 37.661 ], [ -126.5914, 37.9346 ] ] ] } },
{ "type": "Feature", "properties": { "frame_id": 3574, "rollout": "P4", "region_name": "Alaska", "orbit_pass": "DESCENDING" }, "geometry": { "type": "Polygon", "coordinates": [ [ [ -143.2483, 67.6087 ], [ -142.5492, 69.1217 ], [ -136.3515, 68.7349 ], [ -137.4251, 67.2516 ], [ -143.2483, 67.6087 ] ] ] } },
{ "type": "Feature", "properties": { "frame_id": 3575, "rollout": "P4", "region_name": "Alaska", "orbit_pass": "DESCENDING" }, "geometry": { "type": "Polygon", "coordinates": [ [ [ -143.7997, 66.2978 ], [ -143.158, 67.8125 ], [ -137.2923, 67.4428 ], [ -138.2792, 65.9559 ], [ -143.7997, 66.2978 ] ] ] } },
{ "type": "Feature", "properties": { "frame_id": 3576, "rollout": "P4", "region_name": "Alaska", "orbit_pass": "DESCENDING" }, "geometry": { "type": "Polygon", "coordinates": [ [ [ -144.317, 64.9859 ], [ -143.716, 66.5017 ], [ -138.1576, 66.1476 ], [ -139.0569, 64.6562 ], [ -144.317, 64.9859 ] ] ] } },
{ "type": "Feature", "properties": { "frame_id": 3577, "rollout": "P4", "region_name": "Alaska", "orbit_pass": "DESCENDING" }, "geometry": { "type": "Polygon", "coordinates": [ [ [ -144.7972, 63.6727 ], [ -144.2388, 65.19 ], [ -138.9449, 64.8483 ], [ -139.7761, 63.3536 ], [ -144.7972, 63.6727 ] ] ] } },
{ "type": "Feature", "properties": { "frame_id": 3578, "rollout": "P4", "region_name": "Alaska", "orbit_pass": "DESCENDING" }, "geometry": { "type": "Polygon", "coordinates": [ [ [ -145.2525, 62.3587 ], [ -144.7238, 63.8769 ], [ -139.6722, 63.5461 ], [ -140.4446, 62.0485 ], [ -145.2525, 62.3587 ] ] ] } },
{ "type": "Feature", "properties": { "frame_id": 3579, "rollout": "P4", "region_name": "Alaska", "orbit_pass": "DESCENDING" }, "geometry": { "type": "Polygon", "coordinates": [ [ [ -145.6806, 61.0435 ], [ -145.1832, 62.563 ], [ -140.3478, 62.2413 ], [ -141.0694, 60.7412 ], [ -145.6806, 61.0435 ] ] ] } },
{ "type": "Feature", "properties": { "frame_id": 3580, "rollout": "P4", "region_name": "Alaska", "orbit_pass": "DESCENDING" }, "geometry": { "type": "Polygon", "coordinates": [ [ [ -146.088, 59.7276 ], [ -145.6149, 61.2479 ], [ -140.9787, 60.9342 ], [ -141.656, 59.4319 ], [ -146.088, 59.7276 ] ] ] } },
{ "type": "Feature", "properties": { "frame_id": 3581, "rollout": "P4", "region_name": "Alaska", "orbit_pass": "DESCENDING" }, "geometry": { "type": "Polygon", "coordinates": [ [ [ -146.4772, 58.4109 ], [ -146.0253, 59.932 ], [ -141.5706, 59.6251 ], [ -142.2092, 58.1208 ], [ -146.4772, 58.4109 ] ] ] } },
{ "type": "Feature", "properties": { "frame_id": 3841, "rollout": "P4", "region_name": "Alaska", "orbit_pass": "DESCENDING" }, "geometry": { "type": "Polygon", "coordinates": [ [ [ -167.0237, 69.558 ], [ -166.2274, 71.0685 ], [ -159.4527, 70.6505 ], [ -160.7013, 69.1752 ], [ -167.0237, 69.558 ] ] ] } },
{ "type": "Feature", "properties": { "frame_id": 3842, "rollout": "P4", "region_name": "Alaska", "orbit_pass": "DESCENDING" }, "geometry": { "type": "Polygon", "coordinates": [ [ [ -167.6503, 68.2493 ], [ -166.921, 69.7615 ], [ -160.5479, 69.3655 ], [ -161.6738, 67.8846 ], [ -167.6503, 68.2493 ] ] ] } },
{ "type": "Feature", "properties": { "frame_id": 3843, "rollout": "P4", "region_name": "Alaska", "orbit_pass": "DESCENDING" }, "geometry": { "type": "Polygon", "coordinates": [ [ [ -168.2229, 66.9389 ], [ -167.5524, 68.4528 ], [ -161.5348, 68.0756 ], [ -162.5581, 66.5899 ], [ -168.2229, 66.9389 ] ] ] } },
{ "type": "Feature", "properties": { "frame_id": 3844, "rollout": "P4", "region_name": "Alaska", "orbit_pass": "DESCENDING" }, "geometry": { "type": "Polygon", "coordinates": [ [ [ -168.7539, 65.6273 ], [ -168.1361, 67.1428 ], [ -162.4313, 66.7814 ], [ -163.3681, 65.2917 ], [ -168.7539, 65.6273 ] ] ] } },
{ "type": "Feature", "properties": { "frame_id": 3845, "rollout": "P4", "region_name": "Alaska", "orbit_pass": "DESCENDING" }, "geometry": { "type": "Polygon", "coordinates": [ [ [ -169.2495, 64.3146 ], [ -168.6731, 65.8313 ], [ -163.2515, 65.4836 ], [ -164.1148, 63.9904 ], [ -169.2495, 64.3146 ] ] ] } },
{ "type": "Feature", "properties": { "frame_id": 3846, "rollout": "P4", "region_name": "Alaska", "orbit_pass": "DESCENDING" }, "geometry": { "type": "Polygon", "coordinates": [ [ [ -169.715, 63.0008 ], [ -169.1739, 64.5187 ], [ -164.0071, 64.1827 ], [ -164.8072, 62.6865 ], [ -169.715, 63.0008 ] ] ] } },
{ "type": "Feature", "properties": { "frame_id": 3847, "rollout": "P4", "region_name": "Alaska", "orbit_pass": "DESCENDING" }, "geometry": { "type": "Polygon", "coordinates": [ [ [ -170.1576, 61.6862 ], [ -169.6438, 63.205 ], [ -164.707, 62.8791 ], [ -165.4527, 61.3802 ], [ -170.1576, 61.6862 ] ] ] } },
{ "type": "Feature", "properties": { "frame_id": 3848, "rollout": "P4", "region_name": "Alaska", "orbit_pass": "DESCENDING" }, "geometry": { "type": "Polygon", "coordinates": [ [ [ -170.5748, 60.3707 ], [ -170.0902, 61.8906 ], [ -165.359, 61.573 ], [ -166.0573, 60.0718 ], [ -170.5748, 60.3707 ] ] ] } },
{ "type": "Feature", "properties": { "frame_id": 3849, "rollout": "P4", "region_name": "Alaska", "orbit_pass": "DESCENDING" }, "geometry": { "type": "Polygon", "coordinates": [ [ [ -170.9727, 59.0542 ], [ -170.5107, 60.5751 ], [ -165.9694, 60.2648 ], [ -166.6263, 58.7615 ], [ -170.9727, 59.0542 ] ] ] } },
{ "type": "Feature", "properties": { "frame_id": 3854, "rollout": "P4", "region_name": "Alaska", "orbit_pass": "DESCENDING" }, "geometry": { "type": "Polygon", "coordinates": [ [ [ -172.7509, 52.4619 ], [ -172.367, 53.9865 ], [ -168.5621, 53.6993 ], [ -169.0744, 52.1879 ], [ -172.7509, 52.4619 ] ] ] } },
{ "type": "Feature", "properties": { "frame_id": 3855, "rollout": "P4", "region_name": "Alaska", "orbit_pass": "DESCENDING" }, "geometry": { "type": "Polygon", "coordinates": [ [ [ -173.0742, 51.1415 ], [ -172.6996, 52.6666 ], [ -169.0092, 52.3819 ], [ -169.5014, 50.8692 ], [ -173.0742, 51.1415 ] ] ] } },
{ "type": "Feature", "properties": { "frame_id": 4597, "rollout": "P4", "region_name": "Maine", "orbit_pass": "ASCENDING" }, "geometry": { "type": "Polygon", "coordinates": [ [ [ -65.9106, 44.4346 ], [ -62.8035, 44.9446 ], [ -62.4733, 43.4161 ], [ -65.5042, 42.9159 ], [ -65.9106, 44.4346 ] ] ] } },
{ "type": "Feature", "properties": { "frame_id": 4598, "rollout": "P4", "region_name": "Maine", "orbit_pass": "ASCENDING" }, "geometry": { "type": "Polygon", "coordinates": [ [ [ -66.2747, 45.7579 ], [ -63.0956, 46.2676 ], [ -62.7585, 44.7398 ], [ -65.8572, 44.2401 ], [ -66.2747, 45.7579 ] ] ] } },
{ "type": "Feature", "properties": { "frame_id": 4599, "rollout": "P4", "region_name": "Quebec", "orbit_pass": "ASCENDING" }, "geometry": { "type": "Polygon", "coordinates": [ [ [ -66.6492, 47.0804 ], [ -63.3916, 47.5903 ], [ -63.0498, 46.0628 ], [ -66.2197, 45.5635 ], [ -66.6492, 47.0804 ] ] ] } },
{ "type": "Feature", "properties": { "frame_id": 4600, "rollout": "P4", "region_name": "Quebec", "orbit_pass": "ASCENDING" }, "geometry": { "type": "Polygon", "coordinates": [ [ [ -67.0411, 48.4012 ], [ -63.6935, 48.9124 ], [ -63.3448, 47.3855 ], [ -66.5981, 46.8853 ], [ -67.0411, 48.4012 ] ] ] } },
{ "type": "Feature", "properties": { "frame_id": 4601, "rollout": "P4", "region_name": "Quebec", "orbit_pass": "ASCENDING" }, "geometry": { "type": "Polygon", "coordinates": [ [ [ -67.4401, 49.7218 ], [ -64.0056, 50.2335 ], [ -63.6491, 48.7073 ], [ -66.9826, 48.2069 ], [ -67.4401, 49.7218 ] ] ] } },
{ "type": "Feature", "properties": { "frame_id": 4862, "rollout": "P4", "region_name": "Indiana", "orbit_pass": "ASCENDING" }, "geometry": { "type": "Polygon", "coordinates": [ [ [ -89.3933, 39.8091 ], [ -86.5039, 40.322 ], [ -86.1881, 38.7917 ], [ -89.0133, 38.2884 ], [ -89.3933, 39.8091 ] ] ] } },
{ "type": "Feature", "properties": { "frame_id": 4863, "rollout": "P4", "region_name": "Indiana", "orbit_pass": "ASCENDING" }, "geometry": { "type": "Polygon", "coordinates": [ [ [ -89.7276, 41.1351 ], [ -86.7826, 41.6467 ], [ -86.4611, 40.1172 ], [ -89.3441, 39.6145 ], [ -89.7276, 41.1351 ] ] ] } },
{ "type": "Feature", "properties": { "frame_id": 4864, "rollout": "P4", "region_name": "Indiana", "orbit_pass": "ASCENDING" }, "geometry": { "type": "Polygon", "coordinates": [ [ [ -90.0695, 42.4604 ], [ -87.0623, 42.9712 ], [ -86.7393, 41.4419 ], [ -89.6773, 40.9406 ], [ -90.0695, 42.4604 ] ] ] } },
{ "type": "Feature", "properties": { "frame_id": 4865, "rollout": "P4", "region_name": "Illinois", "orbit_pass": "ASCENDING" }, "geometry": { "type": "Polygon", "coordinates": [ [ [ -90.4196, 43.785 ], [ -87.3459, 44.2952 ], [ -87.0183, 42.7664 ], [ -90.0181, 42.2659 ], [ -90.4196, 43.785 ] ] ] } },
{ "type": "Feature", "properties": { "frame_id": 4866, "rollout": "P4", "region_name": "Wisconsin", "orbit_pass": "ASCENDING" }, "geometry": { "type": "Polygon", "coordinates": [ [ [ -90.7788, 45.1087 ], [ -87.6356, 45.6185 ], [ -87.3013, 44.0904 ], [ -90.3669, 43.5905 ], [ -90.7788, 45.1087 ] ] ] } },
{ "type": "Feature", "properties": { "frame_id": 4867, "rollout": "P4", "region_name": "Wisconsin", "orbit_pass": "ASCENDING" }, "geometry": { "type": "Polygon", "coordinates": [ [ [ -90.7246, 44.9143 ], [ -91.148, 46.4316 ], [ -87.9288, 46.9414 ], [ -87.5902, 45.4137 ], [ -90.7246, 44.9143 ] ] ] } },
{ "type": "Feature", "properties": { "frame_id": 4868, "rollout": "P4", "region_name": "Wisconsin", "orbit_pass": "ASCENDING" }, "geometry": { "type": "Polygon", "coordinates": [ [ [ -91.5283, 47.7537 ], [ -88.2277, 48.2638 ], [ -87.8825, 46.7367 ], [ -91.0923, 46.2373 ], [ -91.5283, 47.7537 ] ] ] } },
{ "type": "Feature", "properties": { "frame_id": 4869, "rollout": "P4", "region_name": "Ontario", "orbit_pass": "ASCENDING" }, "geometry": { "type": "Polygon", "coordinates": [ [ [ -91.9207, 49.0748 ], [ -88.5329, 49.5857 ], [ -88.1805, 48.0591 ], [ -91.4708, 47.5594 ], [ -91.9207, 49.0748 ] ] ] } },
{ "type": "Feature", "properties": { "frame_id": 4870, "rollout": "P4", "region_name": "Ontario", "orbit_pass": "ASCENDING" }, "geometry": { "type": "Polygon", "coordinates": [ [ [ -92.3268, 50.395 ], [ -88.8452, 50.9069 ], [ -88.4846, 49.3809 ], [ -91.8613, 48.8806 ], [ -92.3268, 50.395 ] ] ] } },
{ "type": "Feature", "properties": { "frame_id": 4871, "rollout": "P4", "region_name": "Ontario", "orbit_pass": "ASCENDING" }, "geometry": { "type": "Polygon", "coordinates": [ [ [ -92.7479, 51.714 ], [ -89.1673, 52.2274 ], [ -88.7957, 50.7022 ], [ -92.2653, 50.2008 ], [ -92.7479, 51.714 ] ] ] } },
{ "type": "Feature", "properties": { "frame_id": 5128, "rollout": "P4", "region_name": "Arizona", "orbit_pass": "ASCENDING" }, "geometry": { "type": "Polygon", "coordinates": [ [ [ -113.2673, 36.4995 ], [ -110.5118, 37.0151 ], [ -110.2041, 35.4836 ], [ -112.9084, 34.9764 ], [ -113.2673, 36.4995 ] ] ] } },
{ "type": "Feature", "properties": { "frame_id": 5129, "rollout": "P4", "region_name": "Arizona", "orbit_pass": "ASCENDING" }, "geometry": { "type": "Polygon", "coordinates": [ [ [ -113.5856, 37.8272 ], [ -110.7805, 38.3414 ], [ -110.4701, 36.8103 ], [ -113.2205, 36.3048 ], [ -113.5856, 37.8272 ] ] ] } },
{ "type": "Feature", "properties": { "frame_id": 5130, "rollout": "P4", "region_name": "Utah", "orbit_pass": "ASCENDING" }, "geometry": { "type": "Polygon", "coordinates": [ [ [ -113.9099, 39.1543 ], [ -111.0518, 39.6671 ], [ -110.7384, 38.1365 ], [ -113.538, 37.6325 ], [ -113.9099, 39.1543 ] ] ] } },
{ "type": "Feature", "properties": { "frame_id": 5131, "rollout": "P4", "region_name": "Nevada", "orbit_pass": "ASCENDING" }, "geometry": { "type": "Polygon", "coordinates": [ [ [ -114.2406, 40.4807 ], [ -111.327, 40.9923 ], [ -111.0093, 39.4623 ], [ -113.8613, 38.9597 ], [ -114.2406, 40.4807 ] ] ] } },
{ "type": "Feature", "properties": { "frame_id": 5132, "rollout": "P4", "region_name": "Nevada", "orbit_pass": "ASCENDING" }, "geometry": { "type": "Polygon", "coordinates": [ [ [ -114.5786, 41.8065 ], [ -111.6047, 42.3172 ], [ -111.2839, 40.7875 ], [ -114.1909, 40.2862 ], [ -114.5786, 41.8065 ] ] ] } },
{ "type": "Feature", "properties": { "frame_id": 5133, "rollout": "P4", "region_name": "Nevada", "orbit_pass": "ASCENDING" }, "geometry": { "type": "Polygon", "coordinates": [ [ [ -114.9244, 43.1315 ], [ -111.8862, 43.6415 ], [ -111.5611, 42.1123 ], [ -114.5278, 41.6119 ], [ -114.9244, 43.1315 ] ] ] } },
{ "type": "Feature", "properties": { "frame_id": 5134, "rollout": "P4", "region_name": "Idaho", "orbit_pass": "ASCENDING" }, "geometry": { "type": "Polygon", "coordinates": [ [ [ -115.2788, 44.4557 ], [ -112.172, 44.9653 ], [ -111.8419, 43.4367 ], [ -114.8723, 42.937 ], [ -115.2788, 44.4557 ] ] ] } },
{ "type": "Feature", "properties": { "frame_id": 5135, "rollout": "P4", "region_name": "Idaho", "orbit_pass": "ASCENDING" }, "geometry": { "type": "Polygon", "coordinates": [ [ [ -115.6428, 45.7791 ], [ -112.464, 46.2884 ], [ -112.127, 44.7605 ], [ -115.2253, 44.2612 ], [ -115.6428, 45.7791 ] ] ] } },
{ "type": "Feature", "properties": { "frame_id": 5136, "rollout": "P4", "region_name": "Idaho", "orbit_pass": "ASCENDING" }, "geometry": { "type": "Polygon", "coordinates": [ [ [ -116.0173, 47.1016 ], [ -112.7599, 47.6111 ], [ -112.4182, 46.0836 ], [ -115.5879, 45.5847 ], [ -116.0173, 47.1016 ] ] ] } },
{ "type": "Feature", "properties": { "frame_id": 5137, "rollout": "P4", "region_name": "Montana", "orbit_pass": "ASCENDING" }, "geometry": { "type": "Polygon", "coordinates": [ [ [ -116.4093, 48.4225 ], [ -113.0618, 48.9333 ], [ -112.7132, 47.4063 ], [ -115.9607, 46.9073 ], [ -116.4093, 48.4225 ] ] ] } },
{ "type": "Feature", "properties": { "frame_id": 5138, "rollout": "P4", "region_name": "Montana", "orbit_pass": "ASCENDING" }, "geometry": { "type": "Polygon", "coordinates": [ [ [ -116.8084, 49.7432 ], [ -113.3738, 50.2545 ], [ -113.0141, 48.7285 ], [ -116.3508, 48.2283 ], [ -116.8084, 49.7432 ] ] ] } },
{ "type": "Feature", "properties": { "frame_id": 5139, "rollout": "P4", "region_name": "British Columbia", "orbit_pass": "ASCENDING" }, "geometry": { "type": "Polygon", "coordinates": [ [ [ -117.2219, 51.0629 ], [ -113.6919, 51.5753 ], [ -113.325, 50.0498 ], [ -116.7479, 49.549 ], [ -117.2219, 51.0629 ] ] ] } },
{ "type": "Feature", "properties": { "frame_id": 5140, "rollout": "P4", "region_name": "British Columbia", "orbit_pass": "ASCENDING" }, "geometry": { "type": "Polygon", "coordinates": [ [ [ -117.6512, 52.3815 ], [ -114.0165, 52.8957 ], [ -113.6418, 51.3706 ], [ -117.1592, 50.8688 ], [ -117.6512, 52.3815 ] ] ] } },
{ "type": "Feature", "properties": { "frame_id": 6818, "rollout": "P4", "region_name": "Ohio", "orbit_pass": "DESCENDING" }, "geometry": { "type": "Polygon", "coordinates": [ [ [ -87.403, 38.4333 ], [ -87.0888, 39.9637 ], [ -84.1596, 39.6815 ], [ -84.5345, 38.1601 ], [ -87.403, 38.4333 ] ] ] } },
{ "type": "Feature", "properties": { "frame_id": 7077, "rollout": "P4", "region_name": "Saskatchewan", "orbit_pass": "DESCENDING" }, "geometry": { "type": "Polygon", "coordinates": [ [ [ -109.3365, 51.001 ], [ -108.963, 52.5261 ], [ -105.2815, 52.2413 ], [ -105.7717, 50.7286 ], [ -109.3365, 51.001 ] ] ] } },
{ "type": "Feature", "properties": { "frame_id": 7078, "rollout": "P4", "region_name": "Saskatchewan", "orbit_pass": "DESCENDING" }, "geometry": { "type": "Polygon", "coordinates": [ [ [ -109.6494, 49.68 ], [ -109.2867, 51.2058 ], [ -105.7092, 50.9227 ], [ -106.1816, 49.4088 ], [ -109.6494, 49.68 ] ] ] } },
{ "type": "Feature", "properties": { "frame_id": 7079, "rollout": "P4", "region_name": "Saskatchewan", "orbit_pass": "DESCENDING" }, "geometry": { "type": "Polygon", "coordinates": [ [ [ -109.9551, 48.3583 ], [ -109.6008, 49.8847 ], [ -106.1213, 49.603 ], [ -106.5775, 48.0881 ], [ -109.9551, 48.3583 ] ] ] } },
{ "type": "Feature", "properties": { "frame_id": 7080, "rollout": "P4", "region_name": "Montana", "orbit_pass": "DESCENDING" }, "geometry": { "type": "Polygon", "coordinates": [ [ [ -110.2545, 47.0361 ], [ -109.9077, 48.5631 ], [ -106.5192, 48.2824 ], [ -106.9608, 46.7664 ], [ -110.2545, 47.0361 ] ] ] } },
{ "type": "Feature", "properties": { "frame_id": 7081, "rollout": "P4", "region_name": "Montana", "orbit_pass": "DESCENDING" }, "geometry": { "type": "Polygon", "coordinates": [ [ [ -110.5497, 45.7135 ], [ -110.208, 47.2408 ], [ -106.9044, 46.9607 ], [ -107.3328, 45.4438 ], [ -110.5497, 45.7135 ] ] ] } },
{ "type": "Feature", "properties": { "frame_id": 7082, "rollout": "P4", "region_name": "Wyoming", "orbit_pass": "DESCENDING" }, "geometry": { "type": "Polygon", "coordinates": [ [ [ -110.8383, 44.3901 ], [ -110.5041, 45.9183 ], [ -107.278, 45.6382 ], [ -107.6946, 44.1204 ], [ -110.8383, 44.3901 ] ] ] } },
{ "type": "Feature", "properties": { "frame_id": 7083, "rollout": "P4", "region_name": "Wyoming", "orbit_pass": "DESCENDING" }, "geometry": { "type": "Polygon", "coordinates": [ [ [ -111.1223, 43.0663 ], [ -110.7935, 44.5949 ], [ -107.6413, 44.3149 ], [ -108.047, 42.7962 ], [ -111.1223, 43.0663 ] ] ] } },
{ "type": "Feature", "properties": { "frame_id": 7084, "rollout": "P4", "region_name": "Utah", "orbit_pass": "DESCENDING" }, "geometry": { "type": "Polygon", "coordinates": [ [ [ -111.4023, 41.7419 ], [ -111.0782, 43.2711 ], [ -107.9951, 42.9907 ], [ -108.391, 41.4712 ], [ -111.4023, 41.7419 ] ] ] } },
{ "type": "Feature", "properties": { "frame_id": 7085, "rollout": "P4", "region_name": "Colorado", "orbit_pass": "DESCENDING" }, "geometry": { "type": "Polygon", "coordinates": [ [ [ -111.6797, 40.4172 ], [ -111.3588, 41.9468 ], [ -108.3403, 41.6657 ], [ -108.7272, 40.1455 ], [ -111.6797, 40.4172 ] ] ] } },
{ "type": "Feature", "properties": { "frame_id": 7086, "rollout": "P4", "region_name": "Colorado", "orbit_pass": "DESCENDING" }, "geometry": { "type": "Polygon", "coordinates": [ [ [ -111.9528, 39.0919 ], [ -111.6368, 40.622 ], [ -108.6823, 40.3407 ], [ -109.0609, 38.8197 ], [ -111.9528, 39.0919 ] ] ] } },
{ "type": "Feature", "properties": { "frame_id": 7087, "rollout": "P4", "region_name": "Colorado", "orbit_pass": "DESCENDING" }, "geometry": { "type": "Polygon", "coordinates": [ [ [ -112.2256, 37.7664 ], [ -111.913, 39.297 ], [ -109.0123, 39.0143 ], [ -109.3836, 37.4926 ], [ -112.2256, 37.7664 ] ] ] } },
{ "type": "Feature", "properties": { "frame_id": 7088, "rollout": "P4", "region_name": "Arizona", "orbit_pass": "DESCENDING" }, "geometry": { "type": "Polygon", "coordinates": [ [ [ -112.4932, 36.4401 ], [ -112.1836, 37.9712 ], [ -109.336, 37.6873 ], [ -109.7005, 36.1649 ], [ -112.4932, 36.4401 ] ] ] } },
{ "type": "Feature", "properties": { "frame_id": 7089, "rollout": "P4", "region_name": "Arizona", "orbit_pass": "DESCENDING" }, "geometry": { "type": "Polygon", "coordinates": [ [ [ -112.7593, 35.1135 ], [ -112.4517, 36.645 ], [ -109.6538, 36.3595 ], [ -110.0123, 34.8365 ], [ -112.7593, 35.1135 ] ] ] } },
{ "type": "Feature", "properties": { "frame_id": 7341, "rollout": "P4", "region_name": "British Columbia", "orbit_pass": "DESCENDING" }, "geometry": { "type": "Polygon", "coordinates": [ [ [ -132.4987, 56.9282 ], [ -132.0651, 58.4501 ], [ -127.7953, 58.1495 ], [ -128.3958, 56.6432 ], [ -132.4987, 56.9282 ] ] ] } },
{ "type": "Feature", "properties": { "frame_id": 7342, "rollout": "P4", "region_name": "Alaska", "orbit_pass": "DESCENDING" }, "geometry": { "type": "Polygon", "coordinates": [ [ [ -132.8563, 55.61 ], [ -132.4414, 57.1328 ], [ -128.3198, 56.8367 ], [ -128.8905, 55.3288 ], [ -132.8563, 55.61 ] ] ] } },
{ "type": "Feature", "properties": { "frame_id": 7343, "rollout": "P4", "region_name": "Alaska", "orbit_pass": "DESCENDING" }, "geometry": { "type": "Polygon", "coordinates": [ [ [ -133.2019, 54.291 ], [ -132.8011, 55.8146 ], [ -128.8181, 55.5225 ], [ -129.3626, 54.0131 ], [ -133.2019, 54.291 ] ] ] } },
{ "type": "Feature", "properties": { "frame_id": 7344, "rollout": "P4", "region_name": "British Columbia", "orbit_pass": "DESCENDING" }, "geometry": { "type": "Polygon", "coordinates": [ [ [ -133.5367, 52.9715 ], [ -133.1484, 54.4957 ], [ -129.2934, 54.2069 ], [ -129.8143, 52.6961 ], [ -133.5367, 52.9715 ] ] ] } },
{ "type": "Feature", "properties": { "frame_id": 7345, "rollout": "P4", "region_name": "British Columbia", "orbit_pass": "DESCENDING" }, "geometry": { "type": "Polygon", "coordinates": [ [ [ -133.8635, 51.6514 ], [ -133.4849, 53.1761 ], [ -129.748, 52.8901 ], [ -130.2478, 51.378 ], [ -133.8635, 51.6514 ] ] ] } },
{ "type": "Feature", "properties": { "frame_id": 7600, "rollout": "P4", "region_name": "Alaska", "orbit_pass": "DESCENDING" }, "geometry": { "type": "Polygon", "coordinates": [ [ [ -152.7037, 69.3955 ], [ -151.917, 70.9063 ], [ -145.1931, 70.491 ], [ -146.4254, 69.015 ], [ -152.7037, 69.3955 ] ] ] } },
{ "type": "Feature", "properties": { "frame_id": 7882, "rollout": "P4", "region_name": "Alaska", "orbit_pass": "DESCENDING" }, "geometry": { "type": "MultiPolygon", "coordinates": [ [ [ [ -179.1314, 52.8616 ], [ -179.6307, 51.3494 ], [ -180.0, 51.3935 ], [ -180.0, 52.9681 ], [ -179.1314, 52.8616 ] ] ], [ [ [ 180.0, 52.9681 ], [ 180.0, 51.3935 ], [ 176.758, 51.6225 ], [ 177.1365, 53.1474 ], [ 180.0, 52.9681 ] ] ] ] } },
{ "type": "Feature", "properties": { "frame_id": 7883, "rollout": "P4", "region_name": "Alaska", "orbit_pass": "DESCENDING" }, "geometry": { "type": "MultiPolygon", "coordinates": [ [ [ [ -179.5671, 51.5434 ], [ -180.0, 50.1811 ], [ -180.0, 51.5982 ], [ -179.5671, 51.5434 ] ] ], [ [ [ 180.0, 51.5982 ], [ 179.9523, 50.03 ], [ 176.4414, 50.3016 ], [ 176.8084, 51.8272 ], [ 180.0, 51.5982 ] ] ] ] } },
{ "type": "Feature", "properties": { "frame_id": 8623, "rollout": "P4", "region_name": "Pennsylvania", "orbit_pass": "ASCENDING" }, "geometry": { "type": "Polygon", "coordinates": [ [ [ -75.7173, 42.627 ], [ -72.6981, 43.1383 ], [ -72.3746, 41.6091 ], [ -75.3239, 41.1074 ], [ -75.7173, 42.627 ] ] ] } },
{ "type": "Feature", "properties": { "frame_id": 8624, "rollout": "P4", "region_name": "Vermont", "orbit_pass": "ASCENDING" }, "geometry": { "type": "Polygon", "coordinates": [ [ [ -76.0686, 43.9515 ], [ -72.9853, 44.4619 ], [ -72.657, 42.9332 ], [ -75.6657, 42.4326 ], [ -76.0686, 43.9515 ] ] ] } },
{ "type": "Feature", "properties": { "frame_id": 8625, "rollout": "P4", "region_name": "Vermont", "orbit_pass": "ASCENDING" }, "geometry": { "type": "Polygon", "coordinates": [ [ [ -76.4291, 45.2751 ], [ -73.2756, 45.7851 ], [ -72.9405, 44.2571 ], [ -76.0157, 43.757 ], [ -76.4291, 45.2751 ] ] ] } },
{ "type": "Feature", "properties": { "frame_id": 8626, "rollout": "P4", "region_name": "Quebec", "orbit_pass": "ASCENDING" }, "geometry": { "type": "Polygon", "coordinates": [ [ [ -76.7998, 46.5979 ], [ -73.5696, 47.1079 ], [ -73.2301, 45.5803 ], [ -76.3747, 45.0807 ], [ -76.7998, 46.5979 ] ] ] } },
{ "type": "Feature", "properties": { "frame_id": 8627, "rollout": "P4", "region_name": "Quebec", "orbit_pass": "ASCENDING" }, "geometry": { "type": "Polygon", "coordinates": [ [ [ -77.1817, 47.9197 ], [ -73.8693, 48.4302 ], [ -73.5232, 46.9031 ], [ -76.7438, 46.4035 ], [ -77.1817, 47.9197 ] ] ] } },
{ "type": "Feature", "properties": { "frame_id": 8890, "rollout": "P4", "region_name": "Kansas", "orbit_pass": "ASCENDING" }, "geometry": { "type": "Polygon", "coordinates": [ [ [ -99.8868, 40.6496 ], [ -96.9645, 41.1613 ], [ -96.6463, 39.6314 ], [ -99.5064, 39.1287 ], [ -99.8868, 40.6496 ] ] ] } },
{ "type": "Feature", "properties": { "frame_id": 8891, "rollout": "P4", "region_name": "Nebraska", "orbit_pass": "ASCENDING" }, "geometry": { "type": "Polygon", "coordinates": [ [ [ -100.2258, 41.9752 ], [ -97.2427, 42.486 ], [ -96.9213, 40.9565 ], [ -99.837, 40.4551 ], [ -100.2258, 41.9752 ] ] ] } },
{ "type": "Feature", "properties": { "frame_id": 8892, "rollout": "P4", "region_name": "Nebraska", "orbit_pass": "ASCENDING" }, "geometry": { "type": "Polygon", "coordinates": [ [ [ -100.5727, 43.3001 ], [ -97.5247, 43.8103 ], [ -97.199, 42.2812 ], [ -100.1749, 41.7807 ], [ -100.5727, 43.3001 ] ] ] } },
{ "type": "Feature", "properties": { "frame_id": 8893, "rollout": "P4", "region_name": "South Dakota", "orbit_pass": "ASCENDING" }, "geometry": { "type": "Polygon", "coordinates": [ [ [ -100.9284, 44.6241 ], [ -97.8112, 45.1339 ], [ -97.4804, 43.6054 ], [ -100.5205, 43.1056 ], [ -100.9284, 44.6241 ] ] ] } },
{ "type": "Feature", "properties": { "frame_id": 8894, "rollout": "P4", "region_name": "South Dakota", "orbit_pass": "ASCENDING" }, "geometry": { "type": "Polygon", "coordinates": [ [ [ -101.2938, 45.9474 ], [ -98.1039, 46.4569 ], [ -97.7661, 44.9291 ], [ -100.8748, 44.4297 ], [ -101.2938, 45.9474 ] ] ] } },
{ "type": "Feature", "properties": { "frame_id": 8895, "rollout": "P4", "region_name": "South Dakota", "orbit_pass": "ASCENDING" }, "geometry": { "type": "Polygon", "coordinates": [ [ [ -101.6698, 47.2698 ], [ -98.4006, 47.7795 ], [ -98.058, 46.2521 ], [ -101.2387, 45.753 ], [ -101.6698, 47.2698 ] ] ] } },
{ "type": "Feature", "properties": { "frame_id": 8896, "rollout": "P4", "region_name": "North Dakota", "orbit_pass": "ASCENDING" }, "geometry": { "type": "Polygon", "coordinates": [ [ [ -102.0576, 48.5912 ], [ -98.7033, 49.1016 ], [ -98.3537, 47.5747 ], [ -101.613, 47.0754 ], [ -102.0576, 48.5912 ] ] ] } },
{ "type": "Feature", "properties": { "frame_id": 8897, "rollout": "P4", "region_name": "Saskatchewan", "orbit_pass": "ASCENDING" }, "geometry": { "type": "Polygon", "coordinates": [ [ [ -102.4584, 49.9117 ], [ -99.0129, 50.423 ], [ -98.6555, 48.8968 ], [ -101.9989, 48.397 ], [ -102.4584, 49.9117 ] ] ] } },
{ "type": "Feature", "properties": { "frame_id": 8898, "rollout": "P4", "region_name": "Saskatchewan", "orbit_pass": "ASCENDING" }, "geometry": { "type": "Polygon", "coordinates": [ [ [ -102.8798, 51.2304 ], [ -99.3319, 51.7437 ], [ -98.9639, 50.2183 ], [ -102.4036, 49.7168 ], [ -102.8798, 51.2304 ] ] ] } },
{ "type": "Feature", "properties": { "frame_id": 9159, "rollout": "P4", "region_name": "Northern California", "orbit_pass": "ASCENDING" }, "geometry": { "type": "Polygon", "coordinates": [ [ [ -124.7381, 41.3216 ], [ -121.7875, 41.8325 ], [ -121.4682, 40.3027 ], [ -124.3536, 39.8011 ], [ -124.7381, 41.3216 ] ] ] } },
{ "type": "Feature", "properties": { "frame_id": 9160, "rollout": "P4", "region_name": "Northern California", "orbit_pass": "ASCENDING" }, "geometry": { "type": "Polygon", "coordinates": [ [ [ -125.0859, 42.6462 ], [ -122.0676, 43.157 ], [ -121.7441, 41.6277 ], [ -124.6877, 41.1271 ], [ -125.0859, 42.6462 ] ] ] } },
{ "type": "Feature", "properties": { "frame_id": 9161, "rollout": "P4", "region_name": "Oregon", "orbit_pass": "ASCENDING" }, "geometry": { "type": "Polygon", "coordinates": [ [ [ -125.4372, 43.9707 ], [ -122.3547, 44.4807 ], [ -122.0235, 42.9522 ], [ -125.0343, 42.4517 ], [ -125.4372, 43.9707 ] ] ] } },
{ "type": "Feature", "properties": { "frame_id": 9162, "rollout": "P4", "region_name": "Washington", "orbit_pass": "ASCENDING" }, "geometry": { "type": "Polygon", "coordinates": [ [ [ -125.7978, 45.2944 ], [ -122.6451, 45.804 ], [ -122.31, 44.2759 ], [ -125.3843, 43.7762 ], [ -125.7978, 45.2944 ] ] ] } },
{ "type": "Feature", "properties": { "frame_id": 9163, "rollout": "P4", "region_name": "Washington", "orbit_pass": "ASCENDING" }, "geometry": { "type": "Polygon", "coordinates": [ [ [ -126.1686, 46.6172 ], [ -122.9391, 47.1269 ], [ -122.5996, 45.5992 ], [ -125.7434, 45.1 ], [ -126.1686, 46.6172 ] ] ] } },
{ "type": "Feature", "properties": { "frame_id": 9164, "rollout": "P4", "region_name": "Washington", "orbit_pass": "ASCENDING" }, "geometry": { "type": "Polygon", "coordinates": [ [ [ -126.5505, 47.9392 ], [ -123.2388, 48.4493 ], [ -122.8927, 46.9221 ], [ -126.1126, 46.4229 ], [ -126.5505, 47.9392 ] ] ] } },
{ "type": "Feature", "properties": { "frame_id": 9165, "rollout": "P4", "region_name": "Washington", "orbit_pass": "ASCENDING" }, "geometry": { "type": "Polygon", "coordinates": [ [ [ -126.9448, 49.2602 ], [ -123.545, 49.7711 ], [ -123.1915, 48.2445 ], [ -126.4928, 47.7449 ], [ -126.9448, 49.2602 ] ] ] } },
{ "type": "Feature", "properties": { "frame_id": 9166, "rollout": "P4", "region_name": "British Columbia", "orbit_pass": "ASCENDING" }, "geometry": { "type": "Polygon", "coordinates": [ [ [ -127.3529, 50.5803 ], [ -123.8602, 51.0921 ], [ -123.4966, 49.5663 ], [ -126.8851, 49.066 ], [ -127.3529, 50.5803 ] ] ] } },
{ "type": "Feature", "properties": { "frame_id": 9167, "rollout": "P4", "region_name": "British Columbia", "orbit_pass": "ASCENDING" }, "geometry": { "type": "Polygon", "coordinates": [ [ [ -127.291, 50.3861 ], [ -127.7763, 51.8992 ], [ -124.1816, 52.4127 ], [ -123.8106, 50.8874 ], [ -127.291, 50.3861 ] ] ] } },
{ "type": "Feature", "properties": { "frame_id": 9168, "rollout": "P4", "region_name": "British Columbia", "orbit_pass": "ASCENDING" }, "geometry": { "type": "Polygon", "coordinates": [ [ [ -128.2165, 53.2171 ], [ -124.5121, 53.7327 ], [ -124.1307, 52.208 ], [ -127.712, 51.7052 ], [ -128.2165, 53.2171 ] ] ] } },
{ "type": "Feature", "properties": { "frame_id": 9169, "rollout": "P4", "region_name": "British Columbia", "orbit_pass": "ASCENDING" }, "geometry": { "type": "Polygon", "coordinates": [ [ [ -128.6757, 54.5338 ], [ -124.8529, 55.052 ], [ -124.4597, 53.528 ], [ -128.1496, 53.0232 ], [ -128.6757, 54.5338 ] ] ] } },
{ "type": "Feature", "properties": { "frame_id": 9170, "rollout": "P4", "region_name": "British Columbia", "orbit_pass": "ASCENDING" }, "geometry": { "type": "Polygon", "coordinates": [ [ [ -129.1562, 55.8491 ], [ -125.2051, 56.3707 ], [ -124.7987, 54.8474 ], [ -128.6058, 54.3399 ], [ -129.1562, 55.8491 ] ] ] } },
{ "type": "Feature", "properties": { "frame_id": 9171, "rollout": "P4", "region_name": "British Columbia", "orbit_pass": "ASCENDING" }, "geometry": { "type": "Polygon", "coordinates": [ [ [ -129.6606, 57.1631 ], [ -125.5728, 57.6885 ], [ -125.149, 56.1661 ], [ -129.083, 55.6554 ], [ -129.6606, 57.1631 ] ] ] } },
{ "type": "Feature", "properties": { "frame_id": 9172, "rollout": "P4", "region_name": "British Columbia", "orbit_pass": "ASCENDING" }, "geometry": { "type": "Polygon", "coordinates": [ [ [ -130.1987, 58.4747 ], [ -125.9529, 59.0057 ], [ -125.5145, 57.484 ], [ -129.5836, 56.9695 ], [ -130.1987, 58.4747 ] ] ] } },
{ "type": "Feature", "properties": { "frame_id": 9439, "rollout": "P4", "region_name": "Alaska", "orbit_pass": "ASCENDING" }, "geometry": { "type": "Polygon", "coordinates": [ [ [ -154.0996, 56.5169 ], [ -150.0808, 57.0405 ], [ -149.6644, 55.5178 ], [ -153.5356, 55.0086 ], [ -154.0996, 56.5169 ] ] ] } },
{ "type": "Feature", "properties": { "frame_id": 9440, "rollout": "P4", "region_name": "Alaska", "orbit_pass": "ASCENDING" }, "geometry": { "type": "Polygon", "coordinates": [ [ [ -154.6174, 57.8301 ], [ -150.4534, 58.3582 ], [ -150.0236, 56.836 ], [ -154.0245, 56.3234 ], [ -154.6174, 57.8301 ] ] ] } },
{ "type": "Feature", "properties": { "frame_id": 9441, "rollout": "P4", "region_name": "Alaska", "orbit_pass": "ASCENDING" }, "geometry": { "type": "Polygon", "coordinates": [ [ [ -155.1636, 59.1417 ], [ -150.842, 59.6751 ], [ -150.394, 58.1537 ], [ -154.5383, 57.6367 ], [ -155.1636, 59.1417 ] ] ] } },
{ "type": "Feature", "properties": { "frame_id": 9442, "rollout": "P4", "region_name": "Alaska", "orbit_pass": "ASCENDING" }, "geometry": { "type": "Polygon", "coordinates": [ [ [ -155.7425, 60.4516 ], [ -151.2485, 60.9912 ], [ -150.7799, 59.4706 ], [ -155.08, 58.9485 ], [ -155.7425, 60.4516 ] ] ] } },
{ "type": "Feature", "properties": { "frame_id": 9443, "rollout": "P4", "region_name": "Alaska", "orbit_pass": "ASCENDING" }, "geometry": { "type": "Polygon", "coordinates": [ [ [ -156.3582, 61.7595 ], [ -151.6786, 62.3062 ], [ -151.1834, 60.7868 ], [ -155.6538, 60.2585 ], [ -156.3582, 61.7595 ] ] ] } },
{ "type": "Feature", "properties": { "frame_id": 9444, "rollout": "P4", "region_name": "Alaska", "orbit_pass": "ASCENDING" }, "geometry": { "type": "Polygon", "coordinates": [ [ [ -157.0165, 63.0652 ], [ -152.1299, 63.6205 ], [ -151.6101, 62.1019 ], [ -156.2637, 61.5666 ], [ -157.0165, 63.0652 ] ] ] } },
{ "type": "Feature", "properties": { "frame_id": 9445, "rollout": "P4", "region_name": "Alaska", "orbit_pass": "ASCENDING" }, "geometry": { "type": "Polygon", "coordinates": [ [ [ -157.7236, 64.3684 ], [ -153.4248, 64.874 ], [ -152.6088, 64.9339 ], [ -152.0574, 63.4163 ], [ -156.9153, 62.8726 ], [ -157.7236, 64.3684 ] ] ] } },
{ "type": "Feature", "properties": { "frame_id": 9446, "rollout": "P4", "region_name": "Alaska", "orbit_pass": "ASCENDING" }, "geometry": { "type": "Polygon", "coordinates": [ [ [ -158.4876, 65.6689 ], [ -153.9781, 66.1851 ], [ -153.1203, 66.2462 ], [ -152.5317, 64.7298 ], [ -157.6147, 64.1762 ], [ -158.4876, 65.6689 ] ] ] } },
{ "type": "Feature", "properties": { "frame_id": 9447, "rollout": "P4", "region_name": "Alaska", "orbit_pass": "ASCENDING" }, "geometry": { "type": "Polygon", "coordinates": [ [ [ -159.3255, 66.9654 ], [ -153.6734, 67.5571 ], [ -153.0377, 66.0422 ], [ -158.3698, 65.4771 ], [ -159.3255, 66.9654 ] ] ] } },
{ "type": "Feature", "properties": { "frame_id": 9448, "rollout": "P4", "region_name": "Alaska", "orbit_pass": "ASCENDING" }, "geometry": { "type": "Polygon", "coordinates": [ [ [ -160.2339, 68.2591 ], [ -154.2731, 68.8666 ], [ -153.5844, 67.3532 ], [ -159.1971, 66.7741 ], [ -160.2339, 68.2591 ] ] ] } },
{ "type": "Feature", "properties": { "frame_id": 9449, "rollout": "P4", "region_name": "Alaska", "orbit_pass": "ASCENDING" }, "geometry": { "type": "Polygon", "coordinates": [ [ [ -161.2349, 69.5484 ], [ -154.9226, 70.1748 ], [ -154.1764, 68.6629 ], [ -160.093, 68.0682 ], [ -161.2349, 69.5484 ] ] ] } },
{ "type": "Feature", "properties": { "frame_id": 9450, "rollout": "P4", "region_name": "Alaska", "orbit_pass": "ASCENDING" }, "geometry": { "type": "Polygon", "coordinates": [ [ [ -162.3471, 70.8325 ], [ -155.6381, 71.4812 ], [ -154.8168, 69.9713 ], [ -161.0792, 69.3582 ], [ -162.3471, 70.8325 ] ] ] } },
{ "type": "Feature", "properties": { "frame_id": 9451, "rollout": "P4", "region_name": "Alaska", "orbit_pass": "ASCENDING" }, "geometry": { "type": "Polygon", "coordinates": [ [ [ -163.5935, 72.1106 ], [ -156.4347, 72.7855 ], [ -155.5211, 71.278 ], [ -162.1736, 70.6431 ], [ -163.5935, 72.1106 ] ] ] } },
{ "type": "Feature", "properties": { "frame_id": 9704, "rollout": "P4", "region_name": "Alaska", "orbit_pass": "ASCENDING" }, "geometry": { "type": "Polygon", "coordinates": [ [ [ -176.6732, 50.4102 ], [ -177.159, 51.9233 ], [ -173.5626, 52.4369 ], [ -173.1912, 50.9115 ], [ -176.6732, 50.4102 ] ] ] } },
{ "type": "Feature", "properties": { "frame_id": 9705, "rollout": "P4", "region_name": "Alaska", "orbit_pass": "ASCENDING" }, "geometry": { "type": "Polygon", "coordinates": [ [ [ -177.5997, 53.2411 ], [ -173.8935, 53.7568 ], [ -173.5116, 52.2322 ], [ -177.0947, 51.7292 ], [ -177.5997, 53.2411 ] ] ] } },
{ "type": "Feature", "properties": { "frame_id": 10572, "rollout": "P4", "region_name": "Vermont", "orbit_pass": "DESCENDING" }, "geometry": { "type": "Polygon", "coordinates": [ [ [ -71.6469, 44.8872 ], [ -71.3076, 46.4148 ], [ -68.0581, 46.1355 ], [ -68.4787, 44.618 ], [ -71.6469, 44.8872 ] ] ] } },
{ "type": "Feature", "properties": { "frame_id": 10573, "rollout": "P4", "region_name": "Vermont", "orbit_pass": "DESCENDING" }, "geometry": { "type": "Polygon", "coordinates": [ [ [ -71.9325, 43.5635 ], [ -71.6018, 45.092 ], [ -68.4249, 44.8124 ], [ -68.8344, 43.294 ], [ -71.9325, 43.5635 ] ] ] } },
{ "type": "Feature", "properties": { "frame_id": 10574, "rollout": "P4", "region_name": "Massachusetts", "orbit_pass": "DESCENDING" }, "geometry": { "type": "Polygon", "coordinates": [ [ [ -72.2137, 42.2392 ], [ -71.8881, 43.7683 ], [ -68.7819, 43.4885 ], [ -69.1812, 41.9692 ], [ -72.2137, 42.2392 ] ] ] } },
{ "type": "Feature", "properties": { "frame_id": 10575, "rollout": "P4", "region_name": "NYC", "orbit_pass": "DESCENDING" }, "geometry": { "type": "Polygon", "coordinates": [ [ [ -72.4913, 40.9145 ], [ -72.17, 42.4441 ], [ -69.13, 42.1637 ], [ -69.52, 40.6437 ], [ -72.4913, 40.9145 ] ] ] } },
{ "type": "Feature", "properties": { "frame_id": 10576, "rollout": "P4", "region_name": "NYC", "orbit_pass": "DESCENDING" }, "geometry": { "type": "Polygon", "coordinates": [ [ [ -72.7665, 39.5894 ], [ -72.4481, 41.1193 ], [ -69.4701, 40.8382 ], [ -69.8516, 39.3174 ], [ -72.7665, 39.5894 ] ] ] } },
{ "type": "Feature", "properties": { "frame_id": 10836, "rollout": "P4", "region_name": "Ontario", "orbit_pass": "DESCENDING" }, "geometry": { "type": "Polygon", "coordinates": [ [ [ -94.9785, 50.832 ], [ -94.6064, 52.3572 ], [ -90.9396, 52.0728 ], [ -91.4272, 50.5599 ], [ -94.9785, 50.832 ] ] ] } },
{ "type": "Feature", "properties": { "frame_id": 10837, "rollout": "P4", "region_name": "Ontario", "orbit_pass": "DESCENDING" }, "geometry": { "type": "Polygon", "coordinates": [ [ [ -95.2904, 49.5108 ], [ -94.929, 51.0368 ], [ -91.3651, 50.7541 ], [ -91.8351, 49.24 ], [ -95.2904, 49.5108 ] ] ] } },
{ "type": "Feature", "properties": { "frame_id": 10838, "rollout": "P4", "region_name": "Ontario", "orbit_pass": "DESCENDING" }, "geometry": { "type": "Polygon", "coordinates": [ [ [ -95.5951, 48.1891 ], [ -95.242, 49.7156 ], [ -91.7751, 49.4342 ], [ -92.2292, 47.9192 ], [ -95.5951, 48.1891 ] ] ] } },
{ "type": "Feature", "properties": { "frame_id": 11105, "rollout": "P4", "region_name": "British Columbia", "orbit_pass": "DESCENDING" }, "geometry": { "type": "Polygon", "coordinates": [ [ [ -119.8203, 50.1645 ], [ -119.4543, 51.6901 ], [ -115.8385, 51.4063 ], [ -116.3172, 49.8929 ], [ -119.8203, 50.1645 ] ] ] } },
{ "type": "Feature", "properties": { "frame_id": 11106, "rollout": "P4", "region_name": "Washington", "orbit_pass": "DESCENDING" }, "geometry": { "type": "Polygon", "coordinates": [ [ [ -120.1286, 48.8431 ], [ -119.7713, 50.3693 ], [ -116.2562, 50.087 ], [ -116.7181, 48.5725 ], [ -120.1286, 48.8431 ] ] ] } },
{ "type": "Feature", "properties": { "frame_id": 11107, "rollout": "P4", "region_name": "Washington", "orbit_pass": "DESCENDING" }, "geometry": { "type": "Polygon", "coordinates": [ [ [ -120.4302, 47.521 ], [ -120.0808, 49.0478 ], [ -116.6592, 48.7667 ], [ -117.106, 47.2511 ], [ -120.4302, 47.521 ] ] ] } },
{ "type": "Feature", "properties": { "frame_id": 11108, "rollout": "P4", "region_name": "Washington", "orbit_pass": "DESCENDING" }, "geometry": { "type": "Polygon", "coordinates": [ [ [ -120.7276, 46.1986 ], [ -120.3834, 47.7258 ], [ -117.0489, 47.4454 ], [ -117.4875, 45.9296 ], [ -120.7276, 46.1986 ] ] ] } },
{ "type": "Feature", "properties": { "frame_id": 11109, "rollout": "P4", "region_name": "Washington", "orbit_pass": "DESCENDING" }, "geometry": { "type": "Polygon", "coordinates": [ [ [ -121.021, 44.8758 ], [ -120.6817, 46.4034 ], [ -117.4321, 46.124 ], [ -117.8527, 44.6064 ], [ -121.021, 44.8758 ] ] ] } },
{ "type": "Feature", "properties": { "frame_id": 11110, "rollout": "P4", "region_name": "Oregon", "orbit_pass": "DESCENDING" }, "geometry": { "type": "Polygon", "coordinates": [ [ [ -121.3065, 43.5521 ], [ -120.9759, 45.0806 ], [ -117.7988, 44.8009 ], [ -118.2084, 43.2825 ], [ -121.3065, 43.5521 ] ] ] } },
{ "type": "Feature", "properties": { "frame_id": 11111, "rollout": "P4", "region_name": "Nevada", "orbit_pass": "DESCENDING" }, "geometry": { "type": "Polygon", "coordinates": [ [ [ -121.5878, 42.2279 ], [ -121.2622, 43.757 ], [ -118.1559, 43.477 ], [ -118.5552, 41.9577 ], [ -121.5878, 42.2279 ] ] ] } },
{ "type": "Feature", "properties": { "frame_id": 11112, "rollout": "P4", "region_name": "Nevada", "orbit_pass": "DESCENDING" }, "geometry": { "type": "Polygon", "coordinates": [ [ [ -121.8654, 40.9033 ], [ -121.5441, 42.4328 ], [ -118.504, 42.1523 ], [ -118.894, 40.6322 ], [ -121.8654, 40.9033 ] ] ] } },
{ "type": "Feature", "properties": { "frame_id": 11113, "rollout": "P4", "region_name": "Nevada", "orbit_pass": "DESCENDING" }, "geometry": { "type": "Polygon", "coordinates": [ [ [ -122.1407, 39.5782 ], [ -121.8223, 41.1081 ], [ -118.8441, 40.8268 ], [ -119.2256, 39.3061 ], [ -122.1407, 39.5782 ] ] ] } },
{ "type": "Feature", "properties": { "frame_id": 11114, "rollout": "P4", "region_name": "Nevada", "orbit_pass": "DESCENDING" }, "geometry": { "type": "Polygon", "coordinates": [ [ [ -122.4119, 38.2526 ], [ -122.0981, 39.783 ], [ -119.1767, 39.5007 ], [ -119.5507, 37.9792 ], [ -122.4119, 38.2526 ] ] ] } },
{ "type": "Feature", "properties": { "frame_id": 11626, "rollout": "P4", "region_name": "Alaska", "orbit_pass": "DESCENDING" }, "geometry": { "type": "Polygon", "coordinates": [ [ [ -162.0513, 71.1796 ], [ -161.1451, 72.6873 ], [ -153.7931, 72.2361 ], [ -155.23, 70.7694 ], [ -162.0513, 71.1796 ] ] ] } },
{ "type": "Feature", "properties": { "frame_id": 11627, "rollout": "P4", "region_name": "Alaska", "orbit_pass": "DESCENDING" }, "geometry": { "type": "Polygon", "coordinates": [ [ [ -162.7506, 69.8728 ], [ -161.9352, 71.3828 ], [ -155.0546, 70.9588 ], [ -156.3362, 69.485 ], [ -162.7506, 69.8728 ] ] ] } },
{ "type": "Feature", "properties": { "frame_id": 11628, "rollout": "P4", "region_name": "Alaska", "orbit_pass": "DESCENDING" }, "geometry": { "type": "Polygon", "coordinates": [ [ [ -163.3868, 68.5643 ], [ -162.6455, 70.0763 ], [ -156.179, 69.6752 ], [ -157.3323, 68.1956 ], [ -163.3868, 68.5643 ] ] ] } },
{ "type": "Feature", "properties": { "frame_id": 11629, "rollout": "P4", "region_name": "Alaska", "orbit_pass": "DESCENDING" }, "geometry": { "type": "Polygon", "coordinates": [ [ [ -163.9744, 67.2545 ], [ -163.2908, 68.7679 ], [ -157.1901, 68.3863 ], [ -158.2365, 66.9018 ], [ -163.9744, 67.2545 ] ] ] } },
{ "type": "Feature", "properties": { "frame_id": 11630, "rollout": "P4", "region_name": "Alaska", "orbit_pass": "DESCENDING" }, "geometry": { "type": "Polygon", "coordinates": [ [ [ -164.5148, 65.9431 ], [ -163.8859, 67.4583 ], [ -158.1069, 67.0931 ], [ -159.0633, 65.6044 ], [ -164.5148, 65.9431 ] ] ] } },
{ "type": "Feature", "properties": { "frame_id": 11631, "rollout": "P4", "region_name": "Alaska", "orbit_pass": "DESCENDING" }, "geometry": { "type": "Polygon", "coordinates": [ [ [ -165.0183, 64.6306 ], [ -164.4326, 66.1471 ], [ -158.9444, 65.7961 ], [ -159.8244, 64.3038 ], [ -165.0183, 64.6306 ] ] ] } },
{ "type": "Feature", "properties": { "frame_id": 11632, "rollout": "P4", "region_name": "Alaska", "orbit_pass": "DESCENDING" }, "geometry": { "type": "Polygon", "coordinates": [ [ [ -165.4906, 63.3171 ], [ -164.9415, 64.8348 ], [ -159.7146, 64.496 ], [ -160.5291, 63.0005 ], [ -165.4906, 63.3171 ] ] ] } },
{ "type": "Feature", "properties": { "frame_id": 11633, "rollout": "P4", "region_name": "Alaska", "orbit_pass": "DESCENDING" }, "geometry": { "type": "Polygon", "coordinates": [ [ [ -165.9391, 62.0028 ], [ -165.4184, 63.5213 ], [ -160.4271, 63.193 ], [ -161.1924, 61.6955 ], [ -165.9391, 62.0028 ] ] ] } },
{ "type": "Feature", "properties": { "frame_id": 11634, "rollout": "P4", "region_name": "Alaska", "orbit_pass": "DESCENDING" }, "geometry": { "type": "Polygon", "coordinates": [ [ [ -166.3654, 60.6877 ], [ -165.8708, 62.2071 ], [ -161.0973, 61.8883 ], [ -161.8063, 60.3876 ], [ -166.3654, 60.6877 ] ] ] } },
{ "type": "Feature", "properties": { "frame_id": 11635, "rollout": "P4", "region_name": "Alaska", "orbit_pass": "DESCENDING" }, "geometry": { "type": "Polygon", "coordinates": [ [ [ -166.7676, 59.3715 ], [ -166.3006, 60.8921 ], [ -161.7171, 60.5806 ], [ -162.3833, 59.0777 ], [ -166.7676, 59.3715 ] ] ] } },
{ "type": "Feature", "properties": { "frame_id": 11639, "rollout": "P4", "region_name": "Alaska", "orbit_pass": "DESCENDING" }, "geometry": { "type": "Polygon", "coordinates": [ [ [ -168.2237, 54.0995 ], [ -167.8249, 55.6232 ], [ -163.8637, 55.332 ], [ -164.4045, 53.8223 ], [ -168.2237, 54.0995 ] ] ] } },
{ "type": "Feature", "properties": { "frame_id": 11640, "rollout": "P4", "region_name": "Alaska", "orbit_pass": "DESCENDING" }, "geometry": { "type": "Polygon", "coordinates": [ [ [ -168.5571, 52.7798 ], [ -168.1705, 54.3042 ], [ -164.3358, 54.0162 ], [ -164.8533, 52.5051 ], [ -168.5571, 52.7798 ] ] ] } },
{ "type": "Feature", "properties": { "frame_id": 12648, "rollout": "P4", "region_name": "Kentucky", "orbit_pass": "ASCENDING" }, "geometry": { "type": "Polygon", "coordinates": [ [ [ -85.1992, 39.4911 ], [ -82.3261, 40.0039 ], [ -82.011, 38.4736 ], [ -84.8253, 37.9696 ], [ -85.1992, 39.4911 ] ] ] } },
{ "type": "Feature", "properties": { "frame_id": 12649, "rollout": "P4", "region_name": "Ohio", "orbit_pass": "ASCENDING" }, "geometry": { "type": "Polygon", "coordinates": [ [ [ -85.1503, 39.2965 ], [ -85.5318, 40.8173 ], [ -82.6013, 41.329 ], [ -82.2827, 39.7992 ], [ -85.1503, 39.2965 ] ] ] } },
{ "type": "Feature", "properties": { "frame_id": 12650, "rollout": "P4", "region_name": "Ohio", "orbit_pass": "ASCENDING" }, "geometry": { "type": "Polygon", "coordinates": [ [ [ -85.8718, 42.1427 ], [ -82.88, 42.6536 ], [ -82.5581, 41.1242 ], [ -85.4818, 40.6227 ], [ -85.8718, 42.1427 ] ] ] } },
{ "type": "Feature", "properties": { "frame_id": 12651, "rollout": "P4", "region_name": "Michigan", "orbit_pass": "ASCENDING" }, "geometry": { "type": "Polygon", "coordinates": [ [ [ -86.2198, 43.4675 ], [ -83.1626, 43.9778 ], [ -82.8362, 42.4488 ], [ -85.8207, 41.9482 ], [ -86.2198, 43.4675 ] ] ] } },
{ "type": "Feature", "properties": { "frame_id": 12652, "rollout": "P4", "region_name": "Michigan", "orbit_pass": "ASCENDING" }, "geometry": { "type": "Polygon", "coordinates": [ [ [ -86.5766, 44.7914 ], [ -83.4497, 45.3013 ], [ -83.1182, 43.7729 ], [ -86.1674, 43.273 ], [ -86.5766, 44.7914 ] ] ] } },
{ "type": "Feature", "properties": { "frame_id": 12653, "rollout": "P4", "region_name": "Ontario", "orbit_pass": "ASCENDING" }, "geometry": { "type": "Polygon", "coordinates": [ [ [ -86.9434, 46.1145 ], [ -83.7431, 46.6242 ], [ -83.4044, 45.0965 ], [ -86.5228, 44.597 ], [ -86.9434, 46.1145 ] ] ] } },
{ "type": "Feature", "properties": { "frame_id": 12654, "rollout": "P4", "region_name": "Michigan", "orbit_pass": "ASCENDING" }, "geometry": { "type": "Polygon", "coordinates": [ [ [ -87.3208, 47.4368 ], [ -84.0405, 47.9468 ], [ -83.697, 46.4195 ], [ -86.888, 45.9202 ], [ -87.3208, 47.4368 ] ] ] } },
{ "type": "Feature", "properties": { "frame_id": 12655, "rollout": "P4", "region_name": "Ontario", "orbit_pass": "ASCENDING" }, "geometry": { "type": "Polygon", "coordinates": [ [ [ -87.7102, 48.7581 ], [ -84.3441, 49.2687 ], [ -83.9935, 47.742 ], [ -87.2638, 47.2425 ], [ -87.7102, 48.7581 ] ] ] } },
{ "type": "Feature", "properties": { "frame_id": 12656, "rollout": "P4", "region_name": "Ontario", "orbit_pass": "ASCENDING" }, "geometry": { "type": "Polygon", "coordinates": [ [ [ -88.1128, 50.0785 ], [ -84.6546, 50.5901 ], [ -84.2961, 49.064 ], [ -87.6512, 48.5639 ], [ -88.1128, 50.0785 ] ] ] } },
{ "type": "Feature", "properties": { "frame_id": 12657, "rollout": "P4", "region_name": "Ontario", "orbit_pass": "ASCENDING" }, "geometry": { "type": "Polygon", "coordinates": [ [ [ -88.5301, 51.3978 ], [ -84.9746, 51.9107 ], [ -84.6054, 50.3854 ], [ -88.0518, 49.8843 ], [ -88.5301, 51.3978 ] ] ] } },
{ "type": "Feature", "properties": { "frame_id": 12914, "rollout": "P4", "region_name": "Arizona", "orbit_pass": "ASCENDING" }, "geometry": { "type": "Polygon", "coordinates": [ [ [ -109.0767, 36.1814 ], [ -106.3327, 36.6974 ], [ -106.0257, 35.1658 ], [ -108.7193, 34.6582 ], [ -109.0767, 36.1814 ] ] ] } },
{ "type": "Feature", "properties": { "frame_id": 12915, "rollout": "P4", "region_name": "Arizona", "orbit_pass": "ASCENDING" }, "geometry": { "type": "Polygon", "coordinates": [ [ [ -109.3937, 37.5092 ], [ -106.6008, 38.0237 ], [ -106.2912, 36.4925 ], [ -109.0301, 35.9867 ], [ -109.3937, 37.5092 ] ] ] } },
{ "type": "Feature", "properties": { "frame_id": 12916, "rollout": "P4", "region_name": "Utah", "orbit_pass": "ASCENDING" }, "geometry": { "type": "Polygon", "coordinates": [ [ [ -109.7164, 38.8365 ], [ -106.8714, 39.3496 ], [ -106.5588, 37.8189 ], [ -109.3462, 37.3146 ], [ -109.7164, 38.8365 ] ] ] } },
{ "type": "Feature", "properties": { "frame_id": 12917, "rollout": "P4", "region_name": "Colorado", "orbit_pass": "ASCENDING" }, "geometry": { "type": "Polygon", "coordinates": [ [ [ -110.0454, 40.1631 ], [ -107.1458, 40.6749 ], [ -106.829, 39.1447 ], [ -109.668, 38.6419 ], [ -110.0454, 40.1631 ] ] ] } },
{ "type": "Feature", "properties": { "frame_id": 12918, "rollout": "P4", "region_name": "Utah", "orbit_pass": "ASCENDING" }, "geometry": { "type": "Polygon", "coordinates": [ [ [ -110.3816, 41.489 ], [ -107.4226, 41.9998 ], [ -107.1029, 40.4701 ], [ -109.996, 39.9685 ], [ -110.3816, 41.489 ] ] ] } },
{ "type": "Feature", "properties": { "frame_id": 12919, "rollout": "P4", "region_name": "Wyoming", "orbit_pass": "ASCENDING" }, "geometry": { "type": "Polygon", "coordinates": [ [ [ -110.7253, 42.8141 ], [ -107.7031, 43.3242 ], [ -107.3791, 41.795 ], [ -110.331, 41.2944 ], [ -110.7253, 42.8141 ] ] ] } },
{ "type": "Feature", "properties": { "frame_id": 12920, "rollout": "P4", "region_name": "Wyoming", "orbit_pass": "ASCENDING" }, "geometry": { "type": "Polygon", "coordinates": [ [ [ -111.0827, 44.1378 ], [ -107.9878, 44.6481 ], [ -107.659, 43.1194 ], [ -110.6736, 42.6196 ], [ -111.0827, 44.1378 ] ] ] } },
{ "type": "Feature", "properties": { "frame_id": 12921, "rollout": "P4", "region_name": "Wyoming", "orbit_pass": "ASCENDING" }, "geometry": { "type": "Polygon", "coordinates": [ [ [ -111.4444, 45.4614 ], [ -108.2817, 45.971 ], [ -107.943, 44.4433 ], [ -111.0296, 43.9434 ], [ -111.4444, 45.4614 ] ] ] } },
{ "type": "Feature", "properties": { "frame_id": 12922, "rollout": "P4", "region_name": "Montana", "orbit_pass": "ASCENDING" }, "geometry": { "type": "Polygon", "coordinates": [ [ [ -111.8165, 46.7841 ], [ -108.5763, 47.2939 ], [ -108.2361, 45.7662 ], [ -111.3899, 45.267 ], [ -111.8165, 46.7841 ] ] ] } },
{ "type": "Feature", "properties": { "frame_id": 12923, "rollout": "P4", "region_name": "Montana", "orbit_pass": "ASCENDING" }, "geometry": { "type": "Polygon", "coordinates": [ [ [ -112.1999, 48.106 ], [ -108.8767, 48.6162 ], [ -108.5298, 47.0891 ], [ -111.7603, 46.5898 ], [ -112.1999, 48.106 ] ] ] } },
{ "type": "Feature", "properties": { "frame_id": 12924, "rollout": "P4", "region_name": "Saskatchewan", "orbit_pass": "ASCENDING" }, "geometry": { "type": "Polygon", "coordinates": [ [ [ -112.5957, 49.4269 ], [ -109.1837, 49.9379 ], [ -108.8293, 48.4114 ], [ -112.1419, 47.9117 ], [ -112.5957, 49.4269 ] ] ] } },
{ "type": "Feature", "properties": { "frame_id": 12925, "rollout": "P4", "region_name": "Saskatchewan", "orbit_pass": "ASCENDING" }, "geometry": { "type": "Polygon", "coordinates": [ [ [ -113.0056, 50.7468 ], [ -109.4998, 51.2588 ], [ -109.1351, 49.7331 ], [ -112.5358, 49.2327 ], [ -113.0056, 50.7468 ] ] ] } },
{ "type": "Feature", "properties": { "frame_id": 12926, "rollout": "P4", "region_name": "Saskatchewan", "orbit_pass": "ASCENDING" }, "geometry": { "type": "Polygon", "coordinates": [ [ [ -113.4309, 52.0656 ], [ -109.8222, 52.5794 ], [ -109.4501, 51.0541 ], [ -112.9435, 50.5527 ], [ -113.4309, 52.0656 ] ] ] } },
{ "type": "Feature", "properties": { "frame_id": 13198, "rollout": "P4", "region_name": "Alaska", "orbit_pass": "ASCENDING" }, "geometry": { "type": "Polygon", "coordinates": [ [ [ -139.7612, 56.6817 ], [ -135.7245, 57.2057 ], [ -135.3064, 55.6831 ], [ -139.1939, 55.1735 ], [ -139.7612, 56.6817 ] ] ] } },
{ "type": "Feature", "properties": { "frame_id": 13199, "rollout": "P4", "region_name": "Alaska", "orbit_pass": "ASCENDING" }, "geometry": { "type": "Polygon", "coordinates": [ [ [ -140.2822, 57.9947 ], [ -136.0989, 58.5233 ], [ -135.6671, 57.0012 ], [ -139.6856, 56.4881 ], [ -140.2822, 57.9947 ] ] ] } },
{ "type": "Feature", "properties": { "frame_id": 13200, "rollout": "P4", "region_name": "British Columbia", "orbit_pass": "ASCENDING" }, "geometry": { "type": "Polygon", "coordinates": [ [ [ -140.8322, 59.3061 ], [ -136.4895, 59.8401 ], [ -136.0392, 58.3188 ], [ -140.2026, 57.8013 ], [ -140.8322, 59.3061 ] ] ] } },
{ "type": "Feature", "properties": { "frame_id": 13201, "rollout": "P4", "region_name": "British Columbia", "orbit_pass": "ASCENDING" }, "geometry": { "type": "Polygon", "coordinates": [ [ [ -141.4153, 60.6157 ], [ -136.8982, 61.1561 ], [ -136.427, 59.6356 ], [ -140.748, 59.1129 ], [ -141.4153, 60.6157 ] ] ] } },
{ "type": "Feature", "properties": { "frame_id": 13202, "rollout": "P4", "region_name": "Alaska", "orbit_pass": "ASCENDING" }, "geometry": { "type": "Polygon", "coordinates": [ [ [ -142.0358, 61.9234 ], [ -137.3311, 62.471 ], [ -136.8328, 60.9517 ], [ -141.3259, 60.4227 ], [ -142.0358, 61.9234 ] ] ] } },
{ "type": "Feature", "properties": { "frame_id": 13203, "rollout": "P4", "region_name": "Alaska", "orbit_pass": "ASCENDING" }, "geometry": { "type": "Polygon", "coordinates": [ [ [ -142.6998, 63.2288 ], [ -137.7854, 63.7853 ], [ -137.2621, 62.2667 ], [ -141.9406, 61.7306 ], [ -142.6998, 63.2288 ] ] ] } },
{ "type": "Feature", "properties": { "frame_id": 13204, "rollout": "P4", "region_name": "Alaska", "orbit_pass": "ASCENDING" }, "geometry": { "type": "Polygon", "coordinates": [ [ [ -143.4133, 64.5318 ], [ -139.089, 65.0385 ], [ -138.2679, 65.0986 ], [ -137.7124, 63.5811 ], [ -142.5977, 63.0363 ], [ -143.4133, 64.5318 ] ] ] } },
{ "type": "Feature", "properties": { "frame_id": 13205, "rollout": "P4", "region_name": "Alaska", "orbit_pass": "ASCENDING" }, "geometry": { "type": "Polygon", "coordinates": [ [ [ -144.1849, 65.8319 ], [ -139.6471, 66.3495 ], [ -138.7837, 66.4107 ], [ -138.1902, 64.8944 ], [ -143.3034, 64.3396 ], [ -144.1849, 65.8319 ] ] ] } },
{ "type": "Feature", "properties": { "frame_id": 13206, "rollout": "P4", "region_name": "Alaska", "orbit_pass": "ASCENDING" }, "geometry": { "type": "Polygon", "coordinates": [ [ [ -145.024, 67.1288 ], [ -139.3419, 67.7214 ], [ -138.7004, 66.2067 ], [ -144.0658, 65.6401 ], [ -145.024, 67.1288 ] ] ] } },
{ "type": "Feature", "properties": { "frame_id": 13207, "rollout": "P4", "region_name": "Alaska", "orbit_pass": "ASCENDING" }, "geometry": { "type": "Polygon", "coordinates": [ [ [ -145.9428, 68.422 ], [ -139.943, 69.031 ], [ -139.2521, 67.5176 ], [ -144.8942, 66.9375 ], [ -145.9428, 68.422 ] ] ] } },
{ "type": "Feature", "properties": { "frame_id": 13208, "rollout": "P4", "region_name": "Alaska", "orbit_pass": "ASCENDING" }, "geometry": { "type": "Polygon", "coordinates": [ [ [ -146.9641, 69.7099 ], [ -140.5999, 70.3391 ], [ -139.8454, 68.8274 ], [ -145.8081, 68.2304 ], [ -146.9641, 69.7099 ] ] ] } },
{ "type": "Feature", "properties": { "frame_id": 13209, "rollout": "P4", "region_name": "Alaska", "orbit_pass": "ASCENDING" }, "geometry": { "type": "Polygon", "coordinates": [ [ [ -148.0915, 70.9934 ], [ -141.3289, 71.645 ], [ -140.4974, 70.1354 ], [ -146.8065, 69.5198 ], [ -148.0915, 70.9934 ] ] ] } },
{ "type": "Feature", "properties": { "frame_id": 14603, "rollout": "P4", "region_name": "Ohio", "orbit_pass": "DESCENDING" }, "geometry": { "type": "Polygon", "coordinates": [ [ [ -82.9511, 40.0754 ], [ -82.6313, 41.6051 ], [ -79.6298, 41.3241 ], [ -80.0144, 39.8036 ], [ -82.9511, 40.0754 ] ] ] } },
{ "type": "Feature", "properties": { "frame_id": 14604, "rollout": "P4", "region_name": "Kentucky", "orbit_pass": "DESCENDING" }, "geometry": { "type": "Polygon", "coordinates": [ [ [ -83.2233, 38.7499 ], [ -82.9083, 40.2802 ], [ -79.9652, 39.9982 ], [ -80.3419, 38.477 ], [ -83.2233, 38.7499 ] ] ] } },
{ "type": "Feature", "properties": { "frame_id": 14605, "rollout": "P4", "region_name": "West Virginia", "orbit_pass": "DESCENDING" }, "geometry": { "type": "Polygon", "coordinates": [ [ [ -83.4928, 37.4239 ], [ -83.1811, 38.9547 ], [ -80.2936, 38.6716 ], [ -80.6631, 37.1497 ], [ -83.4928, 37.4239 ] ] ] } },
{ "type": "Feature", "properties": { "frame_id": 14606, "rollout": "P4", "region_name": "West Virginia", "orbit_pass": "DESCENDING" }, "geometry": { "type": "Polygon", "coordinates": [ [ [ -83.7599, 36.0975 ], [ -83.451, 37.6288 ], [ -80.6158, 37.3443 ], [ -80.9826, 35.8224 ], [ -83.7599, 36.0975 ] ] ] } },
{ "type": "Feature", "properties": { "frame_id": 14864, "rollout": "P4", "region_name": "Saskatchewan", "orbit_pass": "DESCENDING" }, "geometry": { "type": "Polygon", "coordinates": [ [ [ -105.4605, 49.9956 ], [ -105.0957, 51.5213 ], [ -101.4931, 51.2377 ], [ -101.9695, 49.7242 ], [ -105.4605, 49.9956 ] ] ] } },
{ "type": "Feature", "properties": { "frame_id": 14865, "rollout": "P4", "region_name": "Saskatchewan", "orbit_pass": "DESCENDING" }, "geometry": { "type": "Polygon", "coordinates": [ [ [ -105.7678, 48.6741 ], [ -105.4117, 50.2004 ], [ -101.9087, 49.9183 ], [ -102.3686, 48.4037 ], [ -105.7678, 48.6741 ] ] ] } },
{ "type": "Feature", "properties": { "frame_id": 14866, "rollout": "P4", "region_name": "North Dakota", "orbit_pass": "DESCENDING" }, "geometry": { "type": "Polygon", "coordinates": [ [ [ -106.0686, 47.352 ], [ -105.7201, 48.8789 ], [ -102.3099, 48.5979 ], [ -102.7549, 47.0822 ], [ -106.0686, 47.352 ] ] ] } },
{ "type": "Feature", "properties": { "frame_id": 14867, "rollout": "P4", "region_name": "South Dakota", "orbit_pass": "DESCENDING" }, "geometry": { "type": "Polygon", "coordinates": [ [ [ -106.3652, 46.0295 ], [ -106.0219, 47.5568 ], [ -102.698, 47.2765 ], [ -103.1295, 45.7598 ], [ -106.3652, 46.0295 ] ] ] } },
{ "type": "Feature", "properties": { "frame_id": 14868, "rollout": "P4", "region_name": "Wyoming", "orbit_pass": "DESCENDING" }, "geometry": { "type": "Polygon", "coordinates": [ [ [ -106.6549, 44.7064 ], [ -106.3194, 46.2343 ], [ -103.0743, 45.9542 ], [ -103.4937, 44.4366 ], [ -106.6549, 44.7064 ] ] ] } },
{ "type": "Feature", "properties": { "frame_id": 14869, "rollout": "P4", "region_name": "Wyoming", "orbit_pass": "DESCENDING" }, "geometry": { "type": "Polygon", "coordinates": [ [ [ -106.94, 43.3826 ], [ -106.61, 44.9111 ], [ -103.4451, 44.6318 ], [ -103.8533, 43.1133 ], [ -106.94, 43.3826 ] ] ] } },
{ "type": "Feature", "properties": { "frame_id": 14870, "rollout": "P4", "region_name": "Nebraska", "orbit_pass": "DESCENDING" }, "geometry": { "type": "Polygon", "coordinates": [ [ [ -107.2236, 42.0587 ], [ -106.8986, 43.5878 ], [ -103.801, 43.3078 ], [ -104.199, 41.7884 ], [ -107.2236, 42.0587 ] ] ] } },
{ "type": "Feature", "properties": { "frame_id": 14871, "rollout": "P4", "region_name": "Colorado", "orbit_pass": "DESCENDING" }, "geometry": { "type": "Polygon", "coordinates": [ [ [ -107.5018, 40.7341 ], [ -107.18, 42.2635 ], [ -104.148, 41.983 ], [ -104.5368, 40.4629 ], [ -107.5018, 40.7341 ] ] ] } },
{ "type": "Feature", "properties": { "frame_id": 14872, "rollout": "P4", "region_name": "Colorado", "orbit_pass": "DESCENDING" }, "geometry": { "type": "Polygon", "coordinates": [ [ [ -107.7755, 39.4089 ], [ -107.4577, 40.9388 ], [ -104.487, 40.6575 ], [ -104.8675, 39.1366 ], [ -107.7755, 39.4089 ] ] ] } },
{ "type": "Feature", "properties": { "frame_id": 14873, "rollout": "P4", "region_name": "Colorado", "orbit_pass": "DESCENDING" }, "geometry": { "type": "Polygon", "coordinates": [ [ [ -108.0464, 38.0832 ], [ -107.733, 39.6137 ], [ -104.8187, 39.3312 ], [ -105.1918, 37.8097 ], [ -108.0464, 38.0832 ] ] ] } },
{ "type": "Feature", "properties": { "frame_id": 14874, "rollout": "P4", "region_name": "New Mexico", "orbit_pass": "DESCENDING" }, "geometry": { "type": "Polygon", "coordinates": [ [ [ -108.3146, 36.757 ], [ -108.0043, 38.288 ], [ -105.1439, 38.0043 ], [ -105.51, 36.4821 ], [ -108.3146, 36.757 ] ] ] } },
{ "type": "Feature", "properties": { "frame_id": 14875, "rollout": "P4", "region_name": "New Mexico", "orbit_pass": "DESCENDING" }, "geometry": { "type": "Polygon", "coordinates": [ [ [ -108.5806, 35.4304 ], [ -108.273, 36.9619 ], [ -105.4631, 36.6768 ], [ -105.823, 35.1539 ], [ -108.5806, 35.4304 ] ] ] } },
{ "type": "Feature", "properties": { "frame_id": 14876, "rollout": "P4", "region_name": "New Mexico", "orbit_pass": "DESCENDING" }, "geometry": { "type": "Polygon", "coordinates": [ [ [ -108.8452, 34.1035 ], [ -108.5393, 35.6352 ], [ -105.7769, 35.3486 ], [ -106.131, 33.8251 ], [ -108.8452, 34.1035 ] ] ] } },
{ "type": "Feature", "properties": { "frame_id": 15128, "rollout": "P4", "region_name": "British Columbia", "orbit_pass": "DESCENDING" }, "geometry": { "type": "Polygon", "coordinates": [ [ [ -128.6569, 55.9253 ], [ -128.2383, 57.4479 ], [ -124.0809, 57.1507 ], [ -124.6584, 55.6431 ], [ -128.6569, 55.9253 ] ] ] } },
{ "type": "Feature", "properties": { "frame_id": 15129, "rollout": "P4", "region_name": "British Columbia", "orbit_pass": "DESCENDING" }, "geometry": { "type": "Polygon", "coordinates": [ [ [ -129.0052, 54.6065 ], [ -128.6012, 56.1298 ], [ -124.5852, 55.8368 ], [ -125.1357, 54.3278 ], [ -129.0052, 54.6065 ] ] ] } },
{ "type": "Feature", "properties": { "frame_id": 15130, "rollout": "P4", "region_name": "British Columbia", "orbit_pass": "DESCENDING" }, "geometry": { "type": "Polygon", "coordinates": [ [ [ -129.3425, 53.2871 ], [ -128.9513, 54.8111 ], [ -125.0658, 54.5215 ], [ -125.592, 53.0111 ], [ -129.3425, 53.2871 ] ] ] } },
{ "type": "Feature", "properties": { "frame_id": 15131, "rollout": "P4", "region_name": "British Columbia", "orbit_pass": "DESCENDING" }, "geometry": { "type": "Polygon", "coordinates": [ [ [ -129.67, 51.967 ], [ -129.2903, 53.4917 ], [ -125.5251, 53.205 ], [ -126.0359, 51.6939 ], [ -129.67, 51.967 ] ] ] } },
{ "type": "Feature", "properties": { "frame_id": 15132, "rollout": "P4", "region_name": "British Columbia", "orbit_pass": "DESCENDING" }, "geometry": { "type": "Polygon", "coordinates": [ [ [ -129.9936, 50.6468 ], [ -129.6192, 52.1717 ], [ -125.9717, 51.888 ], [ -126.4568, 50.375 ], [ -129.9936, 50.6468 ] ] ] } },
{ "type": "Feature", "properties": { "frame_id": 15133, "rollout": "P4", "region_name": "British Columbia", "orbit_pass": "DESCENDING" }, "geometry": { "type": "Polygon", "coordinates": [ [ [ -130.3045, 49.3256 ], [ -129.9442, 50.8516 ], [ -126.3949, 50.5691 ], [ -126.8627, 49.0549 ], [ -130.3045, 49.3256 ] ] ] } },
{ "type": "Feature", "properties": { "frame_id": 15668, "rollout": "P4", "region_name": "Alaska", "orbit_pass": "DESCENDING" }, "geometry": { "type": "Polygon", "coordinates": [ [ [ -179.0486, 51.9385 ], [ -178.6691, 53.4633 ], [ -174.9088, 53.1769 ], [ -175.4191, 51.6657 ], [ -179.0486, 51.9385 ] ] ] } },
{ "type": "Feature", "properties": { "frame_id": 15669, "rollout": "P4", "region_name": "Alaska", "orbit_pass": "DESCENDING" }, "geometry": { "type": "Polygon", "coordinates": [ [ [ -179.3721, 50.6182 ], [ -178.9979, 52.1432 ], [ -175.3549, 51.8598 ], [ -175.8397, 50.3466 ], [ -179.3721, 50.6182 ] ] ] } },
{ "type": "Feature", "properties": { "frame_id": 16409, "rollout": "P4", "region_name": "Massachusetts", "orbit_pass": "ASCENDING" }, "geometry": { "type": "Polygon", "coordinates": [ [ [ -71.5187, 42.3108 ], [ -68.5183, 42.8218 ], [ -68.1958, 41.2924 ], [ -71.1275, 40.7909 ], [ -71.5187, 42.3108 ] ] ] } },
{ "type": "Feature", "properties": { "frame_id": 16410, "rollout": "P4", "region_name": "Massachusetts", "orbit_pass": "ASCENDING" }, "geometry": { "type": "Polygon", "coordinates": [ [ [ -71.8679, 43.6354 ], [ -68.8015, 44.1458 ], [ -68.4744, 42.617 ], [ -71.4674, 42.1163 ], [ -71.8679, 43.6354 ] ] ] } },
{ "type": "Feature", "properties": { "frame_id": 16411, "rollout": "P4", "region_name": "Quebec", "orbit_pass": "ASCENDING" }, "geometry": { "type": "Polygon", "coordinates": [ [ [ -72.226, 44.9592 ], [ -69.0892, 45.4693 ], [ -68.7569, 43.941 ], [ -71.8153, 43.441 ], [ -72.226, 44.9592 ] ] ] } },
{ "type": "Feature", "properties": { "frame_id": 16412, "rollout": "P4", "region_name": "Vermont", "orbit_pass": "ASCENDING" }, "geometry": { "type": "Polygon", "coordinates": [ [ [ -72.5941, 46.2822 ], [ -69.3833, 46.7921 ], [ -69.0439, 45.2645 ], [ -72.172, 44.7648 ], [ -72.5941, 46.2822 ] ] ] } },
{ "type": "Feature", "properties": { "frame_id": 16413, "rollout": "P4", "region_name": "Quebec", "orbit_pass": "ASCENDING" }, "geometry": { "type": "Polygon", "coordinates": [ [ [ -72.9732, 47.6043 ], [ -69.6816, 48.1146 ], [ -69.3372, 46.5874 ], [ -72.5386, 46.0879 ], [ -72.9732, 47.6043 ] ] ] } },
{ "type": "Feature", "properties": { "frame_id": 16414, "rollout": "P4", "region_name": "Quebec", "orbit_pass": "ASCENDING" }, "geometry": { "type": "Polygon", "coordinates": [ [ [ -73.3642, 48.9255 ], [ -69.9861, 49.4364 ], [ -69.6345, 47.9098 ], [ -72.9159, 47.41 ], [ -73.3642, 48.9255 ] ] ] } },
{ "type": "Feature", "properties": { "frame_id": 16415, "rollout": "P4", "region_name": "Quebec", "orbit_pass": "ASCENDING" }, "geometry": { "type": "Polygon", "coordinates": [ [ [ -73.7687, 50.2457 ], [ -70.2976, 50.7577 ], [ -69.938, 49.2317 ], [ -73.305, 48.7313 ], [ -73.7687, 50.2457 ] ] ] } },
{ "type": "Feature", "properties": { "frame_id": 16676, "rollout": "P4", "region_name": "Kansas", "orbit_pass": "ASCENDING" }, "geometry": { "type": "Polygon", "coordinates": [ [ [ -95.6915, 40.3341 ], [ -92.7833, 40.846 ], [ -92.4661, 39.316 ], [ -95.313, 38.813 ], [ -95.6915, 40.3341 ] ] ] } },
{ "type": "Feature", "properties": { "frame_id": 16677, "rollout": "P4", "region_name": "Iowa", "orbit_pass": "ASCENDING" }, "geometry": { "type": "Polygon", "coordinates": [ [ [ -96.0286, 41.6599 ], [ -93.0607, 42.1708 ], [ -92.7404, 40.6412 ], [ -95.6419, 40.1395 ], [ -96.0286, 41.6599 ] ] ] } },
{ "type": "Feature", "properties": { "frame_id": 16678, "rollout": "P4", "region_name": "Iowa", "orbit_pass": "ASCENDING" }, "geometry": { "type": "Polygon", "coordinates": [ [ [ -96.3735, 42.9849 ], [ -93.3417, 43.4951 ], [ -93.0171, 41.966 ], [ -95.9779, 41.4653 ], [ -96.3735, 42.9849 ] ] ] } },
{ "type": "Feature", "properties": { "frame_id": 16679, "rollout": "P4", "region_name": "Iowa", "orbit_pass": "ASCENDING" }, "geometry": { "type": "Polygon", "coordinates": [ [ [ -96.7269, 44.3092 ], [ -93.627, 44.8189 ], [ -93.2975, 43.2903 ], [ -96.3216, 42.7904 ], [ -96.7269, 44.3092 ] ] ] } },
{ "type": "Feature", "properties": { "frame_id": 16680, "rollout": "P4", "region_name": "South Dakota", "orbit_pass": "ASCENDING" }, "geometry": { "type": "Polygon", "coordinates": [ [ [ -97.0899, 45.6326 ], [ -93.9185, 46.142 ], [ -93.5821, 44.6141 ], [ -96.6737, 44.1147 ], [ -97.0899, 45.6326 ] ] ] } },
{ "type": "Feature", "properties": { "frame_id": 16681, "rollout": "P4", "region_name": "Minnesota", "orbit_pass": "ASCENDING" }, "geometry": { "type": "Polygon", "coordinates": [ [ [ -97.4688, 46.9544 ], [ -94.2138, 47.4648 ], [ -93.8728, 45.9372 ], [ -97.0404, 45.4375 ], [ -97.4688, 46.9544 ] ] ] } },
{ "type": "Feature", "properties": { "frame_id": 16682, "rollout": "P4", "region_name": "North Dakota", "orbit_pass": "ASCENDING" }, "geometry": { "type": "Polygon", "coordinates": [ [ [ -97.8538, 48.2761 ], [ -94.5183, 48.7866 ], [ -94.1704, 47.2597 ], [ -97.4124, 46.7601 ], [ -97.8538, 48.2761 ] ] ] } },
{ "type": "Feature", "properties": { "frame_id": 16683, "rollout": "P4", "region_name": "Ontario", "orbit_pass": "ASCENDING" }, "geometry": { "type": "Polygon", "coordinates": [ [ [ -98.2515, 49.5969 ], [ -94.8262, 50.1082 ], [ -94.4707, 48.5819 ], [ -97.7956, 48.0819 ], [ -98.2515, 49.5969 ] ] ] } },
{ "type": "Feature", "properties": { "frame_id": 16684, "rollout": "P4", "region_name": "Ontario", "orbit_pass": "ASCENDING" }, "geometry": { "type": "Polygon", "coordinates": [ [ [ -98.6633, 50.9166 ], [ -95.1435, 51.429 ], [ -94.7775, 49.9035 ], [ -98.1912, 49.4027 ], [ -98.6633, 50.9166 ] ] ] } },
{ "type": "Feature", "properties": { "frame_id": 16685, "rollout": "P4", "region_name": "Ontario", "orbit_pass": "ASCENDING" }, "geometry": { "type": "Polygon", "coordinates": [ [ [ -99.0909, 52.2352 ], [ -95.467, 52.7495 ], [ -95.0935, 51.2243 ], [ -98.6009, 50.7225 ], [ -99.0909, 52.2352 ] ] ] } },
{ "type": "Feature", "properties": { "frame_id": 16943, "rollout": "P4", "region_name": "Northern California", "orbit_pass": "ASCENDING" }, "geometry": { "type": "Polygon", "coordinates": [ [ [ -119.8853, 38.3523 ], [ -117.0564, 38.8663 ], [ -116.745, 37.3354 ], [ -119.5134, 36.8307 ], [ -119.8853, 38.3523 ] ] ] } },
{ "type": "Feature", "properties": { "frame_id": 16944, "rollout": "P4", "region_name": "Nevada", "orbit_pass": "ASCENDING" }, "geometry": { "type": "Polygon", "coordinates": [ [ [ -120.2121, 39.6791 ], [ -117.3323, 40.1915 ], [ -117.0142, 38.6615 ], [ -119.8372, 38.1576 ], [ -120.2121, 39.6791 ] ] ] } },
{ "type": "Feature", "properties": { "frame_id": 16945, "rollout": "P4", "region_name": "Nevada", "orbit_pass": "ASCENDING" }, "geometry": { "type": "Polygon", "coordinates": [ [ [ -120.5457, 41.0052 ], [ -117.608, 41.5166 ], [ -117.2895, 39.9867 ], [ -120.1631, 39.4845 ], [ -120.5457, 41.0052 ] ] ] } },
{ "type": "Feature", "properties": { "frame_id": 16946, "rollout": "P4", "region_name": "Nevada", "orbit_pass": "ASCENDING" }, "geometry": { "type": "Polygon", "coordinates": [ [ [ -120.8868, 42.3307 ], [ -117.8872, 42.8412 ], [ -117.5647, 41.3118 ], [ -120.4956, 40.8107 ], [ -120.8868, 42.3307 ] ] ] } },
{ "type": "Feature", "properties": { "frame_id": 16947, "rollout": "P4", "region_name": "Oregon", "orbit_pass": "ASCENDING" }, "geometry": { "type": "Polygon", "coordinates": [ [ [ -121.236, 43.6554 ], [ -118.1704, 44.1653 ], [ -117.8433, 42.6364 ], [ -120.8355, 42.1362 ], [ -121.236, 43.6554 ] ] ] } },
{ "type": "Feature", "properties": { "frame_id": 16948, "rollout": "P4", "region_name": "Oregon", "orbit_pass": "ASCENDING" }, "geometry": { "type": "Polygon", "coordinates": [ [ [ -121.5942, 44.9793 ], [ -118.458, 45.4889 ], [ -118.1258, 43.9605 ], [ -121.1834, 43.4609 ], [ -121.5942, 44.9793 ] ] ] } },
{ "type": "Feature", "properties": { "frame_id": 16949, "rollout": "P4", "region_name": "Washington", "orbit_pass": "ASCENDING" }, "geometry": { "type": "Polygon", "coordinates": [ [ [ -121.9624, 46.3023 ], [ -118.7522, 46.8118 ], [ -118.4127, 45.2841 ], [ -121.5402, 44.7848 ], [ -121.9624, 46.3023 ] ] ] } },
{ "type": "Feature", "properties": { "frame_id": 16950, "rollout": "P4", "region_name": "Washington", "orbit_pass": "ASCENDING" }, "geometry": { "type": "Polygon", "coordinates": [ [ [ -122.3415, 47.6245 ], [ -119.0504, 48.1343 ], [ -118.706, 46.607 ], [ -121.9068, 46.108 ], [ -122.3415, 47.6245 ] ] ] } },
{ "type": "Feature", "properties": { "frame_id": 16951, "rollout": "P4", "region_name": "Washington", "orbit_pass": "ASCENDING" }, "geometry": { "type": "Polygon", "coordinates": [ [ [ -122.7326, 48.9458 ], [ -119.3549, 49.4562 ], [ -119.0033, 47.9295 ], [ -122.2842, 47.4302 ], [ -122.7326, 48.9458 ] ] ] } },
{ "type": "Feature", "properties": { "frame_id": 16952, "rollout": "P4", "region_name": "Washington", "orbit_pass": "ASCENDING" }, "geometry": { "type": "Polygon", "coordinates": [ [ [ -123.1372, 50.2661 ], [ -119.6664, 50.7776 ], [ -119.3068, 49.2515 ], [ -122.6734, 48.7515 ], [ -123.1372, 50.2661 ] ] ] } },
{ "type": "Feature", "properties": { "frame_id": 16953, "rollout": "P4", "region_name": "British Columbia", "orbit_pass": "ASCENDING" }, "geometry": { "type": "Polygon", "coordinates": [ [ [ -123.5567, 51.5853 ], [ -119.9876, 52.0982 ], [ -119.6171, 50.5728 ], [ -123.0759, 50.0719 ], [ -123.5567, 51.5853 ] ] ] } },
{ "type": "Feature", "properties": { "frame_id": 16954, "rollout": "P4", "region_name": "British Columbia", "orbit_pass": "ASCENDING" }, "geometry": { "type": "Polygon", "coordinates": [ [ [ -123.9926, 52.9034 ], [ -120.3158, 53.4183 ], [ -119.937, 51.8935 ], [ -123.493, 51.3912 ], [ -123.9926, 52.9034 ] ] ] } },
{ "type": "Feature", "properties": { "frame_id": 16955, "rollout": "P4", "region_name": "British Columbia", "orbit_pass": "ASCENDING" }, "geometry": { "type": "Polygon", "coordinates": [ [ [ -124.447, 54.2204 ], [ -120.6539, 54.7378 ], [ -120.2637, 53.2136 ], [ -123.9264, 52.7095 ], [ -124.447, 54.2204 ] ] ] } },
{ "type": "Feature", "properties": { "frame_id": 17228, "rollout": "P4", "region_name": "Alaska", "orbit_pass": "ASCENDING" }, "geometry": { "type": "Polygon", "coordinates": [ [ [ -151.4833, 60.14 ], [ -147.0324, 60.6778 ], [ -146.5691, 59.157 ], [ -150.8302, 58.6364 ], [ -151.4833, 60.14 ] ] ] } },
{ "type": "Feature", "properties": { "frame_id": 17229, "rollout": "P4", "region_name": "Alaska", "orbit_pass": "ASCENDING" }, "geometry": { "type": "Polygon", "coordinates": [ [ [ -152.0896, 61.4484 ], [ -147.4543, 61.9933 ], [ -146.9681, 60.4734 ], [ -151.3959, 59.9469 ], [ -152.0896, 61.4484 ] ] ] } },
{ "type": "Feature", "properties": { "frame_id": 17230, "rollout": "P4", "region_name": "Alaska", "orbit_pass": "ASCENDING" }, "geometry": { "type": "Polygon", "coordinates": [ [ [ -152.7445, 62.7538 ], [ -147.9024, 63.3076 ], [ -147.3867, 61.7889 ], [ -151.9966, 61.2555 ], [ -152.7445, 62.7538 ] ] ] } },
{ "type": "Feature", "properties": { "frame_id": 17231, "rollout": "P4", "region_name": "Alaska", "orbit_pass": "ASCENDING" }, "geometry": { "type": "Polygon", "coordinates": [ [ [ -153.4394, 64.0577 ], [ -148.3786, 64.6209 ], [ -147.8309, 63.1034 ], [ -152.645, 62.5612 ], [ -153.4394, 64.0577 ] ] ] } },
{ "type": "Feature", "properties": { "frame_id": 17232, "rollout": "P4", "region_name": "Alaska", "orbit_pass": "ASCENDING" }, "geometry": { "type": "Polygon", "coordinates": [ [ [ -154.1889, 65.3589 ], [ -148.8816, 65.9335 ], [ -148.3026, 64.4168 ], [ -153.3325, 63.8654 ], [ -154.1889, 65.3589 ] ] ] } },
{ "type": "Feature", "properties": { "frame_id": 17233, "rollout": "P4", "region_name": "Alaska", "orbit_pass": "ASCENDING" }, "geometry": { "type": "Polygon", "coordinates": [ [ [ -155.0025, 66.657 ], [ -150.3146, 67.1828 ], [ -149.4216, 67.2449 ], [ -148.8004, 65.7295 ], [ -154.0733, 65.167 ], [ -155.0025, 66.657 ] ] ] } },
{ "type": "Feature", "properties": { "frame_id": 17234, "rollout": "P4", "region_name": "Alaska", "orbit_pass": "ASCENDING" }, "geometry": { "type": "Polygon", "coordinates": [ [ [ -155.8909, 67.9516 ], [ -150.0086, 68.5548 ], [ -149.3342, 67.0411 ], [ -154.8767, 66.4655 ], [ -155.8909, 67.9516 ] ] ] } },
{ "type": "Feature", "properties": { "frame_id": 17235, "rollout": "P4", "region_name": "Alaska", "orbit_pass": "ASCENDING" }, "geometry": { "type": "Polygon", "coordinates": [ [ [ -156.8681, 69.242 ], [ -150.644, 69.8634 ], [ -149.9139, 68.3511 ], [ -155.7532, 67.7606 ], [ -156.8681, 69.242 ] ] ] } },
{ "type": "Feature", "properties": { "frame_id": 17236, "rollout": "P4", "region_name": "Alaska", "orbit_pass": "ASCENDING" }, "geometry": { "type": "Polygon", "coordinates": [ [ [ -157.9518, 70.5275 ], [ -151.3425, 71.1703 ], [ -150.5406, 69.6599 ], [ -156.7163, 69.0516 ], [ -157.9518, 70.5275 ] ] ] } },
{ "type": "Feature", "properties": { "frame_id": 17237, "rollout": "P4", "region_name": "Alaska", "orbit_pass": "ASCENDING" }, "geometry": { "type": "Polygon", "coordinates": [ [ [ -159.1636, 71.8071 ], [ -152.1179, 72.4751 ], [ -151.2284, 70.967 ], [ -157.783, 70.3379 ], [ -159.1636, 71.8071 ] ] ] } },
{ "type": "Feature", "properties": { "frame_id": 17491, "rollout": "P4", "region_name": "Alaska", "orbit_pass": "ASCENDING" }, "geometry": { "type": "Polygon", "coordinates": [ [ [ -173.3754, 52.9276 ], [ -169.6967, 53.4426 ], [ -169.3176, 51.9178 ], [ -172.8753, 51.4154 ], [ -173.3754, 52.9276 ] ] ] } },
{ "type": "Feature", "properties": { "frame_id": 17497, "rollout": "P4", "region_name": "Alaska", "orbit_pass": "ASCENDING" }, "geometry": { "type": "Polygon", "coordinates": [ [ [ -176.4803, 60.8068 ], [ -171.9356, 61.3485 ], [ -171.4608, 59.8282 ], [ -175.8069, 59.3043 ], [ -176.4803, 60.8068 ] ] ] } },
{ "type": "Feature", "properties": { "frame_id": 18358, "rollout": "P4", "region_name": "Maine", "orbit_pass": "DESCENDING" }, "geometry": { "type": "Polygon", "coordinates": [ [ [ -67.4634, 45.2017 ], [ -67.1242, 46.7294 ], [ -63.8539, 46.4498 ], [ -64.2773, 44.9325 ], [ -67.4634, 45.2017 ] ] ] } },
{ "type": "Feature", "properties": { "frame_id": 18359, "rollout": "P4", "region_name": "Maine", "orbit_pass": "DESCENDING" }, "geometry": { "type": "Polygon", "coordinates": [ [ [ -67.75, 43.8781 ], [ -67.4181, 45.4065 ], [ -64.2231, 45.1269 ], [ -64.6352, 43.6087 ], [ -67.75, 43.8781 ] ] ] } },
{ "type": "Feature", "properties": { "frame_id": 18360, "rollout": "P4", "region_name": "Maine", "orbit_pass": "DESCENDING" }, "geometry": { "type": "Polygon", "coordinates": [ [ [ -68.0323, 42.554 ], [ -67.7055, 44.0829 ], [ -64.5825, 43.8031 ], [ -64.9841, 42.2841 ], [ -68.0323, 42.554 ] ] ] } },
{ "type": "Feature", "properties": { "frame_id": 18631, "rollout": "P4", "region_name": "Illinois", "orbit_pass": "DESCENDING" }, "geometry": { "type": "Polygon", "coordinates": [ [ [ -93.4116, 39.2367 ], [ -93.0954, 40.7668 ], [ -90.1318, 40.4854 ], [ -90.5112, 38.9644 ], [ -93.4116, 39.2367 ] ] ] } },
{ "type": "Feature", "properties": { "frame_id": 18891, "rollout": "P4", "region_name": "British Columbia", "orbit_pass": "DESCENDING" }, "geometry": { "type": "Polygon", "coordinates": [ [ [ -115.6309, 50.479 ], [ -115.2613, 52.0043 ], [ -111.621, 51.7201 ], [ -112.1039, 50.2069 ], [ -115.6309, 50.479 ] ] ] } },
{ "type": "Feature", "properties": { "frame_id": 18892, "rollout": "P4", "region_name": "British Columbia", "orbit_pass": "DESCENDING" }, "geometry": { "type": "Polygon", "coordinates": [ [ [ -115.9409, 49.1577 ], [ -115.5817, 50.6837 ], [ -112.0483, 50.4018 ], [ -112.5139, 48.8875 ], [ -115.9409, 49.1577 ] ] ] } },
{ "type": "Feature", "properties": { "frame_id": 18893, "rollout": "P4", "region_name": "Montana", "orbit_pass": "DESCENDING" }, "geometry": { "type": "Polygon", "coordinates": [ [ [ -116.2473, 47.8361 ], [ -115.8962, 49.3628 ], [ -112.4545, 49.0818 ], [ -112.9046, 47.5664 ], [ -116.2473, 47.8361 ] ] ] } },
{ "type": "Feature", "properties": { "frame_id": 18894, "rollout": "P4", "region_name": "Montana", "orbit_pass": "DESCENDING" }, "geometry": { "type": "Polygon", "coordinates": [ [ [ -116.5443, 46.5137 ], [ -116.2003, 48.0409 ], [ -112.8471, 47.7607 ], [ -113.2833, 46.2443 ], [ -116.5443, 46.5137 ] ] ] } },
{ "type": "Feature", "properties": { "frame_id": 18895, "rollout": "P4", "region_name": "Oregon", "orbit_pass": "DESCENDING" }, "geometry": { "type": "Polygon", "coordinates": [ [ [ -116.8374, 45.1908 ], [ -116.4982, 46.7185 ], [ -113.2275, 46.4387 ], [ -113.6509, 44.9214 ], [ -116.8374, 45.1908 ] ] ] } },
{ "type": "Feature", "properties": { "frame_id": 18896, "rollout": "P4", "region_name": "Oregon", "orbit_pass": "DESCENDING" }, "geometry": { "type": "Polygon", "coordinates": [ [ [ -117.124, 43.8673 ], [ -116.7921, 45.3956 ], [ -113.5967, 45.1158 ], [ -114.0088, 43.5977 ], [ -117.124, 43.8673 ] ] ] } },
{ "type": "Feature", "properties": { "frame_id": 18897, "rollout": "P4", "region_name": "Oregon", "orbit_pass": "DESCENDING" }, "geometry": { "type": "Polygon", "coordinates": [ [ [ -117.4063, 42.5432 ], [ -117.0795, 44.0721 ], [ -113.9561, 43.7921 ], [ -114.3577, 42.2731 ], [ -117.4063, 42.5432 ] ] ] } },
{ "type": "Feature", "properties": { "frame_id": 18898, "rollout": "P4", "region_name": "Nevada", "orbit_pass": "DESCENDING" }, "geometry": { "type": "Polygon", "coordinates": [ [ [ -117.6847, 41.2187 ], [ -117.3624, 42.7481 ], [ -114.3063, 42.4676 ], [ -114.6984, 40.9478 ], [ -117.6847, 41.2187 ] ] ] } },
{ "type": "Feature", "properties": { "frame_id": 18899, "rollout": "P4", "region_name": "Nevada", "orbit_pass": "DESCENDING" }, "geometry": { "type": "Polygon", "coordinates": [ [ [ -117.9607, 39.8938 ], [ -117.6414, 41.4235 ], [ -114.6482, 41.1424 ], [ -115.0317, 39.6218 ], [ -117.9607, 39.8938 ] ] ] } },
{ "type": "Feature", "properties": { "frame_id": 18900, "rollout": "P4", "region_name": "Nevada", "orbit_pass": "DESCENDING" }, "geometry": { "type": "Polygon", "coordinates": [ [ [ -118.2326, 38.5682 ], [ -117.918, 40.0986 ], [ -114.9826, 39.8164 ], [ -115.3583, 38.2951 ], [ -118.2326, 38.5682 ] ] ] } },
{ "type": "Feature", "properties": { "frame_id": 18901, "rollout": "P4", "region_name": "Nevada", "orbit_pass": "DESCENDING" }, "geometry": { "type": "Polygon", "coordinates": [ [ [ -118.5018, 37.2422 ], [ -118.1904, 38.7731 ], [ -115.3102, 38.4897 ], [ -115.6788, 36.9677 ], [ -118.5018, 37.2422 ] ] ] } },
{ "type": "Feature", "properties": { "frame_id": 19413, "rollout": "P4", "region_name": "Alaska", "orbit_pass": "DESCENDING" }, "geometry": { "type": "Polygon", "coordinates": [ [ [ -158.4753, 70.1851 ], [ -157.64, 71.6946 ], [ -150.6507, 71.2643 ], [ -151.9666, 69.7921 ], [ -158.4753, 70.1851 ] ] ] } },
{ "type": "Feature", "properties": { "frame_id": 19414, "rollout": "P4", "region_name": "Alaska", "orbit_pass": "DESCENDING" }, "geometry": { "type": "Polygon", "coordinates": [ [ [ -159.1253, 68.8769 ], [ -158.3678, 70.3885 ], [ -151.8053, 69.9821 ], [ -152.9871, 68.5038 ], [ -159.1253, 68.8769 ] ] ] } },
{ "type": "Feature", "properties": { "frame_id": 19415, "rollout": "P4", "region_name": "Alaska", "orbit_pass": "DESCENDING" }, "geometry": { "type": "Polygon", "coordinates": [ [ [ -159.7245, 67.5675 ], [ -159.0273, 69.0806 ], [ -152.8416, 68.6944 ], [ -153.9118, 67.211 ], [ -159.7245, 67.5675 ] ] ] } },
{ "type": "Feature", "properties": { "frame_id": 19416, "rollout": "P4", "region_name": "Alaska", "orbit_pass": "DESCENDING" }, "geometry": { "type": "Polygon", "coordinates": [ [ [ -160.2746, 66.2565 ], [ -159.6344, 67.7713 ], [ -153.7794, 67.4022 ], [ -154.7635, 65.9152 ], [ -160.2746, 66.2565 ] ] ] } },
{ "type": "Feature", "properties": { "frame_id": 19417, "rollout": "P4", "region_name": "Alaska", "orbit_pass": "DESCENDING" }, "geometry": { "type": "Polygon", "coordinates": [ [ [ -160.7906, 64.9445 ], [ -160.191, 66.4604 ], [ -154.6422, 66.1069 ], [ -155.5391, 64.6153 ], [ -160.7906, 64.9445 ] ] ] } },
{ "type": "Feature", "properties": { "frame_id": 19418, "rollout": "P4", "region_name": "Alaska", "orbit_pass": "DESCENDING" }, "geometry": { "type": "Polygon", "coordinates": [ [ [ -161.2698, 63.6313 ], [ -160.7126, 65.1486 ], [ -155.4274, 64.8074 ], [ -156.2565, 63.3127 ], [ -161.2698, 63.6313 ] ] ] } },
{ "type": "Feature", "properties": { "frame_id": 19419, "rollout": "P4", "region_name": "Alaska", "orbit_pass": "DESCENDING" }, "geometry": { "type": "Polygon", "coordinates": [ [ [ -161.7242, 62.3172 ], [ -161.1966, 63.8355 ], [ -156.1529, 63.5051 ], [ -156.9235, 62.0075 ], [ -161.7242, 62.3172 ] ] ] } },
{ "type": "Feature", "properties": { "frame_id": 19420, "rollout": "P4", "region_name": "Alaska", "orbit_pass": "DESCENDING" }, "geometry": { "type": "Polygon", "coordinates": [ [ [ -162.1516, 61.002 ], [ -161.6551, 62.5215 ], [ -156.8269, 62.2002 ], [ -157.547, 60.7001 ], [ -162.1516, 61.002 ] ] ] } },
{ "type": "Feature", "properties": { "frame_id": 19421, "rollout": "P4", "region_name": "Alaska", "orbit_pass": "DESCENDING" }, "geometry": { "type": "Polygon", "coordinates": [ [ [ -162.5583, 59.686 ], [ -162.086, 61.2064 ], [ -157.4564, 60.8931 ], [ -158.1324, 59.3907 ], [ -162.5583, 59.686 ] ] ] } },
{ "type": "Feature", "properties": { "frame_id": 19422, "rollout": "P4", "region_name": "Alaska", "orbit_pass": "DESCENDING" }, "geometry": { "type": "Polygon", "coordinates": [ [ [ -162.947, 58.3693 ], [ -162.4958, 59.8905 ], [ -158.0472, 59.5839 ], [ -158.6845, 58.0795 ], [ -162.947, 58.3693 ] ] ] } },
{ "type": "Feature", "properties": { "frame_id": 19424, "rollout": "P4", "region_name": "Alaska", "orbit_pass": "DESCENDING" }, "geometry": { "type": "Polygon", "coordinates": [ [ [ -163.681, 55.7337 ], [ -163.2647, 57.2565 ], [ -159.131, 56.9603 ], [ -159.7043, 55.4524 ], [ -163.681, 55.7337 ] ] ] } },
{ "type": "Feature", "properties": { "frame_id": 19425, "rollout": "P4", "region_name": "Alaska", "orbit_pass": "DESCENDING" }, "geometry": { "type": "Polygon", "coordinates": [ [ [ -164.0276, 54.4148 ], [ -163.6256, 55.9383 ], [ -159.6316, 55.6461 ], [ -160.1783, 54.1367 ], [ -164.0276, 54.4148 ] ] ] } },
{ "type": "Feature", "properties": { "frame_id": 19426, "rollout": "P4", "region_name": "Alaska", "orbit_pass": "DESCENDING" }, "geometry": { "type": "Polygon", "coordinates": [ [ [ -164.3634, 53.0952 ], [ -163.974, 54.6194 ], [ -160.1088, 54.3306 ], [ -160.6317, 52.8198 ], [ -164.3634, 53.0952 ] ] ] } },
{ "type": "Feature", "properties": { "frame_id": 19695, "rollout": "P4", "region_name": "Alaska", "orbit_pass": "DESCENDING" }, "geometry": { "type": "Polygon", "coordinates": [ [ [ 170.7807, 52.419 ], [ 171.1641, 53.9436 ], [ 174.9648, 53.6566 ], [ 174.4533, 52.1451 ], [ 170.7807, 52.419 ] ] ] } },
{ "type": "Feature", "properties": { "frame_id": 19696, "rollout": "P4", "region_name": "Alaska", "orbit_pass": "DESCENDING" }, "geometry": { "type": "Polygon", "coordinates": [ [ [ 170.4576, 51.0986 ], [ 170.8319, 52.6237 ], [ 174.5184, 52.3391 ], [ 174.0269, 50.8264 ], [ 170.4576, 51.0986 ] ] ] } },
{ "type": "Feature", "properties": { "frame_id": 20434, "rollout": "P4", "region_name": "West Virginia", "orbit_pass": "ASCENDING" }, "geometry": { "type": "Polygon", "coordinates": [ [ [ -81.0059, 39.1754 ], [ -78.1453, 39.6886 ], [ -77.8318, 38.1581 ], [ -80.6338, 37.6538 ], [ -81.0059, 39.1754 ] ] ] } },
{ "type": "Feature", "properties": { "frame_id": 20435, "rollout": "P4", "region_name": "Ohio", "orbit_pass": "ASCENDING" }, "geometry": { "type": "Polygon", "coordinates": [ [ [ -81.3368, 40.5018 ], [ -78.4205, 41.0137 ], [ -78.1027, 39.4838 ], [ -80.9572, 38.9808 ], [ -81.3368, 40.5018 ] ] ] } },
{ "type": "Feature", "properties": { "frame_id": 20436, "rollout": "P4", "region_name": "Ohio", "orbit_pass": "ASCENDING" }, "geometry": { "type": "Polygon", "coordinates": [ [ [ -81.6749, 41.8274 ], [ -78.6983, 42.3384 ], [ -78.3774, 40.8089 ], [ -81.2871, 40.3072 ], [ -81.6749, 41.8274 ] ] ] } },
{ "type": "Feature", "properties": { "frame_id": 20437, "rollout": "P4", "region_name": "Pennsylvania", "orbit_pass": "ASCENDING" }, "geometry": { "type": "Polygon", "coordinates": [ [ [ -82.0209, 43.1523 ], [ -78.9799, 43.6627 ], [ -78.6546, 42.1336 ], [ -81.6241, 41.6329 ], [ -82.0209, 43.1523 ] ] ] } },
{ "type": "Feature", "properties": { "frame_id": 20438, "rollout": "P4", "region_name": "Upper New York", "orbit_pass": "ASCENDING" }, "geometry": { "type": "Polygon", "coordinates": [ [ [ -82.3755, 44.4764 ], [ -79.2658, 44.9864 ], [ -78.9356, 43.4578 ], [ -81.9688, 42.9578 ], [ -82.3755, 44.4764 ] ] ] } },
{ "type": "Feature", "properties": { "frame_id": 20439, "rollout": "P4", "region_name": "Ontario", "orbit_pass": "ASCENDING" }, "geometry": { "type": "Polygon", "coordinates": [ [ [ -82.7397, 45.7998 ], [ -79.5579, 46.3094 ], [ -79.2207, 44.7815 ], [ -82.322, 44.282 ], [ -82.7397, 45.7998 ] ] ] } },
{ "type": "Feature", "properties": { "frame_id": 20440, "rollout": "P4", "region_name": "Ontario", "orbit_pass": "ASCENDING" }, "geometry": { "type": "Polygon", "coordinates": [ [ [ -83.1145, 47.1222 ], [ -79.8539, 47.632 ], [ -79.5121, 46.1046 ], [ -82.6847, 45.6054 ], [ -83.1145, 47.1222 ] ] ] } },
{ "type": "Feature", "properties": { "frame_id": 20441, "rollout": "P4", "region_name": "Ontario", "orbit_pass": "ASCENDING" }, "geometry": { "type": "Polygon", "coordinates": [ [ [ -83.5066, 48.443 ], [ -80.156, 48.9541 ], [ -79.8072, 47.4272 ], [ -83.0578, 46.9279 ], [ -83.5066, 48.443 ] ] ] } },
{ "type": "Feature", "properties": { "frame_id": 20442, "rollout": "P4", "region_name": "Ontario", "orbit_pass": "ASCENDING" }, "geometry": { "type": "Polygon", "coordinates": [ [ [ -83.906, 49.7636 ], [ -80.4681, 50.2752 ], [ -80.1083, 48.7493 ], [ -83.4482, 48.2488 ], [ -83.906, 49.7636 ] ] ] } },
{ "type": "Feature", "properties": { "frame_id": 20703, "rollout": "P4", "region_name": "Colorado", "orbit_pass": "ASCENDING" }, "geometry": { "type": "Polygon", "coordinates": [ [ [ -105.8513, 39.8481 ], [ -102.9652, 40.3601 ], [ -102.6493, 38.8298 ], [ -105.4757, 38.3267 ], [ -105.8513, 39.8481 ] ] ] } },
{ "type": "Feature", "properties": { "frame_id": 20704, "rollout": "P4", "region_name": "Colorado", "orbit_pass": "ASCENDING" }, "geometry": { "type": "Polygon", "coordinates": [ [ [ -106.1903, 41.1734 ], [ -103.2411, 41.6851 ], [ -102.9224, 40.1552 ], [ -105.8067, 39.6528 ], [ -106.1903, 41.1734 ] ] ] } },
{ "type": "Feature", "properties": { "frame_id": 20705, "rollout": "P4", "region_name": "Colorado", "orbit_pass": "ASCENDING" }, "geometry": { "type": "Polygon", "coordinates": [ [ [ -106.5324, 42.4987 ], [ -103.5236, 43.0093 ], [ -103.2006, 41.48 ], [ -106.14, 40.9789 ], [ -106.5324, 42.4987 ] ] ] } },
{ "type": "Feature", "properties": { "frame_id": 20706, "rollout": "P4", "region_name": "Nebraska", "orbit_pass": "ASCENDING" }, "geometry": { "type": "Polygon", "coordinates": [ [ [ -106.8826, 43.8233 ], [ -103.8073, 44.3333 ], [ -103.4796, 42.8045 ], [ -106.4809, 42.3042 ], [ -106.8826, 43.8233 ] ] ] } },
{ "type": "Feature", "properties": { "frame_id": 20707, "rollout": "P4", "region_name": "Wyoming", "orbit_pass": "ASCENDING" }, "geometry": { "type": "Polygon", "coordinates": [ [ [ -107.242, 45.1471 ], [ -104.097, 45.6566 ], [ -103.7626, 44.1285 ], [ -106.8299, 43.6288 ], [ -107.242, 45.1471 ] ] ] } },
{ "type": "Feature", "properties": { "frame_id": 20708, "rollout": "P4", "region_name": "Wyoming", "orbit_pass": "ASCENDING" }, "geometry": { "type": "Polygon", "coordinates": [ [ [ -107.1878, 44.9526 ], [ -107.6115, 46.47 ], [ -104.3902, 46.9796 ], [ -104.0516, 45.4519 ], [ -107.1878, 44.9526 ] ] ] } },
{ "type": "Feature", "properties": { "frame_id": 20709, "rollout": "P4", "region_name": "Montana", "orbit_pass": "ASCENDING" }, "geometry": { "type": "Polygon", "coordinates": [ [ [ -107.992, 47.792 ], [ -104.6892, 48.302 ], [ -104.344, 46.7748 ], [ -107.5557, 46.2756 ], [ -107.992, 47.792 ] ] ] } },
{ "type": "Feature", "properties": { "frame_id": 20710, "rollout": "P4", "region_name": "Montana", "orbit_pass": "ASCENDING" }, "geometry": { "type": "Polygon", "coordinates": [ [ [ -108.3847, 49.1132 ], [ -104.9945, 49.6238 ], [ -104.642, 48.0972 ], [ -107.9344, 47.5977 ], [ -108.3847, 49.1132 ] ] ] } },
{ "type": "Feature", "properties": { "frame_id": 20711, "rollout": "P4", "region_name": "Montana", "orbit_pass": "ASCENDING" }, "geometry": { "type": "Polygon", "coordinates": [ [ [ -108.791, 50.4333 ], [ -105.3069, 50.9451 ], [ -104.9462, 49.4191 ], [ -108.3252, 48.9189 ], [ -108.791, 50.4333 ] ] ] } },
{ "type": "Feature", "properties": { "frame_id": 20712, "rollout": "P4", "region_name": "Saskatchewan", "orbit_pass": "ASCENDING" }, "geometry": { "type": "Polygon", "coordinates": [ [ [ -109.2125, 51.7524 ], [ -105.6291, 52.2656 ], [ -105.2574, 50.7404 ], [ -108.7294, 50.2392 ], [ -109.2125, 51.7524 ] ] ] } },
{ "type": "Feature", "properties": { "frame_id": 20981, "rollout": "P4", "region_name": "British Columbia", "orbit_pass": "ASCENDING" }, "geometry": { "type": "Polygon", "coordinates": [ [ [ -134.1199, 52.4206 ], [ -130.4819, 52.9349 ], [ -130.1069, 51.4098 ], [ -133.6272, 50.908 ], [ -134.1199, 52.4206 ] ] ] } },
{ "type": "Feature", "properties": { "frame_id": 20982, "rollout": "P4", "region_name": "British Columbia", "orbit_pass": "ASCENDING" }, "geometry": { "type": "Polygon", "coordinates": [ [ [ -134.5673, 53.738 ], [ -130.8162, 54.2547 ], [ -130.4303, 52.7302 ], [ -134.0546, 52.2266 ], [ -134.5673, 53.738 ] ] ] } },
{ "type": "Feature", "properties": { "frame_id": 20983, "rollout": "P4", "region_name": "British Columbia", "orbit_pass": "ASCENDING" }, "geometry": { "type": "Polygon", "coordinates": [ [ [ -135.0346, 55.0542 ], [ -131.1613, 55.5738 ], [ -130.7631, 54.05 ], [ -134.4992, 53.5441 ], [ -135.0346, 55.0542 ] ] ] } },
{ "type": "Feature", "properties": { "frame_id": 20984, "rollout": "P4", "region_name": "British Columbia", "orbit_pass": "ASCENDING" }, "geometry": { "type": "Polygon", "coordinates": [ [ [ -135.5242, 56.369 ], [ -131.5209, 56.892 ], [ -131.1064, 55.3691 ], [ -134.9634, 54.8604 ], [ -135.5242, 56.369 ] ] ] } },
{ "type": "Feature", "properties": { "frame_id": 20985, "rollout": "P4", "region_name": "British Columbia", "orbit_pass": "ASCENDING" }, "geometry": { "type": "Polygon", "coordinates": [ [ [ -136.0387, 57.6824 ], [ -131.8917, 58.2097 ], [ -131.464, 56.6874 ], [ -135.4495, 56.1754 ], [ -136.0387, 57.6824 ] ] ] } },
{ "type": "Feature", "properties": { "frame_id": 20986, "rollout": "P4", "region_name": "British Columbia", "orbit_pass": "ASCENDING" }, "geometry": { "type": "Polygon", "coordinates": [ [ [ -136.5814, 58.9942 ], [ -132.2782, 59.5267 ], [ -131.8326, 58.0052 ], [ -135.9602, 57.4889 ], [ -136.5814, 58.9942 ] ] ] } },
{ "type": "Feature", "properties": { "frame_id": 20987, "rollout": "P4", "region_name": "British Columbia", "orbit_pass": "ASCENDING" }, "geometry": { "type": "Polygon", "coordinates": [ [ [ -137.1561, 60.3042 ], [ -132.6823, 60.8429 ], [ -132.2164, 59.3222 ], [ -136.4984, 58.8009 ], [ -137.1561, 60.3042 ] ] ] } },
{ "type": "Feature", "properties": { "frame_id": 20988, "rollout": "P4", "region_name": "British Columbia", "orbit_pass": "ASCENDING" }, "geometry": { "type": "Polygon", "coordinates": [ [ [ -137.7672, 61.6123 ], [ -133.1097, 62.158 ], [ -132.6176, 60.6385 ], [ -137.0681, 60.1111 ], [ -137.7672, 61.6123 ] ] ] } },
{ "type": "Feature", "properties": { "frame_id": 20989, "rollout": "P4", "region_name": "British Columbia", "orbit_pass": "ASCENDING" }, "geometry": { "type": "Polygon", "coordinates": [ [ [ -137.6734, 61.4195 ], [ -138.4202, 62.9183 ], [ -133.5579, 63.4725 ], [ -133.0416, 61.9537 ], [ -137.6734, 61.4195 ] ] ] } },
{ "type": "Feature", "properties": { "frame_id": 20990, "rollout": "P4", "region_name": "Alaska", "orbit_pass": "ASCENDING" }, "geometry": { "type": "Polygon", "coordinates": [ [ [ -139.1211, 64.2219 ], [ -134.8447, 64.7262 ], [ -134.0331, 64.786 ], [ -133.4859, 63.2682 ], [ -138.3199, 62.7257 ], [ -139.1211, 64.2219 ] ] ] } },
{ "type": "Feature", "properties": { "frame_id": 20991, "rollout": "P4", "region_name": "Alaska", "orbit_pass": "ASCENDING" }, "geometry": { "type": "Polygon", "coordinates": [ [ [ -139.8855, 65.5219 ], [ -134.5404, 66.0984 ], [ -133.9566, 64.5818 ], [ -139.0207, 64.0289 ], [ -139.8855, 65.5219 ] ] ] } },
{ "type": "Feature", "properties": { "frame_id": 20992, "rollout": "P4", "region_name": "Alaska", "orbit_pass": "ASCENDING" }, "geometry": { "type": "Polygon", "coordinates": [ [ [ -140.7076, 66.8197 ], [ -135.0894, 67.4094 ], [ -134.4628, 65.8941 ], [ -139.7687, 65.3301 ], [ -140.7076, 66.8197 ] ] ] } },
{ "type": "Feature", "properties": { "frame_id": 20993, "rollout": "P4", "region_name": "Alaska", "orbit_pass": "ASCENDING" }, "geometry": { "type": "Polygon", "coordinates": [ [ [ -141.6061, 68.1138 ], [ -135.6822, 68.7191 ], [ -135.0013, 67.2055 ], [ -140.5804, 66.6282 ], [ -141.6061, 68.1138 ] ] ] } },
{ "type": "Feature", "properties": { "frame_id": 20994, "rollout": "P4", "region_name": "Alaska", "orbit_pass": "ASCENDING" }, "geometry": { "type": "Polygon", "coordinates": [ [ [ -142.5954, 69.4036 ], [ -136.3247, 70.0275 ], [ -135.5866, 68.5154 ], [ -141.4668, 67.9229 ], [ -142.5954, 69.4036 ] ] ] } },
{ "type": "Feature", "properties": { "frame_id": 20995, "rollout": "P4", "region_name": "Alaska", "orbit_pass": "ASCENDING" }, "geometry": { "type": "Polygon", "coordinates": [ [ [ -143.6936, 70.6885 ], [ -137.0316, 71.3341 ], [ -136.2201, 69.824 ], [ -142.4416, 69.2134 ], [ -143.6936, 70.6885 ] ] ] } },
{ "type": "Feature", "properties": { "frame_id": 21517, "rollout": "P4", "region_name": "Alaska", "orbit_pass": "ASCENDING" }, "geometry": { "type": "MultiPolygon", "coordinates": [ [ [ [ 180.0, 51.5931 ], [ 180.0, 50.0335 ], [ 177.4014, 49.6131 ], [ 176.9263, 51.1268 ], [ 180.0, 51.5931 ] ] ], [ [ [ -180.0, 50.0335 ], [ -180.0, 51.5931 ], [ -179.5389, 51.6395 ], [ -179.1713, 50.114 ], [ -180.0, 50.0335 ] ] ] ] } },
{ "type": "Feature", "properties": { "frame_id": 21518, "rollout": "P4", "region_name": "Alaska", "orbit_pass": "ASCENDING" }, "geometry": { "type": "MultiPolygon", "coordinates": [ [ [ [ 180.0, 52.9466 ], [ 180.0, 51.3875 ], [ 176.9892, 50.9328 ], [ 176.496, 52.4453 ], [ 180.0, 52.9466 ] ] ], [ [ [ -179.864, 52.9599 ], [ -179.4887, 51.4348 ], [ -180.0, 51.3875 ], [ -180.0, 52.9466 ], [ -179.864, 52.9599 ] ] ] ] } },
{ "type": "Feature", "properties": { "frame_id": 22384, "rollout": "P4", "region_name": "Quebec", "orbit_pass": "DESCENDING" }, "geometry": { "type": "Polygon", "coordinates": [ [ [ -77.347, 47.0094 ], [ -77.0004, 48.5364 ], [ -73.6147, 48.256 ], [ -74.0559, 46.74 ], [ -77.347, 47.0094 ] ] ] } },
{ "type": "Feature", "properties": { "frame_id": 22385, "rollout": "P4", "region_name": "Quebec", "orbit_pass": "DESCENDING" }, "geometry": { "type": "Polygon", "coordinates": [ [ [ -77.642, 45.6867 ], [ -77.3005, 47.2142 ], [ -73.9995, 46.9343 ], [ -74.4275, 45.4173 ], [ -77.642, 45.6867 ] ] ] } },
{ "type": "Feature", "properties": { "frame_id": 22386, "rollout": "P4", "region_name": "Quebec", "orbit_pass": "DESCENDING" }, "geometry": { "type": "Polygon", "coordinates": [ [ [ -77.9304, 44.3633 ], [ -77.5964, 45.8915 ], [ -74.3727, 45.6117 ], [ -74.789, 44.0939 ], [ -77.9304, 44.3633 ] ] ] } },
{ "type": "Feature", "properties": { "frame_id": 22387, "rollout": "P4", "region_name": "Upper New York", "orbit_pass": "DESCENDING" }, "geometry": { "type": "Polygon", "coordinates": [ [ [ -78.2142, 43.0394 ], [ -77.8856, 44.5681 ], [ -74.7357, 44.2883 ], [ -75.1411, 42.7696 ], [ -78.2142, 43.0394 ] ] ] } },
{ "type": "Feature", "properties": { "frame_id": 22388, "rollout": "P4", "region_name": "Pennsylvania", "orbit_pass": "DESCENDING" }, "geometry": { "type": "Polygon", "coordinates": [ [ [ -78.4939, 41.715 ], [ -78.1701, 43.2442 ], [ -75.0891, 42.964 ], [ -75.4847, 41.4445 ], [ -78.4939, 41.715 ] ] ] } },
{ "type": "Feature", "properties": { "frame_id": 22390, "rollout": "P4", "region_name": "West Virginia", "orbit_pass": "DESCENDING" }, "geometry": { "type": "Polygon", "coordinates": [ [ [ -79.0442, 39.0649 ], [ -78.7283, 40.5951 ], [ -75.7757, 40.314 ], [ -76.1541, 38.7929 ], [ -79.0442, 39.0649 ] ] ] } },
{ "type": "Feature", "properties": { "frame_id": 22391, "rollout": "P4", "region_name": "West Virginia", "orbit_pass": "DESCENDING" }, "geometry": { "type": "Polygon", "coordinates": [ [ [ -79.3167, 37.7393 ], [ -79.0043, 39.27 ], [ -76.1056, 38.9875 ], [ -76.4766, 37.4657 ], [ -79.3167, 37.7393 ] ] ] } },
{ "type": "Feature", "properties": { "frame_id": 22650, "rollout": "P4", "region_name": "Manitoba", "orbit_pass": "DESCENDING" }, "geometry": { "type": "Polygon", "coordinates": [ [ [ -101.2721, 50.3095 ], [ -100.9053, 51.835 ], [ -97.2774, 51.5511 ], [ -97.758, 50.0378 ], [ -101.2721, 50.3095 ] ] ] } },
{ "type": "Feature", "properties": { "frame_id": 22651, "rollout": "P4", "region_name": "Saskatchewan", "orbit_pass": "DESCENDING" }, "geometry": { "type": "Polygon", "coordinates": [ [ [ -101.5811, 48.9881 ], [ -101.2231, 50.5143 ], [ -97.6967, 50.2319 ], [ -98.1603, 48.7175 ], [ -101.5811, 48.9881 ] ] ] } },
{ "type": "Feature", "properties": { "frame_id": 22652, "rollout": "P4", "region_name": "Saskatchewan", "orbit_pass": "DESCENDING" }, "geometry": { "type": "Polygon", "coordinates": [ [ [ -101.8834, 47.6662 ], [ -101.5332, 49.1929 ], [ -98.1011, 48.9117 ], [ -98.5551, 47.3969 ], [ -101.8834, 47.6662 ] ] ] } },
{ "type": "Feature", "properties": { "frame_id": 22653, "rollout": "P4", "region_name": "North Dakota", "orbit_pass": "DESCENDING" }, "geometry": { "type": "Polygon", "coordinates": [ [ [ -102.1828, 46.344 ], [ -101.8365, 47.8709 ], [ -98.4978, 47.5913 ], [ -98.9321, 46.0748 ], [ -102.1828, 46.344 ] ] ] } },
{ "type": "Feature", "properties": { "frame_id": 22654, "rollout": "P4", "region_name": "South Dakota", "orbit_pass": "DESCENDING" }, "geometry": { "type": "Polygon", "coordinates": [ [ [ -102.4752, 45.021 ], [ -102.1368, 46.5488 ], [ -98.8766, 46.2692 ], [ -99.2984, 44.7517 ], [ -102.4752, 45.021 ] ] ] } },
{ "type": "Feature", "properties": { "frame_id": 22655, "rollout": "P4", "region_name": "South Dakota", "orbit_pass": "DESCENDING" }, "geometry": { "type": "Polygon", "coordinates": [ [ [ -102.7612, 43.6974 ], [ -102.43, 45.2259 ], [ -99.2444, 44.9462 ], [ -99.655, 43.4279 ], [ -102.7612, 43.6974 ] ] ] } },
{ "type": "Feature", "properties": { "frame_id": 22656, "rollout": "P4", "region_name": "Nebraska", "orbit_pass": "DESCENDING" }, "geometry": { "type": "Polygon", "coordinates": [ [ [ -103.0428, 42.3733 ], [ -102.7167, 43.9023 ], [ -99.6025, 43.6223 ], [ -100.0027, 42.1032 ], [ -103.0428, 42.3733 ] ] ] } },
{ "type": "Feature", "properties": { "frame_id": 22657, "rollout": "P4", "region_name": "Nebraska", "orbit_pass": "DESCENDING" }, "geometry": { "type": "Polygon", "coordinates": [ [ [ -103.3207, 41.0487 ], [ -102.9991, 42.5781 ], [ -99.9515, 42.2977 ], [ -100.3424, 40.7778 ], [ -103.3207, 41.0487 ] ] ] } },
{ "type": "Feature", "properties": { "frame_id": 22658, "rollout": "P4", "region_name": "Kansas", "orbit_pass": "DESCENDING" }, "geometry": { "type": "Polygon", "coordinates": [ [ [ -103.5963, 39.7237 ], [ -103.2775, 41.2535 ], [ -100.2923, 40.9724 ], [ -100.6747, 39.4517 ], [ -103.5963, 39.7237 ] ] ] } },
{ "type": "Feature", "properties": { "frame_id": 22659, "rollout": "P4", "region_name": "Kansas", "orbit_pass": "DESCENDING" }, "geometry": { "type": "Polygon", "coordinates": [ [ [ -103.8678, 38.3981 ], [ -103.5537, 39.9285 ], [ -100.6257, 39.6463 ], [ -101.0004, 38.1249 ], [ -103.8678, 38.3981 ] ] ] } },
{ "type": "Feature", "properties": { "frame_id": 22916, "rollout": "P4", "region_name": "British Columbia", "orbit_pass": "DESCENDING" }, "geometry": { "type": "Polygon", "coordinates": [ [ [ -125.1523, 53.6016 ], [ -124.7584, 55.1255 ], [ -120.8448, 54.8356 ], [ -121.3764, 53.3254 ], [ -125.1523, 53.6016 ] ] ] } },
{ "type": "Feature", "properties": { "frame_id": 22917, "rollout": "P4", "region_name": "British Columbia", "orbit_pass": "DESCENDING" }, "geometry": { "type": "Polygon", "coordinates": [ [ [ -125.4819, 52.2817 ], [ -125.0997, 53.8063 ], [ -121.3088, 53.5193 ], [ -121.8182, 52.0078 ], [ -125.4819, 52.2817 ] ] ] } },
{ "type": "Feature", "properties": { "frame_id": 22918, "rollout": "P4", "region_name": "British Columbia", "orbit_pass": "DESCENDING" }, "geometry": { "type": "Polygon", "coordinates": [ [ [ -125.804, 50.9613 ], [ -125.4309, 52.4864 ], [ -121.7533, 52.2018 ], [ -122.2429, 50.689 ], [ -125.804, 50.9613 ] ] ] } },
{ "type": "Feature", "properties": { "frame_id": 22919, "rollout": "P4", "region_name": "British Columbia", "orbit_pass": "DESCENDING" }, "geometry": { "type": "Polygon", "coordinates": [ [ [ -126.1166, 49.6402 ], [ -125.7543, 51.166 ], [ -122.1805, 50.8831 ], [ -122.6522, 49.3692 ], [ -126.1166, 49.6402 ] ] ] } },
{ "type": "Feature", "properties": { "frame_id": 22920, "rollout": "P4", "region_name": "Washington", "orbit_pass": "DESCENDING" }, "geometry": { "type": "Polygon", "coordinates": [ [ [ -126.4221, 48.3185 ], [ -126.0681, 49.8449 ], [ -122.592, 49.5634 ], [ -123.0477, 48.0484 ], [ -126.4221, 48.3185 ] ] ] } },
{ "type": "Feature", "properties": { "frame_id": 22921, "rollout": "P4", "region_name": "Washington", "orbit_pass": "DESCENDING" }, "geometry": { "type": "Polygon", "coordinates": [ [ [ -126.7213, 46.9962 ], [ -126.3747, 48.5233 ], [ -122.9895, 48.2427 ], [ -123.4306, 46.7267 ], [ -126.7213, 46.9962 ] ] ] } },
{ "type": "Feature", "properties": { "frame_id": 22922, "rollout": "P4", "region_name": "Washington", "orbit_pass": "DESCENDING" }, "geometry": { "type": "Polygon", "coordinates": [ [ [ -127.0163, 45.6736 ], [ -126.6748, 47.201 ], [ -123.3742, 46.921 ], [ -123.8022, 45.4041 ], [ -127.0163, 45.6736 ] ] ] } },
{ "type": "Feature", "properties": { "frame_id": 22923, "rollout": "P4", "region_name": "Oregon", "orbit_pass": "DESCENDING" }, "geometry": { "type": "Polygon", "coordinates": [ [ [ -127.3047, 44.3502 ], [ -126.9708, 45.8784 ], [ -123.7474, 45.5985 ], [ -124.1636, 44.0806 ], [ -127.3047, 44.3502 ] ] ] } },
{ "type": "Feature", "properties": { "frame_id": 22924, "rollout": "P4", "region_name": "Oregon", "orbit_pass": "DESCENDING" }, "geometry": { "type": "Polygon", "coordinates": [ [ [ -127.5885, 43.0263 ], [ -127.2599, 44.555 ], [ -124.1104, 44.2751 ], [ -124.5157, 42.7563 ], [ -127.5885, 43.0263 ] ] ] } },
{ "type": "Feature", "properties": { "frame_id": 22925, "rollout": "P4", "region_name": "Oregon", "orbit_pass": "DESCENDING" }, "geometry": { "type": "Polygon", "coordinates": [ [ [ -127.8683, 41.702 ], [ -127.5444, 43.2312 ], [ -124.4638, 42.9508 ], [ -124.8594, 41.4313 ], [ -127.8683, 41.702 ] ] ] } },
{ "type": "Feature", "properties": { "frame_id": 23441, "rollout": "P4", "region_name": "Alaska", "orbit_pass": "DESCENDING" }, "geometry": { "type": "Polygon", "coordinates": [ [ [ -169.1858, 69.3516 ], [ -168.4019, 70.8625 ], [ -161.6942, 70.4484 ], [ -162.9216, 68.9722 ], [ -169.1858, 69.3516 ] ] ] } },
{ "type": "Feature", "properties": { "frame_id": 23442, "rollout": "P4", "region_name": "Alaska", "orbit_pass": "DESCENDING" }, "geometry": { "type": "Polygon", "coordinates": [ [ [ -169.8037, 68.0427 ], [ -169.0846, 69.5552 ], [ -162.7708, 69.1626 ], [ -163.879, 67.6809 ], [ -169.8037, 68.0427 ] ] ] } },
{ "type": "Feature", "properties": { "frame_id": 23443, "rollout": "P4", "region_name": "Alaska", "orbit_pass": "DESCENDING" }, "geometry": { "type": "Polygon", "coordinates": [ [ [ -170.3691, 66.7321 ], [ -169.7109, 68.2465 ], [ -163.7421, 67.8719 ], [ -164.7506, 66.3856 ], [ -170.3691, 66.7321 ] ] ] } },
{ "type": "Feature", "properties": { "frame_id": 23444, "rollout": "P4", "region_name": "Alaska", "orbit_pass": "DESCENDING" }, "geometry": { "type": "Polygon", "coordinates": [ [ [ -170.8939, 65.4203 ], [ -170.2833, 66.9361 ], [ -164.6256, 66.5771 ], [ -165.5498, 65.0868 ], [ -170.8939, 65.4203 ] ] ] } },
{ "type": "Feature", "properties": { "frame_id": 23445, "rollout": "P4", "region_name": "Alaska", "orbit_pass": "DESCENDING" }, "geometry": { "type": "Polygon", "coordinates": [ [ [ -171.3842, 64.1074 ], [ -170.814, 65.6244 ], [ -165.4347, 65.2788 ], [ -166.2872, 63.7851 ], [ -171.3842, 64.1074 ] ] ] } },
{ "type": "Feature", "properties": { "frame_id": 23446, "rollout": "P4", "region_name": "Alaska", "orbit_pass": "DESCENDING" }, "geometry": { "type": "Polygon", "coordinates": [ [ [ -171.8483, 62.7936 ], [ -171.3094, 64.3115 ], [ -166.1808, 63.9774 ], [ -166.9716, 62.4807 ], [ -171.8483, 62.7936 ] ] ] } },
{ "type": "Feature", "properties": { "frame_id": 23448, "rollout": "P4", "region_name": "Alaska", "orbit_pass": "DESCENDING" }, "geometry": { "type": "Polygon", "coordinates": [ [ [ -172.6978, 60.163 ], [ -172.2171, 61.6831 ], [ -167.5175, 61.367 ], [ -168.2087, 59.8654 ], [ -172.6978, 60.163 ] ] ] } },
{ "type": "Feature", "properties": { "frame_id": 23449, "rollout": "P4", "region_name": "Alaska", "orbit_pass": "DESCENDING" }, "geometry": { "type": "Polygon", "coordinates": [ [ [ -173.0927, 58.8465 ], [ -172.6342, 60.3675 ], [ -168.1216, 60.0585 ], [ -168.7723, 58.5548 ], [ -173.0927, 58.8465 ] ] ] } },
{ "type": "Feature", "properties": { "frame_id": 23454, "rollout": "P4", "region_name": "Alaska", "orbit_pass": "DESCENDING" }, "geometry": { "type": "Polygon", "coordinates": [ [ [ -174.8606, 52.2536 ], [ -174.4786, 53.7783 ], [ -170.6927, 53.4917 ], [ -171.2016, 51.98 ], [ -174.8606, 52.2536 ] ] ] } },
{ "type": "Feature", "properties": { "frame_id": 23455, "rollout": "P4", "region_name": "Alaska", "orbit_pass": "DESCENDING" }, "geometry": { "type": "Polygon", "coordinates": [ [ [ -175.1825, 50.9332 ], [ -174.8096, 52.4583 ], [ -171.1368, 52.1741 ], [ -171.6259, 50.6612 ], [ -175.1825, 50.9332 ] ] ] } },
{ "type": "Feature", "properties": { "frame_id": 24196, "rollout": "P4", "region_name": "Maine", "orbit_pass": "ASCENDING" }, "geometry": { "type": "Polygon", "coordinates": [ [ [ -67.6675, 43.3201 ], [ -64.6179, 43.8305 ], [ -64.292, 42.3015 ], [ -67.2694, 41.8008 ], [ -67.6675, 43.3201 ] ] ] } },
{ "type": "Feature", "properties": { "frame_id": 24197, "rollout": "P4", "region_name": "Maine", "orbit_pass": "ASCENDING" }, "geometry": { "type": "Polygon", "coordinates": [ [ [ -68.0233, 44.6441 ], [ -64.9044, 45.1541 ], [ -64.5735, 43.6256 ], [ -67.6152, 43.1256 ], [ -68.0233, 44.6441 ] ] ] } },
{ "type": "Feature", "properties": { "frame_id": 24198, "rollout": "P4", "region_name": "Maine", "orbit_pass": "ASCENDING" }, "geometry": { "type": "Polygon", "coordinates": [ [ [ -68.3889, 45.9673 ], [ -65.1973, 46.477 ], [ -64.8593, 44.9493 ], [ -67.9697, 44.4497 ], [ -68.3889, 45.9673 ] ] ] } },
{ "type": "Feature", "properties": { "frame_id": 24199, "rollout": "P4", "region_name": "Maine", "orbit_pass": "ASCENDING" }, "geometry": { "type": "Polygon", "coordinates": [ [ [ -68.7652, 47.2896 ], [ -65.4941, 47.7996 ], [ -65.1513, 46.2723 ], [ -68.3338, 45.7729 ], [ -68.7652, 47.2896 ] ] ] } },
{ "type": "Feature", "properties": { "frame_id": 24200, "rollout": "P4", "region_name": "Quebec", "orbit_pass": "ASCENDING" }, "geometry": { "type": "Polygon", "coordinates": [ [ [ -69.1531, 48.6111 ], [ -65.797, 49.1216 ], [ -65.4472, 47.5948 ], [ -68.7083, 47.0953 ], [ -69.1531, 48.6111 ] ] ] } },
{ "type": "Feature", "properties": { "frame_id": 24201, "rollout": "P4", "region_name": "Quebec", "orbit_pass": "ASCENDING" }, "geometry": { "type": "Polygon", "coordinates": [ [ [ -69.5543, 49.9315 ], [ -66.1067, 50.443 ], [ -65.7491, 48.9168 ], [ -69.0944, 48.4168 ], [ -69.5543, 49.9315 ] ] ] } },
{ "type": "Feature", "properties": { "frame_id": 24462, "rollout": "P4", "region_name": "Missouri", "orbit_pass": "ASCENDING" }, "geometry": { "type": "Polygon", "coordinates": [ [ [ -91.4966, 40.0194 ], [ -88.6025, 40.5314 ], [ -88.2862, 39.0012 ], [ -91.12, 38.4981 ], [ -91.4966, 40.0194 ] ] ] } },
{ "type": "Feature", "properties": { "frame_id": 24463, "rollout": "P4", "region_name": "Missouri", "orbit_pass": "ASCENDING" }, "geometry": { "type": "Polygon", "coordinates": [ [ [ -91.832, 41.3453 ], [ -88.879, 41.8563 ], [ -88.5597, 40.3266 ], [ -91.4473, 39.8248 ], [ -91.832, 41.3453 ] ] ] } },
{ "type": "Feature", "properties": { "frame_id": 24464, "rollout": "P4", "region_name": "Iowa", "orbit_pass": "ASCENDING" }, "geometry": { "type": "Polygon", "coordinates": [ [ [ -92.1798, 42.6698 ], [ -89.1591, 43.1808 ], [ -88.8356, 41.6515 ], [ -91.7816, 41.1507 ], [ -92.1798, 42.6698 ] ] ] } },
{ "type": "Feature", "properties": { "frame_id": 24465, "rollout": "P4", "region_name": "Iowa", "orbit_pass": "ASCENDING" }, "geometry": { "type": "Polygon", "coordinates": [ [ [ -92.5313, 43.9942 ], [ -89.4463, 44.5044 ], [ -89.115, 42.976 ], [ -92.1282, 42.4753 ], [ -92.5313, 43.9942 ] ] ] } },
{ "type": "Feature", "properties": { "frame_id": 24466, "rollout": "P4", "region_name": "Wisconsin", "orbit_pass": "ASCENDING" }, "geometry": { "type": "Polygon", "coordinates": [ [ [ -92.8919, 45.3179 ], [ -89.7366, 45.8276 ], [ -89.4015, 44.2996 ], [ -92.4783, 43.7998 ], [ -92.8919, 45.3179 ] ] ] } },
{ "type": "Feature", "properties": { "frame_id": 24467, "rollout": "P4", "region_name": "Wisconsin", "orbit_pass": "ASCENDING" }, "geometry": { "type": "Polygon", "coordinates": [ [ [ -93.2628, 46.6407 ], [ -90.0307, 47.1505 ], [ -89.6911, 45.6228 ], [ -92.8375, 45.1235 ], [ -93.2628, 46.6407 ] ] ] } },
{ "type": "Feature", "properties": { "frame_id": 24468, "rollout": "P4", "region_name": "Wisconsin", "orbit_pass": "ASCENDING" }, "geometry": { "type": "Polygon", "coordinates": [ [ [ -93.6449, 47.9626 ], [ -90.3304, 48.4728 ], [ -89.9843, 46.9457 ], [ -93.2068, 46.4463 ], [ -93.6449, 47.9626 ] ] ] } },
{ "type": "Feature", "properties": { "frame_id": 24469, "rollout": "P4", "region_name": "Ontario", "orbit_pass": "ASCENDING" }, "geometry": { "type": "Polygon", "coordinates": [ [ [ -94.0394, 49.2835 ], [ -90.6367, 49.7945 ], [ -90.2831, 48.268 ], [ -93.5872, 47.7683 ], [ -94.0394, 49.2835 ] ] ] } },
{ "type": "Feature", "properties": { "frame_id": 24470, "rollout": "P4", "region_name": "Ontario", "orbit_pass": "ASCENDING" }, "geometry": { "type": "Polygon", "coordinates": [ [ [ -94.4477, 50.6035 ], [ -90.952, 51.1155 ], [ -90.5882, 49.5898 ], [ -93.9796, 49.0893 ], [ -94.4477, 50.6035 ] ] ] } },
{ "type": "Feature", "properties": { "frame_id": 24471, "rollout": "P4", "region_name": "Ontario", "orbit_pass": "ASCENDING" }, "geometry": { "type": "Polygon", "coordinates": [ [ [ -94.3858, 50.4094 ], [ -94.8713, 51.9224 ], [ -91.2734, 52.4361 ], [ -90.9024, 50.9108 ], [ -94.3858, 50.4094 ] ] ] } },
{ "type": "Feature", "properties": { "frame_id": 24729, "rollout": "P4", "region_name": "Arizona", "orbit_pass": "ASCENDING" }, "geometry": { "type": "Polygon", "coordinates": [ [ [ -115.6923, 38.0371 ], [ -112.8787, 38.551 ], [ -112.568, 37.02 ], [ -115.3261, 36.5148 ], [ -115.6923, 38.0371 ] ] ] } },
{ "type": "Feature", "properties": { "frame_id": 24730, "rollout": "P4", "region_name": "Nevada", "orbit_pass": "ASCENDING" }, "geometry": { "type": "Polygon", "coordinates": [ [ [ -116.0175, 39.3641 ], [ -113.1505, 39.8767 ], [ -112.8366, 38.3462 ], [ -115.6445, 37.8425 ], [ -116.0175, 39.3641 ] ] ] } },
{ "type": "Feature", "properties": { "frame_id": 24731, "rollout": "P4", "region_name": "Nevada", "orbit_pass": "ASCENDING" }, "geometry": { "type": "Polygon", "coordinates": [ [ [ -116.3493, 40.6904 ], [ -113.4261, 41.2019 ], [ -113.1079, 39.6719 ], [ -115.9688, 39.1695 ], [ -116.3493, 40.6904 ] ] ] } },
{ "type": "Feature", "properties": { "frame_id": 24732, "rollout": "P4", "region_name": "Nevada", "orbit_pass": "ASCENDING" }, "geometry": { "type": "Polygon", "coordinates": [ [ [ -116.6885, 42.0161 ], [ -113.7044, 42.5266 ], [ -113.383, 40.9971 ], [ -116.2995, 40.4959 ], [ -116.6885, 42.0161 ] ] ] } },
{ "type": "Feature", "properties": { "frame_id": 24733, "rollout": "P4", "region_name": "Nevada", "orbit_pass": "ASCENDING" }, "geometry": { "type": "Polygon", "coordinates": [ [ [ -117.0356, 43.3409 ], [ -113.9865, 43.8509 ], [ -113.6607, 42.3218 ], [ -116.6375, 41.8215 ], [ -117.0356, 43.3409 ] ] ] } },
{ "type": "Feature", "properties": { "frame_id": 24734, "rollout": "P4", "region_name": "Oregon", "orbit_pass": "ASCENDING" }, "geometry": { "type": "Polygon", "coordinates": [ [ [ -117.3914, 44.665 ], [ -114.273, 45.1746 ], [ -113.9421, 43.646 ], [ -116.9833, 43.1464 ], [ -117.3914, 44.665 ] ] ] } },
{ "type": "Feature", "properties": { "frame_id": 24735, "rollout": "P4", "region_name": "Washington", "orbit_pass": "ASCENDING" }, "geometry": { "type": "Polygon", "coordinates": [ [ [ -117.7571, 45.9883 ], [ -114.5658, 46.4976 ], [ -114.2279, 44.9698 ], [ -117.3378, 44.4706 ], [ -117.7571, 45.9883 ] ] ] } },
{ "type": "Feature", "properties": { "frame_id": 24736, "rollout": "P4", "region_name": "Washington", "orbit_pass": "ASCENDING" }, "geometry": { "type": "Polygon", "coordinates": [ [ [ -118.1333, 47.3107 ], [ -114.8626, 47.8202 ], [ -114.5198, 46.2928 ], [ -117.7019, 45.7939 ], [ -118.1333, 47.3107 ] ] ] } },
{ "type": "Feature", "properties": { "frame_id": 24737, "rollout": "P4", "region_name": "Washington", "orbit_pass": "ASCENDING" }, "geometry": { "type": "Polygon", "coordinates": [ [ [ -118.5214, 48.6322 ], [ -115.1654, 49.1423 ], [ -114.8157, 47.6155 ], [ -118.0765, 47.1164 ], [ -118.5214, 48.6322 ] ] ] } },
{ "type": "Feature", "properties": { "frame_id": 24738, "rollout": "P4", "region_name": "Washington", "orbit_pass": "ASCENDING" }, "geometry": { "type": "Polygon", "coordinates": [ [ [ -118.9226, 49.9528 ], [ -115.4751, 50.4638 ], [ -115.1176, 48.9376 ], [ -118.4626, 48.438 ], [ -118.9226, 49.9528 ] ] ] } },
{ "type": "Feature", "properties": { "frame_id": 24739, "rollout": "P4", "region_name": "British Columbia", "orbit_pass": "ASCENDING" }, "geometry": { "type": "Polygon", "coordinates": [ [ [ -119.3443, 51.2715 ], [ -115.7943, 51.7846 ], [ -115.4261, 50.2591 ], [ -118.8677, 49.7578 ], [ -119.3443, 51.2715 ] ] ] } },
{ "type": "Feature", "properties": { "frame_id": 25014, "rollout": "P4", "region_name": "Alaska", "orbit_pass": "ASCENDING" }, "geometry": { "type": "Polygon", "coordinates": [ [ [ -147.233, 59.8282 ], [ -142.8175, 60.3651 ], [ -142.3593, 58.8441 ], [ -146.589, 58.3241 ], [ -147.233, 59.8282 ] ] ] } },
{ "type": "Feature", "properties": { "frame_id": 25015, "rollout": "P4", "region_name": "Alaska", "orbit_pass": "ASCENDING" }, "geometry": { "type": "Polygon", "coordinates": [ [ [ -147.8305, 61.1371 ], [ -143.2384, 61.6804 ], [ -142.758, 60.1603 ], [ -147.1469, 59.6351 ], [ -147.8305, 61.1371 ] ] ] } },
{ "type": "Feature", "properties": { "frame_id": 25016, "rollout": "P4", "region_name": "Alaska", "orbit_pass": "ASCENDING" }, "geometry": { "type": "Polygon", "coordinates": [ [ [ -148.4676, 62.4439 ], [ -143.6805, 62.995 ], [ -143.1716, 61.4761 ], [ -147.7389, 60.9441 ], [ -148.4676, 62.4439 ] ] ] } },
{ "type": "Feature", "properties": { "frame_id": 25017, "rollout": "P4", "region_name": "Alaska", "orbit_pass": "ASCENDING" }, "geometry": { "type": "Polygon", "coordinates": [ [ [ -149.1505, 63.7484 ], [ -144.9433, 64.2495 ], [ -144.1456, 64.3089 ], [ -143.61, 62.7908 ], [ -148.3697, 62.2512 ], [ -149.1505, 63.7484 ] ] ] } },
{ "type": "Feature", "properties": { "frame_id": 25018, "rollout": "P4", "region_name": "Alaska", "orbit_pass": "ASCENDING" }, "geometry": { "type": "Polygon", "coordinates": [ [ [ -149.8861, 65.0503 ], [ -145.4781, 65.5613 ], [ -144.6406, 65.6218 ], [ -144.0708, 64.1048 ], [ -149.0455, 63.556 ], [ -149.8861, 65.0503 ] ] ] } },
{ "type": "Feature", "properties": { "frame_id": 25019, "rollout": "P4", "region_name": "Alaska", "orbit_pass": "ASCENDING" }, "geometry": { "type": "Polygon", "coordinates": [ [ [ -150.6833, 66.3492 ], [ -146.0528, 66.8717 ], [ -145.1711, 66.9335 ], [ -144.5608, 65.4177 ], [ -149.7726, 64.8583 ], [ -150.6833, 66.3492 ] ] ] } },
{ "type": "Feature", "properties": { "frame_id": 25020, "rollout": "P4", "region_name": "Alaska", "orbit_pass": "ASCENDING" }, "geometry": { "type": "Polygon", "coordinates": [ [ [ -151.5526, 67.6447 ], [ -145.7468, 68.2437 ], [ -145.0854, 66.7296 ], [ -150.5602, 66.1576 ], [ -151.5526, 67.6447 ] ] ] } },
{ "type": "Feature", "properties": { "frame_id": 25021, "rollout": "P4", "region_name": "Alaska", "orbit_pass": "ASCENDING" }, "geometry": { "type": "Polygon", "coordinates": [ [ [ -152.5071, 68.9361 ], [ -146.3689, 69.5527 ], [ -145.6541, 68.0399 ], [ -151.4179, 67.4535 ], [ -152.5071, 68.9361 ] ] ] } },
{ "type": "Feature", "properties": { "frame_id": 25022, "rollout": "P4", "region_name": "Alaska", "orbit_pass": "ASCENDING" }, "geometry": { "type": "Polygon", "coordinates": [ [ [ -153.5635, 70.2229 ], [ -147.051, 70.86 ], [ -146.2677, 69.3491 ], [ -152.3589, 68.7456 ], [ -153.5635, 70.2229 ] ] ] } },
{ "type": "Feature", "properties": { "frame_id": 25023, "rollout": "P4", "region_name": "Alaska", "orbit_pass": "ASCENDING" }, "geometry": { "type": "Polygon", "coordinates": [ [ [ -154.7422, 71.5041 ], [ -147.8064, 72.1654 ], [ -146.9397, 70.6567 ], [ -153.399, 70.0331 ], [ -154.7422, 71.5041 ] ] ] } },
{ "type": "Feature", "properties": { "frame_id": 25278, "rollout": "P4", "region_name": "Alaska", "orbit_pass": "ASCENDING" }, "geometry": { "type": "Polygon", "coordinates": [ [ [ -169.6089, 53.931 ], [ -165.8404, 54.4482 ], [ -165.4526, 52.9239 ], [ -169.0928, 52.4198 ], [ -169.6089, 53.931 ] ] ] } },
{ "type": "Feature", "properties": { "frame_id": 25280, "rollout": "P4", "region_name": "Alaska", "orbit_pass": "ASCENDING" }, "geometry": { "type": "Polygon", "coordinates": [ [ [ -170.5726, 56.5616 ], [ -166.549, 57.0853 ], [ -166.1321, 55.5626 ], [ -170.0078, 55.0533 ], [ -170.5726, 56.5616 ] ] ] } },
{ "type": "Feature", "properties": { "frame_id": 25281, "rollout": "P4", "region_name": "Alaska", "orbit_pass": "ASCENDING" }, "geometry": { "type": "Polygon", "coordinates": [ [ [ -171.0912, 57.8747 ], [ -166.9221, 58.4029 ], [ -166.4917, 56.8808 ], [ -170.4974, 56.368 ], [ -171.0912, 57.8747 ] ] ] } },
{ "type": "Feature", "properties": { "frame_id": 25285, "rollout": "P4", "region_name": "Alaska", "orbit_pass": "ASCENDING" }, "geometry": { "type": "Polygon", "coordinates": [ [ [ -173.4954, 63.1095 ], [ -168.6012, 63.6652 ], [ -168.0804, 62.1466 ], [ -172.7408, 61.6111 ], [ -173.4954, 63.1095 ] ] ] } },
{ "type": "Feature", "properties": { "frame_id": 25286, "rollout": "P4", "region_name": "Alaska", "orbit_pass": "ASCENDING" }, "geometry": { "type": "Polygon", "coordinates": [ [ [ -174.2042, 64.4127 ], [ -169.8984, 64.9186 ], [ -169.081, 64.9785 ], [ -168.5285, 63.461 ], [ -173.3939, 62.917 ], [ -174.2042, 64.4127 ] ] ] } },
{ "type": "Feature", "properties": { "frame_id": 26417, "rollout": "P4", "region_name": "Illinois", "orbit_pass": "DESCENDING" }, "geometry": { "type": "Polygon", "coordinates": [ [ [ -89.2325, 39.5494 ], [ -88.9143, 41.0793 ], [ -85.9375, 40.7981 ], [ -86.3187, 39.2773 ], [ -89.2325, 39.5494 ] ] ] } },
{ "type": "Feature", "properties": { "frame_id": 26418, "rollout": "P4", "region_name": "Kentucky", "orbit_pass": "DESCENDING" }, "geometry": { "type": "Polygon", "coordinates": [ [ [ -89.5035, 38.2237 ], [ -89.1899, 39.7542 ], [ -86.2699, 39.4719 ], [ -86.6435, 37.9504 ], [ -89.5035, 38.2237 ] ] ] } },
{ "type": "Feature", "properties": { "frame_id": 26677, "rollout": "P4", "region_name": "Saskatchewan", "orbit_pass": "DESCENDING" }, "geometry": { "type": "Polygon", "coordinates": [ [ [ -111.4451, 50.7918 ], [ -111.0733, 52.317 ], [ -107.4095, 52.0327 ], [ -107.8966, 50.5198 ], [ -111.4451, 50.7918 ] ] ] } },
{ "type": "Feature", "properties": { "frame_id": 26678, "rollout": "P4", "region_name": "Saskatchewan", "orbit_pass": "DESCENDING" }, "geometry": { "type": "Polygon", "coordinates": [ [ [ -111.7567, 49.4707 ], [ -111.3956, 50.9966 ], [ -107.8345, 50.7139 ], [ -108.304, 49.1999 ], [ -111.7567, 49.4707 ] ] ] } },
{ "type": "Feature", "properties": { "frame_id": 26679, "rollout": "P4", "region_name": "Saskatchewan", "orbit_pass": "DESCENDING" }, "geometry": { "type": "Polygon", "coordinates": [ [ [ -112.0613, 48.1489 ], [ -111.7084, 49.6754 ], [ -108.2441, 49.3941 ], [ -108.6978, 47.879 ], [ -112.0613, 48.1489 ] ] ] } },
{ "type": "Feature", "properties": { "frame_id": 26680, "rollout": "P4", "region_name": "Montana", "orbit_pass": "DESCENDING" }, "geometry": { "type": "Polygon", "coordinates": [ [ [ -112.3597, 46.8266 ], [ -112.014, 48.3537 ], [ -108.6398, 48.0732 ], [ -109.0792, 46.5571 ], [ -112.3597, 46.8266 ] ] ] } },
{ "type": "Feature", "properties": { "frame_id": 26681, "rollout": "P4", "region_name": "Montana", "orbit_pass": "DESCENDING" }, "geometry": { "type": "Polygon", "coordinates": [ [ [ -112.654, 45.5039 ], [ -112.3133, 47.0314 ], [ -109.023, 46.7515 ], [ -109.4493, 45.2344 ], [ -112.654, 45.5039 ] ] ] } },
{ "type": "Feature", "properties": { "frame_id": 26682, "rollout": "P4", "region_name": "Wyoming", "orbit_pass": "DESCENDING" }, "geometry": { "type": "Polygon", "coordinates": [ [ [ -112.9417, 44.1805 ], [ -112.6085, 45.7087 ], [ -109.3948, 45.4288 ], [ -109.8095, 43.9109 ], [ -112.9417, 44.1805 ] ] ] } },
{ "type": "Feature", "properties": { "frame_id": 26683, "rollout": "P4", "region_name": "Wyoming", "orbit_pass": "DESCENDING" }, "geometry": { "type": "Polygon", "coordinates": [ [ [ -113.225, 42.8566 ], [ -112.897, 44.3853 ], [ -109.7564, 44.1053 ], [ -110.1604, 42.5865 ], [ -113.225, 42.8566 ] ] ] } },
{ "type": "Feature", "properties": { "frame_id": 26684, "rollout": "P4", "region_name": "Utah", "orbit_pass": "DESCENDING" }, "geometry": { "type": "Polygon", "coordinates": [ [ [ -113.5043, 41.5321 ], [ -113.181, 43.0614 ], [ -110.1087, 42.781 ], [ -110.5031, 41.2614 ], [ -113.5043, 41.5321 ] ] ] } },
{ "type": "Feature", "properties": { "frame_id": 26685, "rollout": "P4", "region_name": "Utah", "orbit_pass": "DESCENDING" }, "geometry": { "type": "Polygon", "coordinates": [ [ [ -113.7811, 40.2073 ], [ -113.4609, 41.7369 ], [ -110.4525, 41.4559 ], [ -110.8381, 39.9355 ], [ -113.7811, 40.2073 ] ] ] } },
{ "type": "Feature", "properties": { "frame_id": 26686, "rollout": "P4", "region_name": "Nevada", "orbit_pass": "DESCENDING" }, "geometry": { "type": "Polygon", "coordinates": [ [ [ -114.0537, 38.8819 ], [ -113.7383, 40.4121 ], [ -110.7887, 40.1301 ], [ -111.1663, 38.609 ], [ -114.0537, 38.8819 ] ] ] } },
{ "type": "Feature", "properties": { "frame_id": 26687, "rollout": "P4", "region_name": "Nevada", "orbit_pass": "DESCENDING" }, "geometry": { "type": "Polygon", "coordinates": [ [ [ -114.3235, 37.556 ], [ -114.0114, 39.0867 ], [ -111.1179, 38.8036 ], [ -111.4923, 37.2824 ], [ -114.3235, 37.556 ] ] ] } },
{ "type": "Feature", "properties": { "frame_id": 26688, "rollout": "P4", "region_name": "Nevada", "orbit_pass": "DESCENDING" }, "geometry": { "type": "Polygon", "coordinates": [ [ [ -114.5931, 36.23 ], [ -114.2816, 37.7608 ], [ -111.4448, 37.4771 ], [ -111.8082, 35.9546 ], [ -114.5931, 36.23 ] ] ] } },
{ "type": "Feature", "properties": { "frame_id": 26938, "rollout": "P4", "region_name": "British Columbia", "orbit_pass": "DESCENDING" }, "geometry": { "type": "Polygon", "coordinates": [ [ [ -133.4579, 60.6697 ], [ -132.9638, 62.189 ], [ -128.1905, 61.8701 ], [ -128.8989, 60.3695 ], [ -133.4579, 60.6697 ] ] ] } },
{ "type": "Feature", "properties": { "frame_id": 26939, "rollout": "P4", "region_name": "British Columbia", "orbit_pass": "DESCENDING" }, "geometry": { "type": "Polygon", "coordinates": [ [ [ -133.8597, 59.3535 ], [ -133.3931, 60.8741 ], [ -128.8098, 60.5625 ], [ -129.4754, 59.0596 ], [ -133.8597, 59.3535 ] ] ] } },
{ "type": "Feature", "properties": { "frame_id": 26940, "rollout": "P4", "region_name": "British Columbia", "orbit_pass": "DESCENDING" }, "geometry": { "type": "Polygon", "coordinates": [ [ [ -134.244, 58.0366 ], [ -133.7979, 59.558 ], [ -129.3915, 59.2529 ], [ -130.0198, 57.7481 ], [ -134.244, 58.0366 ] ] ] } },
{ "type": "Feature", "properties": { "frame_id": 26941, "rollout": "P4", "region_name": "British Columbia", "orbit_pass": "DESCENDING" }, "geometry": { "type": "Polygon", "coordinates": [ [ [ -134.6155, 56.7191 ], [ -134.1848, 58.2411 ], [ -129.9403, 57.9415 ], [ -130.5357, 56.435 ], [ -134.6155, 56.7191 ] ] ] } },
{ "type": "Feature", "properties": { "frame_id": 26942, "rollout": "P4", "region_name": "British Columbia", "orbit_pass": "DESCENDING" }, "geometry": { "type": "Polygon", "coordinates": [ [ [ -134.971, 55.4007 ], [ -134.5586, 56.9237 ], [ -130.4603, 56.6285 ], [ -131.0265, 55.1203 ], [ -134.971, 55.4007 ] ] ] } },
{ "type": "Feature", "properties": { "frame_id": 26943, "rollout": "P4", "region_name": "British Columbia", "orbit_pass": "DESCENDING" }, "geometry": { "type": "Polygon", "coordinates": [ [ [ -135.3147, 54.0817 ], [ -134.9161, 55.6054 ], [ -130.9547, 55.3141 ], [ -131.4951, 53.8044 ], [ -135.3147, 54.0817 ] ] ] } },
{ "type": "Feature", "properties": { "frame_id": 26944, "rollout": "P4", "region_name": "British Columbia", "orbit_pass": "DESCENDING" }, "geometry": { "type": "Polygon", "coordinates": [ [ [ -135.6478, 52.762 ], [ -135.2615, 54.2864 ], [ -131.4264, 53.9983 ], [ -131.9436, 52.4872 ], [ -135.6478, 52.762 ] ] ] } },
{ "type": "Feature", "properties": { "frame_id": 26945, "rollout": "P4", "region_name": "British Columbia", "orbit_pass": "DESCENDING" }, "geometry": { "type": "Polygon", "coordinates": [ [ [ -135.9731, 51.4419 ], [ -135.5962, 52.9667 ], [ -131.8778, 52.6812 ], [ -132.3744, 51.1689 ], [ -135.9731, 51.4419 ] ] ] } },
{ "type": "Feature", "properties": { "frame_id": 27199, "rollout": "P4", "region_name": "Alaska", "orbit_pass": "DESCENDING" }, "geometry": { "type": "Polygon", "coordinates": [ [ [ -154.197, 70.4951 ], [ -153.341, 72.0041 ], [ -146.2405, 71.5674 ], [ -147.5922, 70.0969 ], [ -154.197, 70.4951 ] ] ] } },
{ "type": "Feature", "properties": { "frame_id": 27200, "rollout": "P4", "region_name": "Alaska", "orbit_pass": "DESCENDING" }, "geometry": { "type": "Polygon", "coordinates": [ [ [ -154.8616, 69.1874 ], [ -154.087, 70.6985 ], [ -147.4343, 70.2874 ], [ -148.6458, 68.8105 ], [ -154.8616, 69.1874 ] ] ] } },
{ "type": "Feature", "properties": { "frame_id": 27201, "rollout": "P4", "region_name": "Alaska", "orbit_pass": "DESCENDING" }, "geometry": { "type": "Polygon", "coordinates": [ [ [ -155.4773, 67.8786 ], [ -154.7659, 69.3913 ], [ -148.4968, 69.001 ], [ -149.5916, 67.5187 ], [ -155.4773, 67.8786 ] ] ] } },
{ "type": "Feature", "properties": { "frame_id": 27202, "rollout": "P4", "region_name": "Alaska", "orbit_pass": "DESCENDING" }, "geometry": { "type": "Polygon", "coordinates": [ [ [ -156.0372, 66.5679 ], [ -155.3854, 68.0824 ], [ -149.4563, 67.7098 ], [ -150.4536, 66.223 ], [ -156.0372, 66.5679 ] ] ] } },
{ "type": "Feature", "properties": { "frame_id": 27203, "rollout": "P4", "region_name": "Alaska", "orbit_pass": "DESCENDING" }, "geometry": { "type": "Polygon", "coordinates": [ [ [ -156.5574, 65.2559 ], [ -155.9522, 66.7718 ], [ -150.3298, 66.4145 ], [ -151.2445, 64.9239 ], [ -156.5574, 65.2559 ] ] ] } },
{ "type": "Feature", "properties": { "frame_id": 27204, "rollout": "P4", "region_name": "Alaska", "orbit_pass": "DESCENDING" }, "geometry": { "type": "Polygon", "coordinates": [ [ [ -157.0438, 63.9429 ], [ -156.4782, 65.46 ], [ -151.1306, 65.1158 ], [ -151.9749, 63.6218 ], [ -157.0438, 63.9429 ] ] ] } },
{ "type": "Feature", "properties": { "frame_id": 27205, "rollout": "P4", "region_name": "Alaska", "orbit_pass": "DESCENDING" }, "geometry": { "type": "Polygon", "coordinates": [ [ [ -157.5044, 62.6291 ], [ -156.9695, 64.1471 ], [ -151.8694, 63.8142 ], [ -152.6532, 62.3172 ], [ -157.5044, 62.6291 ] ] ] } },
{ "type": "Feature", "properties": { "frame_id": 27206, "rollout": "P4", "region_name": "Alaska", "orbit_pass": "DESCENDING" }, "geometry": { "type": "Polygon", "coordinates": [ [ [ -157.9372, 61.3142 ], [ -157.4344, 62.8334 ], [ -152.555, 62.5099 ], [ -153.2865, 61.0103 ], [ -157.9372, 61.3142 ] ] ] } },
{ "type": "Feature", "properties": { "frame_id": 27207, "rollout": "P4", "region_name": "Alaska", "orbit_pass": "DESCENDING" }, "geometry": { "type": "Polygon", "coordinates": [ [ [ -158.3485, 59.9984 ], [ -157.8708, 61.5185 ], [ -153.1946, 61.2032 ], [ -153.8804, 59.7014 ], [ -158.3485, 59.9984 ] ] ] } },
{ "type": "Feature", "properties": { "frame_id": 27208, "rollout": "P4", "region_name": "Alaska", "orbit_pass": "DESCENDING" }, "geometry": { "type": "Polygon", "coordinates": [ [ [ -158.7412, 58.6818 ], [ -158.2853, 60.2028 ], [ -153.794, 59.8945 ], [ -154.4401, 58.3907 ], [ -158.7412, 58.6818 ] ] ] } },
{ "type": "Feature", "properties": { "frame_id": 27209, "rollout": "P4", "region_name": "Alaska", "orbit_pass": "DESCENDING" }, "geometry": { "type": "Polygon", "coordinates": [ [ [ -159.1176, 57.3644 ], [ -158.6807, 58.8863 ], [ -154.3585, 58.584 ], [ -154.9696, 57.0782 ], [ -159.1176, 57.3644 ] ] ] } },
{ "type": "Feature", "properties": { "frame_id": 27210, "rollout": "P4", "region_name": "Alaska", "orbit_pass": "DESCENDING" }, "geometry": { "type": "Polygon", "coordinates": [ [ [ -159.482, 56.0466 ], [ -159.0595, 57.569 ], [ -154.8923, 57.2717 ], [ -155.4724, 55.7643 ], [ -159.482, 56.0466 ] ] ] } },
{ "type": "Feature", "properties": { "frame_id": 27211, "rollout": "P4", "region_name": "Alaska", "orbit_pass": "DESCENDING" }, "geometry": { "type": "Polygon", "coordinates": [ [ [ -159.8313, 54.7278 ], [ -159.4261, 56.2511 ], [ -155.3988, 55.9579 ], [ -155.9516, 54.449 ], [ -159.8313, 54.7278 ] ] ] } },
{ "type": "Feature", "properties": { "frame_id": 27212, "rollout": "P4", "region_name": "Alaska", "orbit_pass": "DESCENDING" }, "geometry": { "type": "Polygon", "coordinates": [ [ [ -160.1696, 53.4084 ], [ -159.7773, 54.9324 ], [ -155.8814, 54.6427 ], [ -156.4161, 53.1331 ], [ -160.1696, 53.4084 ] ] ] } },
{ "type": "Feature", "properties": { "frame_id": 27482, "rollout": "P4", "region_name": "Alaska", "orbit_pass": "DESCENDING" }, "geometry": { "type": "Polygon", "coordinates": [ [ [ 174.6484, 51.4123 ], [ 175.0251, 52.9373 ], [ 178.7388, 52.652 ], [ 178.2427, 51.1396 ], [ 174.6484, 51.4123 ] ] ] } },
{ "type": "Feature", "properties": { "frame_id": 28223, "rollout": "P4", "region_name": "Pennsylvania", "orbit_pass": "ASCENDING" }, "geometry": { "type": "Polygon", "coordinates": [ [ [ -77.8233, 42.839 ], [ -74.7982, 43.3494 ], [ -74.4741, 41.8202 ], [ -77.4287, 41.3193 ], [ -77.8233, 42.839 ] ] ] } },
{ "type": "Feature", "properties": { "frame_id": 28224, "rollout": "P4", "region_name": "Upper New York", "orbit_pass": "ASCENDING" }, "geometry": { "type": "Polygon", "coordinates": [ [ [ -78.1757, 44.1633 ], [ -75.0831, 44.6732 ], [ -74.7541, 43.1446 ], [ -77.7715, 42.6445 ], [ -78.1757, 44.1633 ] ] ] } },
{ "type": "Feature", "properties": { "frame_id": 28225, "rollout": "P4", "region_name": "Upper New York", "orbit_pass": "ASCENDING" }, "geometry": { "type": "Polygon", "coordinates": [ [ [ -78.5429, 45.486 ], [ -75.374, 45.9963 ], [ -75.0382, 44.4684 ], [ -78.1278, 43.9681 ], [ -78.5429, 45.486 ] ] ] } },
{ "type": "Feature", "properties": { "frame_id": 28226, "rollout": "P4", "region_name": "Quebec", "orbit_pass": "ASCENDING" }, "geometry": { "type": "Polygon", "coordinates": [ [ [ -78.9153, 46.8087 ], [ -75.6719, 47.3188 ], [ -75.3315, 45.7912 ], [ -78.4883, 45.2917 ], [ -78.9153, 46.8087 ] ] ] } },
{ "type": "Feature", "properties": { "frame_id": 28489, "rollout": "P4", "region_name": "Kansas", "orbit_pass": "ASCENDING" }, "geometry": { "type": "Polygon", "coordinates": [ [ [ -101.6631, 39.5345 ], [ -98.7885, 40.0471 ], [ -98.4734, 38.5168 ], [ -101.2891, 38.013 ], [ -101.6631, 39.5345 ] ] ] } },
{ "type": "Feature", "properties": { "frame_id": 28490, "rollout": "P4", "region_name": "Kansas", "orbit_pass": "ASCENDING" }, "geometry": { "type": "Polygon", "coordinates": [ [ [ -101.6142, 39.3399 ], [ -101.9958, 40.8607 ], [ -99.0638, 41.3722 ], [ -98.7458, 39.8423 ], [ -101.6142, 39.3399 ] ] ] } },
{ "type": "Feature", "properties": { "frame_id": 28491, "rollout": "P4", "region_name": "Nebraska", "orbit_pass": "ASCENDING" }, "geometry": { "type": "Polygon", "coordinates": [ [ [ -102.336, 42.1862 ], [ -99.3425, 42.6969 ], [ -99.0206, 41.1674 ], [ -101.9458, 40.6662 ], [ -102.336, 42.1862 ] ] ] } },
{ "type": "Feature", "properties": { "frame_id": 28492, "rollout": "P4", "region_name": "Nebraska", "orbit_pass": "ASCENDING" }, "geometry": { "type": "Polygon", "coordinates": [ [ [ -102.6842, 43.5109 ], [ -99.6252, 44.021 ], [ -99.2987, 42.4921 ], [ -102.2849, 41.9917 ], [ -102.6842, 43.5109 ] ] ] } },
{ "type": "Feature", "properties": { "frame_id": 28493, "rollout": "P4", "region_name": "South Dakota", "orbit_pass": "ASCENDING" }, "geometry": { "type": "Polygon", "coordinates": [ [ [ -103.0413, 44.8349 ], [ -99.9123, 45.3446 ], [ -99.5807, 43.8162 ], [ -102.6318, 43.3164 ], [ -103.0413, 44.8349 ] ] ] } },
{ "type": "Feature", "properties": { "frame_id": 28494, "rollout": "P4", "region_name": "South Dakota", "orbit_pass": "ASCENDING" }, "geometry": { "type": "Polygon", "coordinates": [ [ [ -103.4083, 46.158 ], [ -100.2058, 46.6675 ], [ -99.8671, 45.1398 ], [ -102.9875, 44.6404 ], [ -103.4083, 46.158 ] ] ] } },
{ "type": "Feature", "properties": { "frame_id": 28495, "rollout": "P4", "region_name": "North Dakota", "orbit_pass": "ASCENDING" }, "geometry": { "type": "Polygon", "coordinates": [ [ [ -103.7861, 47.4802 ], [ -100.5033, 47.99 ], [ -100.1597, 46.4627 ], [ -103.3529, 45.9636 ], [ -103.7861, 47.4802 ] ] ] } },
{ "type": "Feature", "properties": { "frame_id": 28496, "rollout": "P4", "region_name": "Saskatchewan", "orbit_pass": "ASCENDING" }, "geometry": { "type": "Polygon", "coordinates": [ [ [ -104.1757, 48.8016 ], [ -100.807, 49.312 ], [ -100.4563, 47.7853 ], [ -103.729, 47.2859 ], [ -104.1757, 48.8016 ] ] ] } },
{ "type": "Feature", "properties": { "frame_id": 28497, "rollout": "P4", "region_name": "Saskatchewan", "orbit_pass": "ASCENDING" }, "geometry": { "type": "Polygon", "coordinates": [ [ [ -104.5788, 50.1219 ], [ -101.1177, 50.6334 ], [ -100.759, 49.1072 ], [ -104.1167, 48.6073 ], [ -104.5788, 50.1219 ] ] ] } },
{ "type": "Feature", "properties": { "frame_id": 28498, "rollout": "P4", "region_name": "Saskatchewan", "orbit_pass": "ASCENDING" }, "geometry": { "type": "Polygon", "coordinates": [ [ [ -104.9965, 51.4412 ], [ -101.4379, 51.954 ], [ -101.0685, 50.4286 ], [ -104.5177, 49.9277 ], [ -104.9965, 51.4412 ] ] ] } },
{ "type": "Feature", "properties": { "frame_id": 28758, "rollout": "P4", "region_name": "Northern California", "orbit_pass": "ASCENDING" }, "geometry": { "type": "Polygon", "coordinates": [ [ [ -126.5118, 40.2071 ], [ -123.6105, 40.7188 ], [ -123.2936, 39.1886 ], [ -126.1341, 38.6859 ], [ -126.5118, 40.2071 ] ] ] } },
{ "type": "Feature", "properties": { "frame_id": 28759, "rollout": "P4", "region_name": "Northern California", "orbit_pass": "ASCENDING" }, "geometry": { "type": "Polygon", "coordinates": [ [ [ -126.8482, 41.5329 ], [ -123.8874, 42.0437 ], [ -123.5675, 40.5139 ], [ -126.4623, 40.0125 ], [ -126.8482, 41.5329 ] ] ] } },
{ "type": "Feature", "properties": { "frame_id": 28760, "rollout": "P4", "region_name": "Northern California", "orbit_pass": "ASCENDING" }, "geometry": { "type": "Polygon", "coordinates": [ [ [ -127.1922, 42.8581 ], [ -124.1681, 43.3681 ], [ -123.8439, 41.8389 ], [ -126.7976, 41.3384 ], [ -127.1922, 42.8581 ] ] ] } },
{ "type": "Feature", "properties": { "frame_id": 28761, "rollout": "P4", "region_name": "Oregon", "orbit_pass": "ASCENDING" }, "geometry": { "type": "Polygon", "coordinates": [ [ [ -127.5447, 44.1825 ], [ -124.4529, 44.692 ], [ -124.1239, 43.1633 ], [ -127.1404, 42.6636 ], [ -127.5447, 44.1825 ] ] ] } },
{ "type": "Feature", "properties": { "frame_id": 28765, "rollout": "P4", "region_name": "British Columbia", "orbit_pass": "ASCENDING" }, "geometry": { "type": "Polygon", "coordinates": [ [ [ -129.0646, 49.4707 ], [ -125.6497, 49.9817 ], [ -125.295, 48.4552 ], [ -128.6102, 47.9556 ], [ -129.0646, 49.4707 ] ] ] } },
{ "type": "Feature", "properties": { "frame_id": 28766, "rollout": "P4", "region_name": "British Columbia", "orbit_pass": "ASCENDING" }, "geometry": { "type": "Polygon", "coordinates": [ [ [ -129.475, 50.7906 ], [ -125.9661, 51.3026 ], [ -125.6011, 49.777 ], [ -129.0046, 49.2766 ], [ -129.475, 50.7906 ] ] ] } },
{ "type": "Feature", "properties": { "frame_id": 28767, "rollout": "P4", "region_name": "British Columbia", "orbit_pass": "ASCENDING" }, "geometry": { "type": "Polygon", "coordinates": [ [ [ -129.9009, 52.1094 ], [ -126.2888, 52.6232 ], [ -125.9163, 51.0979 ], [ -129.4128, 50.5965 ], [ -129.9009, 52.1094 ] ] ] } },
{ "type": "Feature", "properties": { "frame_id": 28768, "rollout": "P4", "region_name": "British Columbia", "orbit_pass": "ASCENDING" }, "geometry": { "type": "Polygon", "coordinates": [ [ [ -130.3439, 53.4271 ], [ -126.6208, 53.9431 ], [ -126.2376, 52.4185 ], [ -129.8362, 51.9154 ], [ -130.3439, 53.4271 ] ] ] } },
{ "type": "Feature", "properties": { "frame_id": 28769, "rollout": "P4", "region_name": "British Columbia", "orbit_pass": "ASCENDING" }, "geometry": { "type": "Polygon", "coordinates": [ [ [ -130.8063, 54.7436 ], [ -126.9632, 55.2623 ], [ -126.5681, 53.7384 ], [ -130.2766, 53.2332 ], [ -130.8063, 54.7436 ] ] ] } },
{ "type": "Feature", "properties": { "frame_id": 28770, "rollout": "P4", "region_name": "British Columbia", "orbit_pass": "ASCENDING" }, "geometry": { "type": "Polygon", "coordinates": [ [ [ -131.2904, 56.0587 ], [ -127.3198, 56.5807 ], [ -126.9087, 55.0577 ], [ -130.7359, 54.5498 ], [ -131.2904, 56.0587 ] ] ] } },
{ "type": "Feature", "properties": { "frame_id": 28771, "rollout": "P4", "region_name": "British Columbia", "orbit_pass": "ASCENDING" }, "geometry": { "type": "Polygon", "coordinates": [ [ [ -131.2166, 55.865 ], [ -131.7987, 57.3724 ], [ -127.6871, 57.8986 ], [ -127.2634, 56.3761 ], [ -131.2166, 55.865 ] ] ] } },
{ "type": "Feature", "properties": { "frame_id": 28772, "rollout": "P4", "region_name": "British Columbia", "orbit_pass": "ASCENDING" }, "geometry": { "type": "Polygon", "coordinates": [ [ [ -132.3343, 58.6846 ], [ -128.0697, 59.2157 ], [ -127.6285, 57.694 ], [ -131.7211, 57.1789 ], [ -132.3343, 58.6846 ] ] ] } },
{ "type": "Feature", "properties": { "frame_id": 28773, "rollout": "P4", "region_name": "British Columbia", "orbit_pass": "ASCENDING" }, "geometry": { "type": "Polygon", "coordinates": [ [ [ -132.9011, 59.9951 ], [ -128.4693, 60.5321 ], [ -128.0086, 59.0112 ], [ -132.2524, 58.4913 ], [ -132.9011, 59.9951 ] ] ] } },
{ "type": "Feature", "properties": { "frame_id": 28774, "rollout": "P4", "region_name": "British Columbia", "orbit_pass": "ASCENDING" }, "geometry": { "type": "Polygon", "coordinates": [ [ [ -133.5104, 61.3028 ], [ -128.8887, 61.8476 ], [ -128.4054, 60.3277 ], [ -132.8143, 59.8019 ], [ -133.5104, 61.3028 ] ] ] } },
{ "type": "Feature", "properties": { "frame_id": 29304, "rollout": "P4", "region_name": "Alaska", "orbit_pass": "ASCENDING" }, "geometry": { "type": "Polygon", "coordinates": [ [ [ -179.2841, 52.1338 ], [ -175.6702, 52.6477 ], [ -175.2974, 51.1225 ], [ -178.7955, 50.6209 ], [ -179.2841, 52.1338 ] ] ] } },
{ "type": "Feature", "properties": { "frame_id": 30170, "rollout": "P4", "region_name": "Quebec", "orbit_pass": "DESCENDING" }, "geometry": { "type": "Polygon", "coordinates": [ [ [ -73.1621, 47.3213 ], [ -72.8139, 48.8482 ], [ -69.4069, 48.5675 ], [ -69.8514, 47.0517 ], [ -73.1621, 47.3213 ] ] ] } },
{ "type": "Feature", "properties": { "frame_id": 30171, "rollout": "P4", "region_name": "Maine", "orbit_pass": "DESCENDING" }, "geometry": { "type": "Polygon", "coordinates": [ [ [ -73.4584, 45.9987 ], [ -73.1154, 47.526 ], [ -69.7946, 47.246 ], [ -70.2256, 45.7293 ], [ -73.4584, 45.9987 ] ] ] } },
{ "type": "Feature", "properties": { "frame_id": 30172, "rollout": "P4", "region_name": "Vermont", "orbit_pass": "DESCENDING" }, "geometry": { "type": "Polygon", "coordinates": [ [ [ -73.748, 44.6755 ], [ -73.4127, 46.2035 ], [ -70.1705, 45.9236 ], [ -70.5894, 44.406 ], [ -73.748, 44.6755 ] ] ] } },
{ "type": "Feature", "properties": { "frame_id": 30173, "rollout": "P4", "region_name": "Vermont", "orbit_pass": "DESCENDING" }, "geometry": { "type": "Polygon", "coordinates": [ [ [ -74.0328, 43.3517 ], [ -73.703, 44.8803 ], [ -70.5358, 44.6004 ], [ -70.9487, 43.0826 ], [ -74.0328, 43.3517 ] ] ] } },
{ "type": "Feature", "properties": { "frame_id": 30174, "rollout": "P4", "region_name": "Rhode Island", "orbit_pass": "DESCENDING" }, "geometry": { "type": "Polygon", "coordinates": [ [ [ -74.3163, 42.0277 ], [ -73.9885, 43.5565 ], [ -70.8965, 43.2771 ], [ -71.2941, 41.7576 ], [ -74.3163, 42.0277 ] ] ] } },
{ "type": "Feature", "properties": { "frame_id": 30175, "rollout": "P4", "region_name": "NYC", "orbit_pass": "DESCENDING" }, "geometry": { "type": "Polygon", "coordinates": [ [ [ -74.5943, 40.703 ], [ -74.2727, 42.2325 ], [ -71.2431, 41.9522 ], [ -71.6316, 40.432 ], [ -74.5943, 40.703 ] ] ] } },
{ "type": "Feature", "properties": { "frame_id": 30176, "rollout": "P4", "region_name": "NYC", "orbit_pass": "DESCENDING" }, "geometry": { "type": "Polygon", "coordinates": [ [ [ -74.8678, 39.3777 ], [ -74.5513, 40.9079 ], [ -71.5818, 40.6266 ], [ -71.962, 39.1057 ], [ -74.8678, 39.3777 ] ] ] } },
{ "type": "Feature", "properties": { "frame_id": 30177, "rollout": "P4", "region_name": "New Jersey", "orbit_pass": "DESCENDING" }, "geometry": { "type": "Polygon", "coordinates": [ [ [ -75.1385, 38.052 ], [ -74.8254, 39.5826 ], [ -71.9133, 39.3003 ], [ -72.286, 37.7786 ], [ -75.1385, 38.052 ] ] ] } },
{ "type": "Feature", "properties": { "frame_id": 30179, "rollout": "P4", "region_name": "North Carolina", "orbit_pass": "DESCENDING" }, "geometry": { "type": "Polygon", "coordinates": [ [ [ -75.6724, 35.3991 ], [ -75.365, 36.9306 ], [ -72.5571, 36.6457 ], [ -72.9168, 35.1227 ], [ -75.6724, 35.3991 ] ] ] } },
{ "type": "Feature", "properties": { "frame_id": 30436, "rollout": "P4", "region_name": "Ontario", "orbit_pass": "DESCENDING" }, "geometry": { "type": "Polygon", "coordinates": [ [ [ -97.0871, 50.6211 ], [ -96.7131, 52.1461 ], [ -93.0674, 51.8625 ], [ -93.552, 50.3494 ], [ -97.0871, 50.6211 ] ] ] } },
{ "type": "Feature", "properties": { "frame_id": 30437, "rollout": "P4", "region_name": "Ontario", "orbit_pass": "DESCENDING" }, "geometry": { "type": "Polygon", "coordinates": [ [ [ -97.3977, 49.2999 ], [ -97.0378, 50.8259 ], [ -93.4902, 50.5436 ], [ -93.9575, 49.0294 ], [ -97.3977, 49.2999 ] ] ] } },
{ "type": "Feature", "properties": { "frame_id": 30438, "rollout": "P4", "region_name": "Ontario", "orbit_pass": "DESCENDING" }, "geometry": { "type": "Polygon", "coordinates": [ [ [ -97.7014, 47.978 ], [ -97.3495, 49.5046 ], [ -93.8979, 49.2236 ], [ -94.3495, 47.7083 ], [ -97.7014, 47.978 ] ] ] } },
{ "type": "Feature", "properties": { "frame_id": 30439, "rollout": "P4", "region_name": "North Dakota", "orbit_pass": "DESCENDING" }, "geometry": { "type": "Polygon", "coordinates": [ [ [ -97.9989, 46.6556 ], [ -97.6543, 48.1828 ], [ -94.2918, 47.9026 ], [ -94.7293, 46.3863 ], [ -97.9989, 46.6556 ] ] ] } },
{ "type": "Feature", "properties": { "frame_id": 30705, "rollout": "P4", "region_name": "British Columbia", "orbit_pass": "DESCENDING" }, "geometry": { "type": "Polygon", "coordinates": [ [ [ -121.9285, 49.9528 ], [ -121.5641, 51.4785 ], [ -117.9655, 51.1951 ], [ -118.4413, 49.6815 ], [ -121.9285, 49.9528 ] ] ] } },
{ "type": "Feature", "properties": { "frame_id": 30706, "rollout": "P4", "region_name": "Washington", "orbit_pass": "DESCENDING" }, "geometry": { "type": "Polygon", "coordinates": [ [ [ -122.2357, 48.6312 ], [ -121.8798, 50.1575 ], [ -118.3806, 49.8756 ], [ -118.8399, 48.3609 ], [ -122.2357, 48.6312 ] ] ] } },
{ "type": "Feature", "properties": { "frame_id": 30707, "rollout": "P4", "region_name": "Washington", "orbit_pass": "DESCENDING" }, "geometry": { "type": "Polygon", "coordinates": [ [ [ -122.5362, 47.3091 ], [ -122.188, 48.836 ], [ -118.7812, 48.5551 ], [ -119.2257, 47.0394 ], [ -122.5362, 47.3091 ] ] ] } },
{ "type": "Feature", "properties": { "frame_id": 30708, "rollout": "P4", "region_name": "Washington", "orbit_pass": "DESCENDING" }, "geometry": { "type": "Polygon", "coordinates": [ [ [ -122.8326, 45.9866 ], [ -122.4896, 47.5138 ], [ -119.1689, 47.2337 ], [ -119.5998, 45.717 ], [ -122.8326, 45.9866 ] ] ] } },
{ "type": "Feature", "properties": { "frame_id": 30709, "rollout": "P4", "region_name": "Washington", "orbit_pass": "DESCENDING" }, "geometry": { "type": "Polygon", "coordinates": [ [ [ -123.1221, 44.6633 ], [ -122.7868, 46.1913 ], [ -119.5447, 45.9113 ], [ -119.9637, 44.3937 ], [ -123.1221, 44.6633 ] ] ] } },
{ "type": "Feature", "properties": { "frame_id": 30710, "rollout": "P4", "region_name": "Oregon", "orbit_pass": "DESCENDING" }, "geometry": { "type": "Polygon", "coordinates": [ [ [ -123.407, 43.3396 ], [ -123.0772, 44.8681 ], [ -119.9101, 44.5881 ], [ -120.3229, 43.0703 ], [ -123.407, 43.3396 ] ] ] } },
{ "type": "Feature", "properties": { "frame_id": 30711, "rollout": "P4", "region_name": "Northern California", "orbit_pass": "DESCENDING" }, "geometry": { "type": "Polygon", "coordinates": [ [ [ -123.6905, 42.0156 ], [ -123.3627, 43.5444 ], [ -120.2707, 43.2648 ], [ -120.6683, 41.7454 ], [ -123.6905, 42.0156 ] ] ] } },
{ "type": "Feature", "properties": { "frame_id": 30712, "rollout": "P4", "region_name": "Northern California", "orbit_pass": "DESCENDING" }, "geometry": { "type": "Polygon", "coordinates": [ [ [ -123.9685, 40.691 ], [ -123.6469, 42.2204 ], [ -120.6174, 41.94 ], [ -121.0059, 40.4198 ], [ -123.9685, 40.691 ] ] ] } },
{ "type": "Feature", "properties": { "frame_id": 30713, "rollout": "P4", "region_name": "Northern California", "orbit_pass": "DESCENDING" }, "geometry": { "type": "Polygon", "coordinates": [ [ [ -124.2421, 39.3657 ], [ -123.9255, 40.8958 ], [ -120.9561, 40.6144 ], [ -121.3363, 39.0935 ], [ -124.2421, 39.3657 ] ] ] } },
{ "type": "Feature", "properties": { "frame_id": 30959, "rollout": "P4", "region_name": "Alaska", "orbit_pass": "DESCENDING" }, "geometry": { "type": "Polygon", "coordinates": [ [ [ -140.5434, 69.0223 ], [ -139.7782, 70.5336 ], [ -133.1696, 70.1247 ], [ -134.3649, 68.6471 ], [ -140.5434, 69.0223 ] ] ] } },
{ "type": "Feature", "properties": { "frame_id": 30960, "rollout": "P4", "region_name": "Alaska", "orbit_pass": "DESCENDING" }, "geometry": { "type": "Polygon", "coordinates": [ [ [ -141.148, 67.713 ], [ -140.4445, 69.2259 ], [ -134.2177, 68.8376 ], [ -135.3069, 67.3555 ], [ -141.148, 67.713 ] ] ] } },
{ "type": "Feature", "properties": { "frame_id": 30961, "rollout": "P4", "region_name": "Alaska", "orbit_pass": "DESCENDING" }, "geometry": { "type": "Polygon", "coordinates": [ [ [ -141.7069, 66.4024 ], [ -141.0571, 67.9168 ], [ -135.1732, 67.5467 ], [ -136.1592, 66.0594 ], [ -141.7069, 66.4024 ] ] ] } },
{ "type": "Feature", "properties": { "frame_id": 30962, "rollout": "P4", "region_name": "Alaska", "orbit_pass": "DESCENDING" }, "geometry": { "type": "Polygon", "coordinates": [ [ [ -142.2224, 65.0904 ], [ -141.6227, 66.6064 ], [ -136.0368, 66.251 ], [ -136.9418, 64.7599 ], [ -142.2224, 65.0904 ] ] ] } },
{ "type": "Feature", "properties": { "frame_id": 30963, "rollout": "P4", "region_name": "Alaska", "orbit_pass": "DESCENDING" }, "geometry": { "type": "Polygon", "coordinates": [ [ [ -142.7048, 63.7772 ], [ -142.1439, 65.2945 ], [ -136.8291, 64.9519 ], [ -137.6651, 63.4575 ], [ -142.7048, 63.7772 ] ] ] } },
{ "type": "Feature", "properties": { "frame_id": 30964, "rollout": "P4", "region_name": "Alaska", "orbit_pass": "DESCENDING" }, "geometry": { "type": "Polygon", "coordinates": [ [ [ -143.162, 62.4633 ], [ -142.6311, 63.9814 ], [ -137.5607, 63.6499 ], [ -138.3373, 62.1526 ], [ -143.162, 62.4633 ] ] ] } },
{ "type": "Feature", "properties": { "frame_id": 30965, "rollout": "P4", "region_name": "Alaska", "orbit_pass": "DESCENDING" }, "geometry": { "type": "Polygon", "coordinates": [ [ [ -143.5918, 61.1482 ], [ -143.0925, 62.6676 ], [ -138.2399, 62.3453 ], [ -138.9652, 60.8454 ], [ -143.5918, 61.1482 ] ] ] } },
{ "type": "Feature", "properties": { "frame_id": 30966, "rollout": "P4", "region_name": "Alaska", "orbit_pass": "DESCENDING" }, "geometry": { "type": "Polygon", "coordinates": [ [ [ -144.0006, 59.8323 ], [ -143.5259, 61.3526 ], [ -138.8741, 61.0384 ], [ -139.5545, 59.5363 ], [ -144.0006, 59.8323 ] ] ] } },
{ "type": "Feature", "properties": { "frame_id": 30967, "rollout": "P4", "region_name": "Alaska", "orbit_pass": "DESCENDING" }, "geometry": { "type": "Polygon", "coordinates": [ [ [ -144.391, 58.5157 ], [ -143.9377, 60.0368 ], [ -139.4688, 59.7294 ], [ -140.1101, 58.2253 ], [ -144.391, 58.5157 ] ] ] } },
{ "type": "Feature", "properties": { "frame_id": 31226, "rollout": "P4", "region_name": "Alaska", "orbit_pass": "DESCENDING" }, "geometry": { "type": "Polygon", "coordinates": [ [ [ -164.2291, 70.9694 ], [ -163.3392, 72.4775 ], [ -156.0681, 72.0313 ], [ -157.4775, 70.5634 ], [ -164.2291, 70.9694 ] ] ] } },
{ "type": "Feature", "properties": { "frame_id": 31227, "rollout": "P4", "region_name": "Alaska", "orbit_pass": "DESCENDING" }, "geometry": { "type": "Polygon", "coordinates": [ [ [ -164.9172, 69.6623 ], [ -164.115, 71.1727 ], [ -157.3053, 70.7528 ], [ -158.5644, 69.2781 ], [ -164.9172, 69.6623 ] ] ] } },
{ "type": "Feature", "properties": { "frame_id": 31228, "rollout": "P4", "region_name": "Alaska", "orbit_pass": "DESCENDING" }, "geometry": { "type": "Polygon", "coordinates": [ [ [ -165.5441, 68.3535 ], [ -164.8137, 69.8658 ], [ -158.4098, 69.4683 ], [ -159.5444, 67.9878 ], [ -165.5441, 68.3535 ] ] ] } },
{ "type": "Feature", "properties": { "frame_id": 31229, "rollout": "P4", "region_name": "Alaska", "orbit_pass": "DESCENDING" }, "geometry": { "type": "Polygon", "coordinates": [ [ [ -166.124, 67.0435 ], [ -165.4494, 68.5572 ], [ -159.4044, 68.1787 ], [ -160.435, 66.6934 ], [ -166.124, 67.0435 ] ] ] } },
{ "type": "Feature", "properties": { "frame_id": 31230, "rollout": "P4", "region_name": "Alaska", "orbit_pass": "DESCENDING" }, "geometry": { "type": "Polygon", "coordinates": [ [ [ -166.6578, 65.7319 ], [ -166.0366, 67.2474 ], [ -160.3073, 66.8848 ], [ -161.2503, 65.3954 ], [ -166.6578, 65.7319 ] ] ] } },
{ "type": "Feature", "properties": { "frame_id": 31231, "rollout": "P4", "region_name": "Alaska", "orbit_pass": "DESCENDING" }, "geometry": { "type": "Polygon", "coordinates": [ [ [ -167.1558, 64.4193 ], [ -166.5766, 65.936 ], [ -161.133, 65.5873 ], [ -162.0016, 64.0944 ], [ -167.1558, 64.4193 ] ] ] } },
{ "type": "Feature", "properties": { "frame_id": 31232, "rollout": "P4", "region_name": "Alaska", "orbit_pass": "DESCENDING" }, "geometry": { "type": "Polygon", "coordinates": [ [ [ -167.6234, 63.1055 ], [ -167.0798, 64.6234 ], [ -161.8932, 64.2866 ], [ -162.6978, 62.7906 ], [ -167.6234, 63.1055 ] ] ] } },
{ "type": "Feature", "properties": { "frame_id": 31233, "rollout": "P4", "region_name": "Alaska", "orbit_pass": "DESCENDING" }, "geometry": { "type": "Polygon", "coordinates": [ [ [ -168.0678, 61.7911 ], [ -167.5519, 63.3098 ], [ -162.5971, 62.9831 ], [ -163.3467, 61.4845 ], [ -168.0678, 61.7911 ] ] ] } },
{ "type": "Feature", "properties": { "frame_id": 31234, "rollout": "P4", "region_name": "Alaska", "orbit_pass": "DESCENDING" }, "geometry": { "type": "Polygon", "coordinates": [ [ [ -168.4865, 60.4756 ], [ -168.0001, 61.9954 ], [ -163.2526, 61.6773 ], [ -163.9542, 60.1762 ], [ -168.4865, 60.4756 ] ] ] } },
{ "type": "Feature", "properties": { "frame_id": 31235, "rollout": "P4", "region_name": "Alaska", "orbit_pass": "DESCENDING" }, "geometry": { "type": "Polygon", "coordinates": [ [ [ -168.8857, 59.1592 ], [ -168.4222, 60.68 ], [ -163.8659, 60.3693 ], [ -164.5327, 58.8668 ], [ -168.8857, 59.1592 ] ] ] } },
{ "type": "Feature", "properties": { "frame_id": 31239, "rollout": "P4", "region_name": "Alaska", "orbit_pass": "DESCENDING" }, "geometry": { "type": "Polygon", "coordinates": [ [ [ -170.3367, 53.887 ], [ -169.94, 55.4108 ], [ -166.0005, 55.1204 ], [ -166.5372, 53.6104 ], [ -170.3367, 53.887 ] ] ] } },
{ "type": "Feature", "properties": { "frame_id": 31240, "rollout": "P4", "region_name": "Alaska", "orbit_pass": "DESCENDING" }, "geometry": { "type": "Polygon", "coordinates": [ [ [ -170.6684, 52.5672 ], [ -170.2838, 54.0917 ], [ -166.469, 53.8043 ], [ -166.9829, 52.293 ], [ -170.6684, 52.5672 ] ] ] } },
{ "type": "Feature", "properties": { "frame_id": 31241, "rollout": "P4", "region_name": "Alaska", "orbit_pass": "DESCENDING" }, "geometry": { "type": "Polygon", "coordinates": [ [ [ -170.9924, 51.2468 ], [ -170.6171, 52.7719 ], [ -166.9175, 52.487 ], [ -167.4112, 50.9744 ], [ -170.9924, 51.2468 ] ] ] } },
{ "type": "Feature", "properties": { "frame_id": 32248, "rollout": "P4", "region_name": "Ohio", "orbit_pass": "ASCENDING" }, "geometry": { "type": "Polygon", "coordinates": [ [ [ -87.3082, 39.7049 ], [ -84.4259, 40.2175 ], [ -84.1077, 38.6876 ], [ -86.9332, 38.1836 ], [ -87.3082, 39.7049 ] ] ] } },
{ "type": "Feature", "properties": { "frame_id": 32249, "rollout": "P4", "region_name": "Ohio", "orbit_pass": "ASCENDING" }, "geometry": { "type": "Polygon", "coordinates": [ [ [ -87.6419, 41.031 ], [ -84.7016, 41.5426 ], [ -84.3831, 40.0127 ], [ -87.2592, 39.5104 ], [ -87.6419, 41.031 ] ] ] } },
{ "type": "Feature", "properties": { "frame_id": 32250, "rollout": "P4", "region_name": "Ohio", "orbit_pass": "ASCENDING" }, "geometry": { "type": "Polygon", "coordinates": [ [ [ -87.9832, 42.3564 ], [ -84.9809, 42.8671 ], [ -84.6583, 41.3378 ], [ -87.5918, 40.8365 ], [ -87.9832, 42.3564 ] ] ] } },
{ "type": "Feature", "properties": { "frame_id": 32251, "rollout": "P4", "region_name": "Illinois", "orbit_pass": "ASCENDING" }, "geometry": { "type": "Polygon", "coordinates": [ [ [ -88.3325, 43.681 ], [ -85.2641, 44.1912 ], [ -84.937, 42.6623 ], [ -87.9319, 42.1619 ], [ -88.3325, 43.681 ] ] ] } },
{ "type": "Feature", "properties": { "frame_id": 32252, "rollout": "P4", "region_name": "Michigan", "orbit_pass": "ASCENDING" }, "geometry": { "type": "Polygon", "coordinates": [ [ [ -88.6909, 45.0048 ], [ -85.5534, 45.5145 ], [ -85.2196, 43.9864 ], [ -88.2799, 43.4865 ], [ -88.6909, 45.0048 ] ] ] } },
{ "type": "Feature", "properties": { "frame_id": 32253, "rollout": "P4", "region_name": "Wisconsin", "orbit_pass": "ASCENDING" }, "geometry": { "type": "Polygon", "coordinates": [ [ [ -88.6368, 44.8104 ], [ -89.0593, 46.3278 ], [ -85.8461, 46.8375 ], [ -85.5066, 45.3099 ], [ -88.6368, 44.8104 ] ] ] } },
{ "type": "Feature", "properties": { "frame_id": 32254, "rollout": "P4", "region_name": "Michigan", "orbit_pass": "ASCENDING" }, "geometry": { "type": "Polygon", "coordinates": [ [ [ -89.4385, 47.6499 ], [ -86.1444, 48.1599 ], [ -85.7999, 46.6327 ], [ -89.0036, 46.1334 ], [ -89.4385, 47.6499 ] ] ] } },
{ "type": "Feature", "properties": { "frame_id": 32255, "rollout": "P4", "region_name": "Ontario", "orbit_pass": "ASCENDING" }, "geometry": { "type": "Polygon", "coordinates": [ [ [ -89.8299, 48.9711 ], [ -86.4491, 49.4818 ], [ -86.0973, 47.9552 ], [ -89.3812, 47.4556 ], [ -89.8299, 48.9711 ] ] ] } },
{ "type": "Feature", "properties": { "frame_id": 32256, "rollout": "P4", "region_name": "Ontario", "orbit_pass": "ASCENDING" }, "geometry": { "type": "Polygon", "coordinates": [ [ [ -90.2348, 50.2913 ], [ -86.7607, 50.8031 ], [ -86.4009, 49.2771 ], [ -89.7706, 48.7769 ], [ -90.2348, 50.2913 ] ] ] } },
{ "type": "Feature", "properties": { "frame_id": 32257, "rollout": "P4", "region_name": "Ontario", "orbit_pass": "ASCENDING" }, "geometry": { "type": "Polygon", "coordinates": [ [ [ -90.6546, 51.6105 ], [ -87.082, 52.1236 ], [ -86.7114, 50.5984 ], [ -90.1734, 50.0972 ], [ -90.6546, 51.6105 ] ] ] } },
{ "type": "Feature", "properties": { "frame_id": 32513, "rollout": "P4", "region_name": "Arizona", "orbit_pass": "ASCENDING" }, "geometry": { "type": "Polygon", "coordinates": [ [ [ -110.8711, 35.067 ], [ -108.1655, 35.5845 ], [ -107.8598, 34.0526 ], [ -110.5183, 33.5433 ], [ -110.8711, 35.067 ] ] ] } },
{ "type": "Feature", "properties": { "frame_id": 32514, "rollout": "P4", "region_name": "Arizona", "orbit_pass": "ASCENDING" }, "geometry": { "type": "Polygon", "coordinates": [ [ [ -111.1835, 36.3955 ], [ -108.4317, 36.9112 ], [ -108.1243, 35.3796 ], [ -110.8252, 34.8723 ], [ -111.1835, 36.3955 ] ] ] } },
{ "type": "Feature", "properties": { "frame_id": 32515, "rollout": "P4", "region_name": "Arizona", "orbit_pass": "ASCENDING" }, "geometry": { "type": "Polygon", "coordinates": [ [ [ -111.5014, 37.7232 ], [ -108.7001, 38.2374 ], [ -108.3901, 36.7064 ], [ -111.1368, 36.2008 ], [ -111.5014, 37.7232 ] ] ] } },
{ "type": "Feature", "properties": { "frame_id": 32516, "rollout": "P4", "region_name": "Utah", "orbit_pass": "ASCENDING" }, "geometry": { "type": "Polygon", "coordinates": [ [ [ -111.8251, 39.0504 ], [ -108.9712, 39.5633 ], [ -108.6581, 38.0326 ], [ -111.4538, 37.5286 ], [ -111.8251, 39.0504 ] ] ] } },
{ "type": "Feature", "properties": { "frame_id": 32517, "rollout": "P4", "region_name": "Utah", "orbit_pass": "ASCENDING" }, "geometry": { "type": "Polygon", "coordinates": [ [ [ -112.1552, 40.3769 ], [ -109.246, 40.8885 ], [ -108.9287, 39.3584 ], [ -111.7766, 38.8558 ], [ -112.1552, 40.3769 ] ] ] } },
{ "type": "Feature", "properties": { "frame_id": 32518, "rollout": "P4", "region_name": "Utah", "orbit_pass": "ASCENDING" }, "geometry": { "type": "Polygon", "coordinates": [ [ [ -112.4925, 41.7027 ], [ -109.5234, 42.2134 ], [ -109.203, 40.6837 ], [ -112.1056, 40.1823 ], [ -112.4925, 41.7027 ] ] ] } },
{ "type": "Feature", "properties": { "frame_id": 32519, "rollout": "P4", "region_name": "Utah", "orbit_pass": "ASCENDING" }, "geometry": { "type": "Polygon", "coordinates": [ [ [ -112.8376, 43.0277 ], [ -109.8045, 43.5377 ], [ -109.4798, 42.0085 ], [ -112.4418, 41.5081 ], [ -112.8376, 43.0277 ] ] ] } },
{ "type": "Feature", "properties": { "frame_id": 32520, "rollout": "P4", "region_name": "Wyoming", "orbit_pass": "ASCENDING" }, "geometry": { "type": "Polygon", "coordinates": [ [ [ -113.1912, 44.352 ], [ -110.0899, 44.8615 ], [ -109.7603, 43.3329 ], [ -112.7856, 42.8332 ], [ -113.1912, 44.352 ] ] ] } },
{ "type": "Feature", "properties": { "frame_id": 32521, "rollout": "P4", "region_name": "Wyoming", "orbit_pass": "ASCENDING" }, "geometry": { "type": "Polygon", "coordinates": [ [ [ -113.5544, 45.6755 ], [ -110.3814, 46.1847 ], [ -110.045, 44.6567 ], [ -113.1379, 44.1575 ], [ -113.5544, 45.6755 ] ] ] } },
{ "type": "Feature", "properties": { "frame_id": 32522, "rollout": "P4", "region_name": "Montana", "orbit_pass": "ASCENDING" }, "geometry": { "type": "Polygon", "coordinates": [ [ [ -113.9335, 46.9973 ], [ -110.6768, 47.5074 ], [ -110.3357, 45.9799 ], [ -113.4996, 45.4811 ], [ -113.9335, 46.9973 ] ] ] } },
{ "type": "Feature", "properties": { "frame_id": 32523, "rollout": "P4", "region_name": "Montana", "orbit_pass": "ASCENDING" }, "geometry": { "type": "Polygon", "coordinates": [ [ [ -114.3188, 48.319 ], [ -110.9815, 48.8293 ], [ -110.6302, 47.3027 ], [ -113.8771, 46.803 ], [ -114.3188, 48.319 ] ] ] } },
{ "type": "Feature", "properties": { "frame_id": 32524, "rollout": "P4", "region_name": "Alberta", "orbit_pass": "ASCENDING" }, "geometry": { "type": "Polygon", "coordinates": [ [ [ -114.7168, 49.6398 ], [ -111.2895, 50.1509 ], [ -110.9338, 48.6246 ], [ -114.2605, 48.1248 ], [ -114.7168, 49.6398 ] ] ] } },
{ "type": "Feature", "properties": { "frame_id": 32525, "rollout": "P4", "region_name": "British Columbia", "orbit_pass": "ASCENDING" }, "geometry": { "type": "Polygon", "coordinates": [ [ [ -115.129, 50.9595 ], [ -111.6069, 51.4718 ], [ -111.2408, 49.9462 ], [ -114.6565, 49.4456 ], [ -115.129, 50.9595 ] ] ] } },
{ "type": "Feature", "properties": { "frame_id": 32526, "rollout": "P4", "region_name": "Alberta", "orbit_pass": "ASCENDING" }, "geometry": { "type": "Polygon", "coordinates": [ [ [ -115.557, 52.2782 ], [ -111.9306, 52.7922 ], [ -111.5569, 51.2671 ], [ -115.0665, 50.7654 ], [ -115.557, 52.2782 ] ] ] } },
{ "type": "Feature", "properties": { "frame_id": 32800, "rollout": "P4", "region_name": "British Columbia", "orbit_pass": "ASCENDING" }, "geometry": { "type": "Polygon", "coordinates": [ [ [ -142.9802, 59.5179 ], [ -138.6099, 60.0529 ], [ -138.1564, 58.5317 ], [ -142.3449, 58.0134 ], [ -142.9802, 59.5179 ] ] ] } },
{ "type": "Feature", "properties": { "frame_id": 32801, "rollout": "P4", "region_name": "British Columbia", "orbit_pass": "ASCENDING" }, "geometry": { "type": "Polygon", "coordinates": [ [ [ -143.569, 60.8272 ], [ -139.0218, 61.3687 ], [ -138.547, 59.8484 ], [ -142.8953, 59.3247 ], [ -143.569, 60.8272 ] ] ] } },
{ "type": "Feature", "properties": { "frame_id": 32802, "rollout": "P4", "region_name": "Alaska", "orbit_pass": "ASCENDING" }, "geometry": { "type": "Polygon", "coordinates": [ [ [ -144.196, 62.1345 ], [ -139.4583, 62.6835 ], [ -138.9558, 61.1644 ], [ -143.4787, 60.6342 ], [ -144.196, 62.1345 ] ] ] } },
{ "type": "Feature", "properties": { "frame_id": 32803, "rollout": "P4", "region_name": "Alaska", "orbit_pass": "ASCENDING" }, "geometry": { "type": "Polygon", "coordinates": [ [ [ -144.8675, 63.4396 ], [ -139.9168, 63.9977 ], [ -139.3887, 62.4793 ], [ -144.0998, 61.9418 ], [ -144.8675, 63.4396 ] ] ] } },
{ "type": "Feature", "properties": { "frame_id": 32804, "rollout": "P4", "region_name": "Alaska", "orbit_pass": "ASCENDING" }, "geometry": { "type": "Polygon", "coordinates": [ [ [ -145.5897, 64.7421 ], [ -141.2319, 65.2505 ], [ -140.4042, 65.3108 ], [ -139.8431, 63.7935 ], [ -144.7643, 63.2472 ], [ -145.5897, 64.7421 ] ] ] } },
{ "type": "Feature", "properties": { "frame_id": 32805, "rollout": "P4", "region_name": "Alaska", "orbit_pass": "ASCENDING" }, "geometry": { "type": "Polygon", "coordinates": [ [ [ -146.3715, 66.0418 ], [ -141.7965, 66.5613 ], [ -140.9258, 66.6227 ], [ -140.3257, 65.1067 ], [ -145.4784, 64.55 ], [ -146.3715, 66.0418 ] ] ] } },
{ "type": "Feature", "properties": { "frame_id": 32806, "rollout": "P4", "region_name": "Alaska", "orbit_pass": "ASCENDING" }, "geometry": { "type": "Polygon", "coordinates": [ [ [ -147.2224, 67.3381 ], [ -141.4908, 67.9333 ], [ -140.8415, 66.4188 ], [ -146.2508, 65.8501 ], [ -147.2224, 67.3381 ] ] ] } },
{ "type": "Feature", "properties": { "frame_id": 32807, "rollout": "P4", "region_name": "Alaska", "orbit_pass": "ASCENDING" }, "geometry": { "type": "Polygon", "coordinates": [ [ [ -148.1553, 68.6307 ], [ -142.1001, 69.2426 ], [ -141.3998, 67.7295 ], [ -147.0907, 67.1469 ], [ -148.1553, 68.6307 ] ] ] } },
{ "type": "Feature", "properties": { "frame_id": 32808, "rollout": "P4", "region_name": "Alaska", "orbit_pass": "ASCENDING" }, "geometry": { "type": "Polygon", "coordinates": [ [ [ -149.1858, 69.9186 ], [ -142.7669, 70.5504 ], [ -142.0011, 69.039 ], [ -148.0106, 68.44 ], [ -149.1858, 69.9186 ] ] ] } },
{ "type": "Feature", "properties": { "frame_id": 32809, "rollout": "P4", "region_name": "Alaska", "orbit_pass": "ASCENDING" }, "geometry": { "type": "Polygon", "coordinates": [ [ [ -150.3412, 71.2004 ], [ -143.5034, 71.8563 ], [ -142.6582, 70.347 ], [ -149.0255, 69.7286 ], [ -150.3412, 71.2004 ] ] ] } },
{ "type": "Feature", "properties": { "frame_id": 33065, "rollout": "P4", "region_name": "Alaska", "orbit_pass": "ASCENDING" }, "geometry": { "type": "Polygon", "coordinates": [ [ [ -165.8494, 54.9351 ], [ -161.9883, 55.4544 ], [ -161.5912, 53.9306 ], [ -165.3161, 53.4249 ], [ -165.8494, 54.9351 ] ] ] } },
{ "type": "Feature", "properties": { "frame_id": 33066, "rollout": "P4", "region_name": "Alaska", "orbit_pass": "ASCENDING" }, "geometry": { "type": "Polygon", "coordinates": [ [ [ -166.337, 56.2501 ], [ -162.3469, 56.7727 ], [ -161.9336, 55.2498 ], [ -165.7786, 54.7413 ], [ -166.337, 56.2501 ] ] ] } },
{ "type": "Feature", "properties": { "frame_id": 33069, "rollout": "P4", "region_name": "Alaska", "orbit_pass": "ASCENDING" }, "geometry": { "type": "Polygon", "coordinates": [ [ [ -167.9611, 60.1857 ], [ -163.5041, 60.7238 ], [ -163.04, 59.203 ], [ -167.3067, 58.6822 ], [ -167.9611, 60.1857 ] ] ] } },
{ "type": "Feature", "properties": { "frame_id": 33070, "rollout": "P4", "region_name": "Alaska", "orbit_pass": "ASCENDING" }, "geometry": { "type": "Polygon", "coordinates": [ [ [ -168.5687, 61.494 ], [ -163.9297, 62.039 ], [ -163.4396, 60.5194 ], [ -167.8735, 59.9926 ], [ -168.5687, 61.494 ] ] ] } },
{ "type": "Feature", "properties": { "frame_id": 33071, "rollout": "P4", "region_name": "Alaska", "orbit_pass": "ASCENDING" }, "geometry": { "type": "Polygon", "coordinates": [ [ [ -168.4755, 61.3012 ], [ -169.2179, 62.8002 ], [ -164.3757, 63.3536 ], [ -163.8589, 61.8349 ], [ -168.4755, 61.3012 ] ] ] } },
{ "type": "Feature", "properties": { "frame_id": 33072, "rollout": "P4", "region_name": "Alaska", "orbit_pass": "ASCENDING" }, "geometry": { "type": "Polygon", "coordinates": [ [ [ -169.9219, 64.1032 ], [ -164.8485, 64.6671 ], [ -164.3041, 63.1493 ], [ -169.1254, 62.6069 ], [ -169.9219, 64.1032 ] ] ] } },
{ "type": "Feature", "properties": { "frame_id": 33073, "rollout": "P4", "region_name": "Alaska", "orbit_pass": "ASCENDING" }, "geometry": { "type": "Polygon", "coordinates": [ [ [ -170.6734, 65.4043 ], [ -165.3571, 65.9794 ], [ -164.7767, 64.4627 ], [ -169.8146, 63.911 ], [ -170.6734, 65.4043 ] ] ] } },
{ "type": "Feature", "properties": { "frame_id": 33074, "rollout": "P4", "region_name": "Alaska", "orbit_pass": "ASCENDING" }, "geometry": { "type": "Polygon", "coordinates": [ [ [ -171.4893, 66.7023 ], [ -166.7931, 67.2285 ], [ -165.8984, 67.2907 ], [ -165.2757, 65.7754 ], [ -170.5574, 65.2124 ], [ -171.4893, 66.7023 ] ] ] } },
{ "type": "Feature", "properties": { "frame_id": 34204, "rollout": "P4", "region_name": "Ohio", "orbit_pass": "DESCENDING" }, "geometry": { "type": "Polygon", "coordinates": [ [ [ -85.3247, 38.5358 ], [ -85.0103, 40.0662 ], [ -82.0766, 39.7841 ], [ -82.4521, 38.2628 ], [ -85.3247, 38.5358 ] ] ] } },
{ "type": "Feature", "properties": { "frame_id": 34205, "rollout": "P4", "region_name": "Kentucky", "orbit_pass": "DESCENDING" }, "geometry": { "type": "Polygon", "coordinates": [ [ [ -85.5938, 37.2098 ], [ -85.2825, 38.7406 ], [ -82.404, 38.4574 ], [ -82.7723, 36.9354 ], [ -85.5938, 37.2098 ] ] ] } },
{ "type": "Feature", "properties": { "frame_id": 34206, "rollout": "P4", "region_name": "Kentucky", "orbit_pass": "DESCENDING" }, "geometry": { "type": "Polygon", "coordinates": [ [ [ -85.8604, 35.8833 ], [ -85.552, 37.4146 ], [ -82.7251, 37.13 ], [ -83.0871, 35.6074 ], [ -85.8604, 35.8833 ] ] ] } },
{ "type": "Feature", "properties": { "frame_id": 34463, "rollout": "P4", "region_name": "Saskatchewan", "orbit_pass": "DESCENDING" }, "geometry": { "type": "Polygon", "coordinates": [ [ [ -107.2551, 51.1032 ], [ -106.8809, 52.6281 ], [ -103.1907, 52.3432 ], [ -103.6823, 50.8306 ], [ -107.2551, 51.1032 ] ] ] } },
{ "type": "Feature", "properties": { "frame_id": 34464, "rollout": "P4", "region_name": "Saskatchewan", "orbit_pass": "DESCENDING" }, "geometry": { "type": "Polygon", "coordinates": [ [ [ -107.5685, 49.7821 ], [ -107.2053, 51.3079 ], [ -103.6197, 51.0247 ], [ -104.0932, 49.5109 ], [ -107.5685, 49.7821 ] ] ] } },
{ "type": "Feature", "properties": { "frame_id": 34465, "rollout": "P4", "region_name": "Saskatchewan", "orbit_pass": "DESCENDING" }, "geometry": { "type": "Polygon", "coordinates": [ [ [ -107.8748, 48.4605 ], [ -107.5199, 49.9869 ], [ -104.0328, 49.7051 ], [ -104.4901, 48.1903 ], [ -107.8748, 48.4605 ] ] ] } },
{ "type": "Feature", "properties": { "frame_id": 34466, "rollout": "P4", "region_name": "Montana", "orbit_pass": "DESCENDING" }, "geometry": { "type": "Polygon", "coordinates": [ [ [ -108.1745, 47.1383 ], [ -107.8272, 48.6653 ], [ -104.4317, 48.3845 ], [ -104.8744, 46.8687 ], [ -108.1745, 47.1383 ] ] ] } },
{ "type": "Feature", "properties": { "frame_id": 34467, "rollout": "P4", "region_name": "Montana", "orbit_pass": "DESCENDING" }, "geometry": { "type": "Polygon", "coordinates": [ [ [ -108.4702, 45.8157 ], [ -108.128, 47.3431 ], [ -104.8178, 47.063 ], [ -105.2471, 45.5461 ], [ -108.4702, 45.8157 ] ] ] } },
{ "type": "Feature", "properties": { "frame_id": 34468, "rollout": "P4", "region_name": "Montana", "orbit_pass": "DESCENDING" }, "geometry": { "type": "Polygon", "coordinates": [ [ [ -108.7591, 44.4925 ], [ -108.4245, 46.0205 ], [ -105.1922, 45.7405 ], [ -105.6097, 44.2228 ], [ -108.7591, 44.4925 ] ] ] } },
{ "type": "Feature", "properties": { "frame_id": 34469, "rollout": "P4", "region_name": "Wyoming", "orbit_pass": "DESCENDING" }, "geometry": { "type": "Polygon", "coordinates": [ [ [ -109.0433, 43.1687 ], [ -108.7142, 44.6973 ], [ -105.5562, 44.4172 ], [ -105.9627, 42.8986 ], [ -109.0433, 43.1687 ] ] ] } },
{ "type": "Feature", "properties": { "frame_id": 34470, "rollout": "P4", "region_name": "Wyoming", "orbit_pass": "DESCENDING" }, "geometry": { "type": "Polygon", "coordinates": [ [ [ -109.3236, 41.8444 ], [ -108.9992, 43.3735 ], [ -105.9107, 43.0931 ], [ -106.3073, 41.5737 ], [ -109.3236, 41.8444 ] ] ] } },
{ "type": "Feature", "properties": { "frame_id": 34471, "rollout": "P4", "region_name": "Colorado", "orbit_pass": "DESCENDING" }, "geometry": { "type": "Polygon", "coordinates": [ [ [ -109.6012, 40.5197 ], [ -109.28, 42.0492 ], [ -106.2613, 41.7689 ], [ -106.6487, 40.2487 ], [ -109.6012, 40.5197 ] ] ] } },
{ "type": "Feature", "properties": { "frame_id": 34472, "rollout": "P4", "region_name": "Colorado", "orbit_pass": "DESCENDING" }, "geometry": { "type": "Polygon", "coordinates": [ [ [ -109.8771, 39.1947 ], [ -109.561, 40.7248 ], [ -106.599, 40.4433 ], [ -106.9782, 38.9223 ], [ -109.8771, 39.1947 ] ] ] } },
{ "type": "Feature", "properties": { "frame_id": 34473, "rollout": "P4", "region_name": "Colorado", "orbit_pass": "DESCENDING" }, "geometry": { "type": "Polygon", "coordinates": [ [ [ -110.1474, 37.8689 ], [ -109.8347, 39.3995 ], [ -106.9296, 39.1169 ], [ -107.3014, 37.5952 ], [ -110.1474, 37.8689 ] ] ] } },
{ "type": "Feature", "properties": { "frame_id": 34474, "rollout": "P4", "region_name": "New Mexico", "orbit_pass": "DESCENDING" }, "geometry": { "type": "Polygon", "coordinates": [ [ [ -110.4153, 36.5427 ], [ -110.1055, 38.0737 ], [ -107.2537, 37.7899 ], [ -107.6187, 36.2676 ], [ -110.4153, 36.5427 ] ] ] } },
{ "type": "Feature", "properties": { "frame_id": 34475, "rollout": "P4", "region_name": "New Mexico", "orbit_pass": "DESCENDING" }, "geometry": { "type": "Polygon", "coordinates": [ [ [ -110.6814, 35.2161 ], [ -110.3737, 36.7475 ], [ -107.5719, 36.4622 ], [ -107.9308, 34.9393 ], [ -110.6814, 35.2161 ] ] ] } },
{ "type": "Feature", "properties": { "frame_id": 34476, "rollout": "P4", "region_name": "New Mexico", "orbit_pass": "DESCENDING" }, "geometry": { "type": "Polygon", "coordinates": [ [ [ -110.9451, 33.889 ], [ -110.6396, 35.4208 ], [ -107.8848, 35.134 ], [ -108.2381, 33.6104 ], [ -110.9451, 33.889 ] ] ] } },
{ "type": "Feature", "properties": { "frame_id": 34727, "rollout": "P4", "region_name": "British Columbia", "orbit_pass": "DESCENDING" }, "geometry": { "type": "Polygon", "coordinates": [ [ [ -130.4138, 57.0301 ], [ -129.979, 58.5519 ], [ -125.6965, 58.2509 ], [ -126.2994, 56.7448 ], [ -130.4138, 57.0301 ] ] ] } },
{ "type": "Feature", "properties": { "frame_id": 34728, "rollout": "P4", "region_name": "British Columbia", "orbit_pass": "DESCENDING" }, "geometry": { "type": "Polygon", "coordinates": [ [ [ -130.7724, 55.7119 ], [ -130.3563, 57.2347 ], [ -126.2231, 56.9383 ], [ -126.7959, 55.4305 ], [ -130.7724, 55.7119 ] ] ] } },
{ "type": "Feature", "properties": { "frame_id": 34729, "rollout": "P4", "region_name": "Alaska", "orbit_pass": "DESCENDING" }, "geometry": { "type": "Polygon", "coordinates": [ [ [ -131.1187, 54.393 ], [ -130.7169, 55.9165 ], [ -126.7233, 55.6242 ], [ -127.2696, 54.1149 ], [ -131.1187, 54.393 ] ] ] } },
{ "type": "Feature", "properties": { "frame_id": 34730, "rollout": "P4", "region_name": "British Columbia", "orbit_pass": "DESCENDING" }, "geometry": { "type": "Polygon", "coordinates": [ [ [ -131.4543, 53.0735 ], [ -131.0651, 54.5977 ], [ -127.2002, 54.3087 ], [ -127.7227, 52.798 ], [ -131.4543, 53.0735 ] ] ] } },
{ "type": "Feature", "properties": { "frame_id": 34731, "rollout": "P4", "region_name": "British Columbia", "orbit_pass": "DESCENDING" }, "geometry": { "type": "Polygon", "coordinates": [ [ [ -131.7817, 51.7535 ], [ -131.4024, 53.2782 ], [ -127.6562, 52.9919 ], [ -128.1576, 51.48 ], [ -131.7817, 51.7535 ] ] ] } },
{ "type": "Feature", "properties": { "frame_id": 34732, "rollout": "P4", "region_name": "British Columbia", "orbit_pass": "DESCENDING" }, "geometry": { "type": "Polygon", "coordinates": [ [ [ -132.0991, 50.4328 ], [ -131.7312, 51.9582 ], [ -128.0937, 51.674 ], [ -128.576, 50.1608 ], [ -132.0991, 50.4328 ] ] ] } },
{ "type": "Feature", "properties": { "frame_id": 34986, "rollout": "P4", "region_name": "Alaska", "orbit_pass": "DESCENDING" }, "geometry": { "type": "Polygon", "coordinates": [ [ [ -150.5984, 69.4967 ], [ -149.806, 71.0073 ], [ -143.0487, 70.5902 ], [ -144.291, 69.1147 ], [ -150.5984, 69.4967 ] ] ] } },
{ "type": "Feature", "properties": { "frame_id": 34987, "rollout": "P4", "region_name": "Alaska", "orbit_pass": "DESCENDING" }, "geometry": { "type": "Polygon", "coordinates": [ [ [ -151.2222, 68.188 ], [ -150.4961, 69.7002 ], [ -144.1383, 69.3051 ], [ -145.2589, 67.824 ], [ -151.2222, 68.188 ] ] ] } },
{ "type": "Feature", "properties": { "frame_id": 34988, "rollout": "P4", "region_name": "Alaska", "orbit_pass": "DESCENDING" }, "geometry": { "type": "Polygon", "coordinates": [ [ [ -151.7926, 66.8776 ], [ -151.1285, 68.3917 ], [ -145.1206, 68.0149 ], [ -146.1395, 66.5292 ], [ -151.7926, 66.8776 ] ] ] } },
{ "type": "Feature", "properties": { "frame_id": 34989, "rollout": "P4", "region_name": "Alaska", "orbit_pass": "DESCENDING" }, "geometry": { "type": "Polygon", "coordinates": [ [ [ -152.3217, 65.566 ], [ -151.7061, 67.0815 ], [ -146.0132, 66.7206 ], [ -146.9462, 65.2308 ], [ -152.3217, 65.566 ] ] ] } },
{ "type": "Feature", "properties": { "frame_id": 34990, "rollout": "P4", "region_name": "Alaska", "orbit_pass": "DESCENDING" }, "geometry": { "type": "Polygon", "coordinates": [ [ [ -152.8156, 64.2532 ], [ -152.2412, 65.77 ], [ -146.8301, 65.4227 ], [ -147.6902, 63.9295 ], [ -152.8156, 64.2532 ] ] ] } },
{ "type": "Feature", "properties": { "frame_id": 34991, "rollout": "P4", "region_name": "Alaska", "orbit_pass": "DESCENDING" }, "geometry": { "type": "Polygon", "coordinates": [ [ [ -153.2797, 62.9394 ], [ -152.7402, 64.4574 ], [ -147.5829, 64.1217 ], [ -148.3802, 62.6255 ], [ -153.2797, 62.9394 ] ] ] } },
{ "type": "Feature", "properties": { "frame_id": 34992, "rollout": "P4", "region_name": "Alaska", "orbit_pass": "DESCENDING" }, "geometry": { "type": "Polygon", "coordinates": [ [ [ -153.7211, 61.6249 ], [ -153.2087, 63.1437 ], [ -148.2803, 62.818 ], [ -149.0236, 61.3191 ], [ -153.7211, 61.6249 ] ] ] } },
{ "type": "Feature", "properties": { "frame_id": 34993, "rollout": "P4", "region_name": "Alaska", "orbit_pass": "DESCENDING" }, "geometry": { "type": "Polygon", "coordinates": [ [ [ -154.1372, 60.3093 ], [ -153.6538, 61.8292 ], [ -148.9303, 61.512 ], [ -149.6264, 60.0107 ], [ -154.1372, 60.3093 ] ] ] } },
{ "type": "Feature", "properties": { "frame_id": 34994, "rollout": "P4", "region_name": "Alaska", "orbit_pass": "DESCENDING" }, "geometry": { "type": "Polygon", "coordinates": [ [ [ -154.5341, 58.9929 ], [ -154.0733, 60.5137 ], [ -149.5388, 60.2037 ], [ -150.1939, 58.7003 ], [ -154.5341, 58.9929 ] ] ] } },
{ "type": "Feature", "properties": { "frame_id": 34995, "rollout": "P4", "region_name": "Alaska", "orbit_pass": "DESCENDING" }, "geometry": { "type": "Polygon", "coordinates": [ [ [ -154.9142, 57.6758 ], [ -154.473, 59.1974 ], [ -150.1112, 58.8936 ], [ -150.737, 57.3891 ], [ -154.9142, 57.6758 ] ] ] } },
{ "type": "Feature", "properties": { "frame_id": 34996, "rollout": "P4", "region_name": "Alaska", "orbit_pass": "DESCENDING" }, "geometry": { "type": "Polygon", "coordinates": [ [ [ -155.2857, 56.3584 ], [ -154.8556, 57.8803 ], [ -150.6587, 57.5826 ], [ -151.2458, 56.0755 ], [ -155.2857, 56.3584 ] ] ] } },
{ "type": "Feature", "properties": { "frame_id": 34997, "rollout": "P4", "region_name": "Alaska", "orbit_pass": "DESCENDING" }, "geometry": { "type": "Polygon", "coordinates": [ [ [ -155.6379, 55.0398 ], [ -155.2293, 56.563 ], [ -151.1714, 56.2691 ], [ -151.7302, 54.7605 ], [ -155.6379, 55.0398 ] ] ] } },
{ "type": "Feature", "properties": { "frame_id": 36010, "rollout": "P4", "region_name": "Massachusetts", "orbit_pass": "ASCENDING" }, "geometry": { "type": "Polygon", "coordinates": [ [ [ -73.9825, 43.8503 ], [ -70.9045, 44.3607 ], [ -70.5766, 42.832 ], [ -73.5804, 42.3314 ], [ -73.9825, 43.8503 ] ] ] } },
{ "type": "Feature", "properties": { "frame_id": 36011, "rollout": "P4", "region_name": "Vermont", "orbit_pass": "ASCENDING" }, "geometry": { "type": "Polygon", "coordinates": [ [ [ -74.3422, 45.174 ], [ -71.1944, 45.6839 ], [ -70.8598, 44.1559 ], [ -73.9297, 43.6559 ], [ -74.3422, 45.174 ] ] ] } },
{ "type": "Feature", "properties": { "frame_id": 36012, "rollout": "P4", "region_name": "Ontario", "orbit_pass": "ASCENDING" }, "geometry": { "type": "Polygon", "coordinates": [ [ [ -74.7121, 46.4968 ], [ -71.488, 47.0068 ], [ -71.149, 45.4792 ], [ -74.2879, 44.9796 ], [ -74.7121, 46.4968 ] ] ] } },
{ "type": "Feature", "properties": { "frame_id": 36013, "rollout": "P4", "region_name": "Quebec", "orbit_pass": "ASCENDING" }, "geometry": { "type": "Polygon", "coordinates": [ [ [ -75.093, 47.8188 ], [ -71.7872, 48.3292 ], [ -71.4417, 46.8021 ], [ -74.6562, 46.3025 ], [ -75.093, 47.8188 ] ] ] } },
{ "type": "Feature", "properties": { "frame_id": 36276, "rollout": "P4", "region_name": "Kansas", "orbit_pass": "ASCENDING" }, "geometry": { "type": "Polygon", "coordinates": [ [ [ -97.8026, 40.549 ], [ -94.8847, 41.0607 ], [ -94.5669, 39.5307 ], [ -97.4229, 39.028 ], [ -97.8026, 40.549 ] ] ] } },
{ "type": "Feature", "properties": { "frame_id": 36277, "rollout": "P4", "region_name": "Iowa", "orbit_pass": "ASCENDING" }, "geometry": { "type": "Polygon", "coordinates": [ [ [ -98.141, 41.8746 ], [ -95.1626, 42.3854 ], [ -94.8417, 40.8559 ], [ -97.7529, 40.3544 ], [ -98.141, 41.8746 ] ] ] } },
{ "type": "Feature", "properties": { "frame_id": 36278, "rollout": "P4", "region_name": "Iowa", "orbit_pass": "ASCENDING" }, "geometry": { "type": "Polygon", "coordinates": [ [ [ -98.4873, 43.1995 ], [ -95.4443, 43.7097 ], [ -95.119, 42.1806 ], [ -98.0902, 41.6801 ], [ -98.4873, 43.1995 ] ] ] } },
{ "type": "Feature", "properties": { "frame_id": 36279, "rollout": "P4", "region_name": "Iowa", "orbit_pass": "ASCENDING" }, "geometry": { "type": "Polygon", "coordinates": [ [ [ -98.8422, 44.5236 ], [ -95.7304, 45.0334 ], [ -95.4, 43.5049 ], [ -98.4351, 43.005 ], [ -98.8422, 44.5236 ] ] ] } },
{ "type": "Feature", "properties": { "frame_id": 36280, "rollout": "P4", "region_name": "South Dakota", "orbit_pass": "ASCENDING" }, "geometry": { "type": "Polygon", "coordinates": [ [ [ -99.2068, 45.8469 ], [ -96.0227, 46.3564 ], [ -95.6853, 44.8286 ], [ -98.7887, 44.3292 ], [ -99.2068, 45.8469 ] ] ] } },
{ "type": "Feature", "properties": { "frame_id": 36281, "rollout": "P4", "region_name": "South Dakota", "orbit_pass": "ASCENDING" }, "geometry": { "type": "Polygon", "coordinates": [ [ [ -99.5819, 47.1694 ], [ -96.3189, 47.6791 ], [ -95.9768, 46.1516 ], [ -99.1517, 45.6525 ], [ -99.5819, 47.1694 ] ] ] } },
{ "type": "Feature", "properties": { "frame_id": 36282, "rollout": "P4", "region_name": "Manitoba", "orbit_pass": "ASCENDING" }, "geometry": { "type": "Polygon", "coordinates": [ [ [ -99.9686, 48.4909 ], [ -96.6211, 49.0011 ], [ -96.2721, 47.4743 ], [ -99.5252, 46.975 ], [ -99.9686, 48.4909 ] ] ] } },
{ "type": "Feature", "properties": { "frame_id": 36283, "rollout": "P4", "region_name": "Manitoba", "orbit_pass": "ASCENDING" }, "geometry": { "type": "Polygon", "coordinates": [ [ [ -100.3743, 49.8107 ], [ -96.9301, 50.3226 ], [ -96.5733, 48.7964 ], [ -99.9159, 48.2959 ], [ -100.3743, 49.8107 ] ] ] } },
{ "type": "Feature", "properties": { "frame_id": 36284, "rollout": "P4", "region_name": "Manitoba", "orbit_pass": "ASCENDING" }, "geometry": { "type": "Polygon", "coordinates": [ [ [ -100.7886, 51.1303 ], [ -97.252, 51.643 ], [ -96.8846, 50.1176 ], [ -100.3137, 49.6166 ], [ -100.7886, 51.1303 ] ] ] } },
{ "type": "Feature", "properties": { "frame_id": 36285, "rollout": "P4", "region_name": "Manitoba", "orbit_pass": "ASCENDING" }, "geometry": { "type": "Polygon", "coordinates": [ [ [ -101.2189, 52.4487 ], [ -97.577, 52.9634 ], [ -97.2018, 51.4383 ], [ -100.7258, 50.9362 ], [ -101.2189, 52.4487 ] ] ] } },
{ "type": "Feature", "properties": { "frame_id": 36543, "rollout": "P4", "region_name": "Nevada", "orbit_pass": "ASCENDING" }, "geometry": { "type": "Polygon", "coordinates": [ [ [ -121.991, 38.5682 ], [ -119.1575, 39.0814 ], [ -118.8455, 37.5506 ], [ -121.6222, 37.0461 ], [ -121.991, 38.5682 ] ] ] } },
{ "type": "Feature", "properties": { "frame_id": 36544, "rollout": "P4", "region_name": "Northern California", "orbit_pass": "ASCENDING" }, "geometry": { "type": "Polygon", "coordinates": [ [ [ -122.3187, 39.895 ], [ -119.4312, 40.4069 ], [ -119.1152, 38.8766 ], [ -121.9428, 38.3736 ], [ -122.3187, 39.895 ] ] ] } },
{ "type": "Feature", "properties": { "frame_id": 36545, "rollout": "P4", "region_name": "Northern California", "orbit_pass": "ASCENDING" }, "geometry": { "type": "Polygon", "coordinates": [ [ [ -122.658, 41.2203 ], [ -119.7073, 41.7319 ], [ -119.3884, 40.202 ], [ -122.2695, 39.7003 ], [ -122.658, 41.2203 ] ] ] } },
{ "type": "Feature", "properties": { "frame_id": 36546, "rollout": "P4", "region_name": "Northern California", "orbit_pass": "ASCENDING" }, "geometry": { "type": "Polygon", "coordinates": [ [ [ -123.0004, 42.5456 ], [ -119.9899, 43.0561 ], [ -119.664, 41.5271 ], [ -122.6077, 41.0258 ], [ -123.0004, 42.5456 ] ] ] } },
{ "type": "Feature", "properties": { "frame_id": 36547, "rollout": "P4", "region_name": "Oregon", "orbit_pass": "ASCENDING" }, "geometry": { "type": "Polygon", "coordinates": [ [ [ -123.351, 43.8702 ], [ -120.2738, 44.3801 ], [ -119.946, 42.8513 ], [ -122.9489, 42.3511 ], [ -123.351, 43.8702 ] ] ] } },
{ "type": "Feature", "properties": { "frame_id": 36548, "rollout": "P4", "region_name": "Washington", "orbit_pass": "ASCENDING" }, "geometry": { "type": "Polygon", "coordinates": [ [ [ -123.7108, 45.1939 ], [ -120.5638, 45.7034 ], [ -120.2291, 44.1753 ], [ -123.2982, 43.6757 ], [ -123.7108, 45.1939 ] ] ] } },
{ "type": "Feature", "properties": { "frame_id": 36549, "rollout": "P4", "region_name": "Oregon", "orbit_pass": "ASCENDING" }, "geometry": { "type": "Polygon", "coordinates": [ [ [ -124.0807, 46.5168 ], [ -120.8573, 47.0264 ], [ -120.5183, 45.4987 ], [ -123.6565, 44.9995 ], [ -124.0807, 46.5168 ] ] ] } },
{ "type": "Feature", "properties": { "frame_id": 36550, "rollout": "P4", "region_name": "Washington", "orbit_pass": "ASCENDING" }, "geometry": { "type": "Polygon", "coordinates": [ [ [ -124.4617, 47.8389 ], [ -121.1565, 48.3488 ], [ -120.811, 46.8216 ], [ -124.0249, 46.3225 ], [ -124.4617, 47.8389 ] ] ] } },
{ "type": "Feature", "properties": { "frame_id": 36551, "rollout": "P4", "region_name": "British Columbia", "orbit_pass": "ASCENDING" }, "geometry": { "type": "Polygon", "coordinates": [ [ [ -124.8549, 49.16 ], [ -121.4621, 49.6707 ], [ -121.1092, 48.144 ], [ -124.4041, 47.6446 ], [ -124.8549, 49.16 ] ] ] } },
{ "type": "Feature", "properties": { "frame_id": 36552, "rollout": "P4", "region_name": "British Columbia", "orbit_pass": "ASCENDING" }, "geometry": { "type": "Polygon", "coordinates": [ [ [ -125.2619, 50.4801 ], [ -121.7748, 50.9919 ], [ -121.4138, 49.4659 ], [ -124.7954, 48.9658 ], [ -125.2619, 50.4801 ] ] ] } },
{ "type": "Feature", "properties": { "frame_id": 36553, "rollout": "P4", "region_name": "British Columbia", "orbit_pass": "ASCENDING" }, "geometry": { "type": "Polygon", "coordinates": [ [ [ -125.684, 51.7992 ], [ -122.0974, 52.3124 ], [ -121.7253, 50.7872 ], [ -125.2002, 50.286 ], [ -125.684, 51.7992 ] ] ] } },
{ "type": "Feature", "properties": { "frame_id": 36554, "rollout": "P4", "region_name": "British Columbia", "orbit_pass": "ASCENDING" }, "geometry": { "type": "Polygon", "coordinates": [ [ [ -126.1228, 53.1171 ], [ -122.4271, 53.6324 ], [ -122.0465, 52.1077 ], [ -125.6199, 51.6051 ], [ -126.1228, 53.1171 ] ] ] } },
{ "type": "Feature", "properties": { "frame_id": 36555, "rollout": "P4", "region_name": "British Columbia", "orbit_pass": "ASCENDING" }, "geometry": { "type": "Polygon", "coordinates": [ [ [ -126.5804, 54.4339 ], [ -122.7669, 54.9518 ], [ -122.3748, 53.4277 ], [ -126.0561, 52.9232 ], [ -126.5804, 54.4339 ] ] ] } },
{ "type": "Feature", "properties": { "frame_id": 36556, "rollout": "P4", "region_name": "British Columbia", "orbit_pass": "ASCENDING" }, "geometry": { "type": "Polygon", "coordinates": [ [ [ -127.0591, 55.7493 ], [ -123.1181, 56.2705 ], [ -122.7129, 54.7472 ], [ -126.5108, 54.24 ], [ -127.0591, 55.7493 ] ] ] } },
{ "type": "Feature", "properties": { "frame_id": 36836, "rollout": "P4", "region_name": "Alaska", "orbit_pass": "ASCENDING" }, "geometry": { "type": "Polygon", "coordinates": [ [ [ -160.1973, 70.7355 ], [ -153.52, 71.3822 ], [ -152.7052, 69.8722 ], [ -158.94, 69.2606 ], [ -160.1973, 70.7355 ] ] ] } },
{ "type": "Feature", "properties": { "frame_id": 36837, "rollout": "P4", "region_name": "Alaska", "orbit_pass": "ASCENDING" }, "geometry": { "type": "Polygon", "coordinates": [ [ [ -161.4323, 72.0141 ], [ -154.3096, 72.6867 ], [ -153.404, 71.179 ], [ -160.0253, 70.546 ], [ -161.4323, 72.0141 ] ] ] } },
{ "type": "Feature", "properties": { "frame_id": 37958, "rollout": "P4", "region_name": "Maine", "orbit_pass": "DESCENDING" }, "geometry": { "type": "Polygon", "coordinates": [ [ [ -69.5678, 44.987 ], [ -69.2296, 46.5147 ], [ -65.9724, 46.2353 ], [ -66.3939, 44.7178 ], [ -69.5678, 44.987 ] ] ] } },
{ "type": "Feature", "properties": { "frame_id": 37959, "rollout": "P4", "region_name": "Maine", "orbit_pass": "DESCENDING" }, "geometry": { "type": "Polygon", "coordinates": [ [ [ -69.8536, 43.6633 ], [ -69.5226, 45.1918 ], [ -66.3399, 44.9122 ], [ -66.7502, 43.3938 ], [ -69.8536, 43.6633 ] ] ] } },
{ "type": "Feature", "properties": { "frame_id": 37960, "rollout": "P4", "region_name": "Maine", "orbit_pass": "DESCENDING" }, "geometry": { "type": "Polygon", "coordinates": [ [ [ -70.1352, 42.3391 ], [ -69.8092, 43.8681 ], [ -66.6977, 43.5883 ], [ -67.0977, 42.0691 ], [ -70.1352, 42.3391 ] ] ] } },
{ "type": "Feature", "properties": { "frame_id": 37961, "rollout": "P4", "region_name": "Massachusetts", "orbit_pass": "DESCENDING" }, "geometry": { "type": "Polygon", "coordinates": [ [ [ -70.413, 41.0144 ], [ -70.0914, 42.5439 ], [ -67.0464, 42.2636 ], [ -67.4371, 40.7436 ], [ -70.413, 41.0144 ] ] ] } },
{ "type": "Feature", "properties": { "frame_id": 38223, "rollout": "P4", "region_name": "Ontario", "orbit_pass": "DESCENDING" }, "geometry": { "type": "Polygon", "coordinates": [ [ [ -93.2099, 49.61 ], [ -92.8479, 51.1359 ], [ -89.2762, 50.8531 ], [ -89.7474, 49.3391 ], [ -93.2099, 49.61 ] ] ] } },
{ "type": "Feature", "properties": { "frame_id": 38224, "rollout": "P4", "region_name": "Ontario", "orbit_pass": "DESCENDING" }, "geometry": { "type": "Polygon", "coordinates": [ [ [ -93.5151, 48.2883 ], [ -93.1614, 49.8148 ], [ -89.6873, 49.5333 ], [ -90.1425, 48.0183 ], [ -93.5151, 48.2883 ] ] ] } },
{ "type": "Feature", "properties": { "frame_id": 38228, "rollout": "P4", "region_name": "Iowa", "orbit_pass": "DESCENDING" }, "geometry": { "type": "Polygon", "coordinates": [ [ [ -94.6808, 42.9961 ], [ -94.3524, 44.5248 ], [ -91.2043, 44.2449 ], [ -91.6093, 42.7261 ], [ -94.6808, 42.9961 ] ] ] } },
{ "type": "Feature", "properties": { "frame_id": 38229, "rollout": "P4", "region_name": "Iowa", "orbit_pass": "DESCENDING" }, "geometry": { "type": "Polygon", "coordinates": [ [ [ -94.9605, 41.6717 ], [ -94.6367, 43.2009 ], [ -91.5575, 42.9206 ], [ -91.9527, 41.4011 ], [ -94.9605, 41.6717 ] ] ] } },
{ "type": "Feature", "properties": { "frame_id": 38230, "rollout": "P4", "region_name": "Iowa", "orbit_pass": "DESCENDING" }, "geometry": { "type": "Polygon", "coordinates": [ [ [ -95.2376, 40.347 ], [ -94.917, 41.8765 ], [ -91.9021, 41.5956 ], [ -92.2885, 40.0753 ], [ -95.2376, 40.347 ] ] ] } },
{ "type": "Feature", "properties": { "frame_id": 38491, "rollout": "P4", "region_name": "British Columbia", "orbit_pass": "DESCENDING" }, "geometry": { "type": "Polygon", "coordinates": [ [ [ -117.7394, 50.2642 ], [ -117.3727, 51.7898 ], [ -113.7486, 51.5058 ], [ -114.2287, 49.9925 ], [ -117.7394, 50.2642 ] ] ] } },
{ "type": "Feature", "properties": { "frame_id": 38492, "rollout": "P4", "region_name": "Washington", "orbit_pass": "DESCENDING" }, "geometry": { "type": "Polygon", "coordinates": [ [ [ -118.0482, 48.9428 ], [ -117.6903, 50.469 ], [ -114.1674, 50.1866 ], [ -114.6306, 48.6721 ], [ -118.0482, 48.9428 ] ] ] } },
{ "type": "Feature", "properties": { "frame_id": 38493, "rollout": "P4", "region_name": "Washington", "orbit_pass": "DESCENDING" }, "geometry": { "type": "Polygon", "coordinates": [ [ [ -118.3503, 47.6208 ], [ -118.0003, 49.1476 ], [ -114.5715, 48.8664 ], [ -115.0194, 47.3509 ], [ -118.3503, 47.6208 ] ] ] } },
{ "type": "Feature", "properties": { "frame_id": 38494, "rollout": "P4", "region_name": "Idaho", "orbit_pass": "DESCENDING" }, "geometry": { "type": "Polygon", "coordinates": [ [ [ -118.648, 46.2984 ], [ -118.3034, 47.8256 ], [ -114.9677, 47.5459 ], [ -115.4017, 46.0294 ], [ -118.648, 46.2984 ] ] ] } },
{ "type": "Feature", "properties": { "frame_id": 38495, "rollout": "P4", "region_name": "Idaho", "orbit_pass": "DESCENDING" }, "geometry": { "type": "Polygon", "coordinates": [ [ [ -118.9418, 44.9757 ], [ -118.6035, 46.5034 ], [ -115.3462, 46.2238 ], [ -115.7677, 44.7063 ], [ -118.9418, 44.9757 ] ] ] } },
{ "type": "Feature", "properties": { "frame_id": 38496, "rollout": "P4", "region_name": "Idaho", "orbit_pass": "DESCENDING" }, "geometry": { "type": "Polygon", "coordinates": [ [ [ -119.2276, 43.6521 ], [ -118.8966, 45.1805 ], [ -115.7137, 44.9007 ], [ -116.124, 43.3824 ], [ -119.2276, 43.6521 ] ] ] } },
{ "type": "Feature", "properties": { "frame_id": 38497, "rollout": "P4", "region_name": "Idaho", "orbit_pass": "DESCENDING" }, "geometry": { "type": "Polygon", "coordinates": [ [ [ -119.5092, 42.3279 ], [ -119.1832, 43.8569 ], [ -116.0715, 43.5769 ], [ -116.4715, 42.0577 ], [ -119.5092, 42.3279 ] ] ] } },
{ "type": "Feature", "properties": { "frame_id": 38498, "rollout": "P4", "region_name": "Nevada", "orbit_pass": "DESCENDING" }, "geometry": { "type": "Polygon", "coordinates": [ [ [ -119.787, 41.0033 ], [ -119.4655, 42.5327 ], [ -116.4202, 42.2523 ], [ -116.8109, 40.7323 ], [ -119.787, 41.0033 ] ] ] } },
{ "type": "Feature", "properties": { "frame_id": 38499, "rollout": "P4", "region_name": "Nevada", "orbit_pass": "DESCENDING" }, "geometry": { "type": "Polygon", "coordinates": [ [ [ -120.0625, 39.6783 ], [ -119.7439, 41.2081 ], [ -116.7608, 40.9269 ], [ -117.143, 39.4062 ], [ -120.0625, 39.6783 ] ] ] } },
{ "type": "Feature", "properties": { "frame_id": 38500, "rollout": "P4", "region_name": "Northern California", "orbit_pass": "DESCENDING" }, "geometry": { "type": "Polygon", "coordinates": [ [ [ -120.3339, 38.3526 ], [ -120.0199, 39.8831 ], [ -117.094, 39.6008 ], [ -117.4686, 38.0794 ], [ -120.3339, 38.3526 ] ] ] } },
{ "type": "Feature", "properties": { "frame_id": 38501, "rollout": "P4", "region_name": "Northern California", "orbit_pass": "DESCENDING" }, "geometry": { "type": "Polygon", "coordinates": [ [ [ -120.6027, 37.0266 ], [ -120.2918, 38.5575 ], [ -117.4206, 38.274 ], [ -117.788, 36.7519 ], [ -120.6027, 37.0266 ] ] ] } },
{ "type": "Feature", "properties": { "frame_id": 38751, "rollout": "P4", "region_name": "Alaska", "orbit_pass": "DESCENDING" }, "geometry": { "type": "Polygon", "coordinates": [ [ [ -139.376, 61.4589 ], [ -138.8672, 62.9778 ], [ -133.9662, 62.6534 ], [ -134.7032, 61.1541 ], [ -139.376, 61.4589 ] ] ] } },
{ "type": "Feature", "properties": { "frame_id": 38752, "rollout": "P4", "region_name": "Alaska", "orbit_pass": "DESCENDING" }, "geometry": { "type": "Polygon", "coordinates": [ [ [ -139.7896, 60.1432 ], [ -139.3093, 61.6633 ], [ -134.6106, 61.347 ], [ -135.3012, 59.8454 ], [ -139.7896, 60.1432 ] ] ] } },
{ "type": "Feature", "properties": { "frame_id": 38753, "rollout": "P4", "region_name": "Alaska", "orbit_pass": "DESCENDING" }, "geometry": { "type": "Polygon", "coordinates": [ [ [ -140.1842, 58.8267 ], [ -139.726, 60.3476 ], [ -135.2142, 60.0385 ], [ -135.8645, 58.5349 ], [ -140.1842, 58.8267 ] ] ] } },
{ "type": "Feature", "properties": { "frame_id": 38754, "rollout": "P4", "region_name": "Alaska", "orbit_pass": "DESCENDING" }, "geometry": { "type": "Polygon", "coordinates": [ [ [ -140.5622, 57.5095 ], [ -140.1234, 59.0312 ], [ -135.7824, 58.7282 ], [ -136.3971, 57.2227 ], [ -140.5622, 57.5095 ] ] ] } },
{ "type": "Feature", "properties": { "frame_id": 40033, "rollout": "P4", "region_name": "West Virginia", "orbit_pass": "ASCENDING" }, "geometry": { "type": "Polygon", "coordinates": [ [ [ -82.7914, 38.065 ], [ -79.9752, 38.5793 ], [ -79.6642, 37.0484 ], [ -82.425, 36.5428 ], [ -82.7914, 38.065 ] ] ] } },
{ "type": "Feature", "properties": { "frame_id": 40034, "rollout": "P4", "region_name": "West Virginia", "orbit_pass": "ASCENDING" }, "geometry": { "type": "Polygon", "coordinates": [ [ [ -83.1169, 39.3919 ], [ -80.2471, 39.9049 ], [ -79.933, 38.3745 ], [ -82.7436, 37.8704 ], [ -83.1169, 39.3919 ] ] ] } },
{ "type": "Feature", "properties": { "frame_id": 40035, "rollout": "P4", "region_name": "West Virginia", "orbit_pass": "ASCENDING" }, "geometry": { "type": "Polygon", "coordinates": [ [ [ -83.4489, 40.7182 ], [ -80.5228, 41.23 ], [ -80.2044, 39.7001 ], [ -83.0681, 39.1973 ], [ -83.4489, 40.7182 ] ] ] } },
{ "type": "Feature", "properties": { "frame_id": 40036, "rollout": "P4", "region_name": "Ohio", "orbit_pass": "ASCENDING" }, "geometry": { "type": "Polygon", "coordinates": [ [ [ -83.7883, 42.0437 ], [ -80.8012, 42.5546 ], [ -80.4797, 41.0252 ], [ -83.399, 40.5236 ], [ -83.7883, 42.0437 ] ] ] } },
{ "type": "Feature", "properties": { "frame_id": 40037, "rollout": "P4", "region_name": "Michigan", "orbit_pass": "ASCENDING" }, "geometry": { "type": "Polygon", "coordinates": [ [ [ -84.1357, 43.3685 ], [ -81.0835, 43.8788 ], [ -80.7575, 42.3498 ], [ -83.7373, 41.8492 ], [ -84.1357, 43.3685 ] ] ] } },
{ "type": "Feature", "properties": { "frame_id": 40038, "rollout": "P4", "region_name": "Michigan", "orbit_pass": "ASCENDING" }, "geometry": { "type": "Polygon", "coordinates": [ [ [ -84.4918, 44.6925 ], [ -81.3702, 45.2024 ], [ -81.0391, 43.674 ], [ -84.0834, 43.174 ], [ -84.4918, 44.6925 ] ] ] } },
{ "type": "Feature", "properties": { "frame_id": 40039, "rollout": "P4", "region_name": "Ontario", "orbit_pass": "ASCENDING" }, "geometry": { "type": "Polygon", "coordinates": [ [ [ -84.8578, 46.0156 ], [ -81.6632, 46.5253 ], [ -81.325, 44.9976 ], [ -84.4381, 44.498 ], [ -84.8578, 46.0156 ] ] ] } },
{ "type": "Feature", "properties": { "frame_id": 40040, "rollout": "P4", "region_name": "Ontario", "orbit_pass": "ASCENDING" }, "geometry": { "type": "Polygon", "coordinates": [ [ [ -85.2344, 47.3379 ], [ -81.9602, 47.8479 ], [ -81.6172, 46.3205 ], [ -84.8025, 45.8213 ], [ -85.2344, 47.3379 ] ] ] } },
{ "type": "Feature", "properties": { "frame_id": 40041, "rollout": "P4", "region_name": "Ontario", "orbit_pass": "ASCENDING" }, "geometry": { "type": "Polygon", "coordinates": [ [ [ -85.6228, 48.6594 ], [ -82.2633, 49.1699 ], [ -81.9133, 47.6431 ], [ -85.1774, 47.1436 ], [ -85.6228, 48.6594 ] ] ] } },
{ "type": "Feature", "properties": { "frame_id": 40042, "rollout": "P4", "region_name": "Ontario", "orbit_pass": "ASCENDING" }, "geometry": { "type": "Polygon", "coordinates": [ [ [ -86.0244, 49.9798 ], [ -82.5732, 50.4913 ], [ -82.2154, 48.9651 ], [ -85.564, 48.4651 ], [ -86.0244, 49.9798 ] ] ] } },
{ "type": "Feature", "properties": { "frame_id": 40300, "rollout": "P4", "region_name": "New Mexico", "orbit_pass": "ASCENDING" }, "geometry": { "type": "Polygon", "coordinates": [ [ [ -106.9956, 36.0825 ], [ -104.255, 36.5986 ], [ -103.9481, 35.067 ], [ -106.6386, 34.5592 ], [ -106.9956, 36.0825 ] ] ] } },
{ "type": "Feature", "properties": { "frame_id": 40301, "rollout": "P4", "region_name": "New Mexico", "orbit_pass": "ASCENDING" }, "geometry": { "type": "Polygon", "coordinates": [ [ [ -107.3121, 37.4104 ], [ -104.5229, 37.9249 ], [ -104.2135, 36.3938 ], [ -106.9491, 35.8878 ], [ -107.3121, 37.4104 ] ] ] } },
{ "type": "Feature", "properties": { "frame_id": 40302, "rollout": "P4", "region_name": "Colorado", "orbit_pass": "ASCENDING" }, "geometry": { "type": "Polygon", "coordinates": [ [ [ -107.6344, 38.7377 ], [ -104.7933, 39.2508 ], [ -104.481, 37.7201 ], [ -107.2648, 37.2157 ], [ -107.6344, 38.7377 ] ] ] } },
{ "type": "Feature", "properties": { "frame_id": 40303, "rollout": "P4", "region_name": "Colorado", "orbit_pass": "ASCENDING" }, "geometry": { "type": "Polygon", "coordinates": [ [ [ -107.9629, 40.0643 ], [ -105.0674, 40.5762 ], [ -104.7509, 39.046 ], [ -107.5861, 38.543 ], [ -107.9629, 40.0643 ] ] ] } },
{ "type": "Feature", "properties": { "frame_id": 40304, "rollout": "P4", "region_name": "Colorado", "orbit_pass": "ASCENDING" }, "geometry": { "type": "Polygon", "coordinates": [ [ [ -108.2985, 41.3902 ], [ -105.3439, 41.9011 ], [ -105.0245, 40.3713 ], [ -107.9136, 39.8697 ], [ -108.2985, 41.3902 ] ] ] } },
{ "type": "Feature", "properties": { "frame_id": 40305, "rollout": "P4", "region_name": "Wyoming", "orbit_pass": "ASCENDING" }, "geometry": { "type": "Polygon", "coordinates": [ [ [ -108.6466, 42.7147 ], [ -105.6241, 43.2256 ], [ -105.3005, 41.6963 ], [ -108.248, 41.1957 ], [ -108.6466, 42.7147 ] ] ] } },
{ "type": "Feature", "properties": { "frame_id": 40306, "rollout": "P4", "region_name": "Wyoming", "orbit_pass": "ASCENDING" }, "geometry": { "type": "Polygon", "coordinates": [ [ [ -108.9983, 44.0392 ], [ -105.9114, 44.5492 ], [ -105.58, 43.0208 ], [ -108.5949, 42.5202 ], [ -108.9983, 44.0392 ] ] ] } },
{ "type": "Feature", "properties": { "frame_id": 40307, "rollout": "P4", "region_name": "Montana", "orbit_pass": "ASCENDING" }, "geometry": { "type": "Polygon", "coordinates": [ [ [ -109.3593, 45.3628 ], [ -106.2019, 45.8724 ], [ -105.8667, 44.3444 ], [ -108.9453, 43.8447 ], [ -109.3593, 45.3628 ] ] ] } },
{ "type": "Feature", "properties": { "frame_id": 40308, "rollout": "P4", "region_name": "Montana", "orbit_pass": "ASCENDING" }, "geometry": { "type": "Polygon", "coordinates": [ [ [ -109.7305, 46.6856 ], [ -106.4961, 47.1953 ], [ -106.1564, 45.6676 ], [ -109.3048, 45.1684 ], [ -109.7305, 46.6856 ] ] ] } },
{ "type": "Feature", "properties": { "frame_id": 40309, "rollout": "P4", "region_name": "Montana", "orbit_pass": "ASCENDING" }, "geometry": { "type": "Polygon", "coordinates": [ [ [ -110.113, 48.0075 ], [ -106.7961, 48.5176 ], [ -106.4497, 46.9905 ], [ -109.6745, 46.4913 ], [ -110.113, 48.0075 ] ] ] } },
{ "type": "Feature", "properties": { "frame_id": 40310, "rollout": "P4", "region_name": "Alberta", "orbit_pass": "ASCENDING" }, "geometry": { "type": "Polygon", "coordinates": [ [ [ -110.5078, 49.3285 ], [ -107.1025, 49.8394 ], [ -106.7487, 48.3129 ], [ -110.0551, 47.8132 ], [ -110.5078, 49.3285 ] ] ] } },
{ "type": "Feature", "properties": { "frame_id": 40311, "rollout": "P4", "region_name": "Saskatchewan", "orbit_pass": "ASCENDING" }, "geometry": { "type": "Polygon", "coordinates": [ [ [ -110.9166, 50.6484 ], [ -107.4181, 51.1603 ], [ -107.0541, 49.6346 ], [ -110.448, 49.1343 ], [ -110.9166, 50.6484 ] ] ] } },
{ "type": "Feature", "properties": { "frame_id": 40312, "rollout": "P4", "region_name": "Saskatchewan", "orbit_pass": "ASCENDING" }, "geometry": { "type": "Polygon", "coordinates": [ [ [ -110.8546, 50.4543 ], [ -111.3407, 51.9673 ], [ -107.7398, 52.4809 ], [ -107.3684, 50.9556 ], [ -110.8546, 50.4543 ] ] ] } },
{ "type": "Feature", "properties": { "frame_id": 40584, "rollout": "P4", "region_name": "Alaska", "orbit_pass": "ASCENDING" }, "geometry": { "type": "Polygon", "coordinates": [ [ [ -137.665, 56.5835 ], [ -133.6387, 57.1073 ], [ -133.2217, 55.5846 ], [ -137.0998, 55.0752 ], [ -137.665, 56.5835 ] ] ] } },
{ "type": "Feature", "properties": { "frame_id": 40585, "rollout": "P4", "region_name": "Alaska", "orbit_pass": "ASCENDING" }, "geometry": { "type": "Polygon", "coordinates": [ [ [ -138.184, 57.8966 ], [ -134.012, 58.4249 ], [ -133.5815, 56.9027 ], [ -137.5897, 56.3899 ], [ -138.184, 57.8966 ] ] ] } },
{ "type": "Feature", "properties": { "frame_id": 40586, "rollout": "P4", "region_name": "Alaska", "orbit_pass": "ASCENDING" }, "geometry": { "type": "Polygon", "coordinates": [ [ [ -138.7316, 59.2082 ], [ -134.4012, 59.7417 ], [ -133.9524, 58.2204 ], [ -138.1047, 57.7032 ], [ -138.7316, 59.2082 ] ] ] } },
{ "type": "Feature", "properties": { "frame_id": 40587, "rollout": "P4", "region_name": "Alaska", "orbit_pass": "ASCENDING" }, "geometry": { "type": "Polygon", "coordinates": [ [ [ -139.3121, 60.5179 ], [ -134.8085, 61.0578 ], [ -134.339, 59.5373 ], [ -138.6478, 59.0149 ], [ -139.3121, 60.5179 ] ] ] } },
{ "type": "Feature", "properties": { "frame_id": 40588, "rollout": "P4", "region_name": "Alaska", "orbit_pass": "ASCENDING" }, "geometry": { "type": "Polygon", "coordinates": [ [ [ -139.9296, 61.8257 ], [ -135.2396, 62.3728 ], [ -134.7433, 60.8534 ], [ -139.2231, 60.3249 ], [ -139.9296, 61.8257 ] ] ] } },
{ "type": "Feature", "properties": { "frame_id": 40589, "rollout": "P4", "region_name": "Alaska", "orbit_pass": "ASCENDING" }, "geometry": { "type": "Polygon", "coordinates": [ [ [ -140.5901, 63.1313 ], [ -135.692, 63.6871 ], [ -135.1709, 62.1685 ], [ -139.8348, 61.6329 ], [ -140.5901, 63.1313 ] ] ] } },
{ "type": "Feature", "properties": { "frame_id": 40590, "rollout": "P4", "region_name": "Alaska", "orbit_pass": "ASCENDING" }, "geometry": { "type": "Polygon", "coordinates": [ [ [ -141.2996, 64.4345 ], [ -136.9903, 64.9405 ], [ -136.1722, 65.0004 ], [ -135.6193, 63.4829 ], [ -140.4886, 62.9388 ], [ -141.2996, 64.4345 ] ] ] } },
{ "type": "Feature", "properties": { "frame_id": 40851, "rollout": "P4", "region_name": "Alaska", "orbit_pass": "ASCENDING" }, "geometry": { "type": "Polygon", "coordinates": [ [ [ -161.6222, 54.6235 ], [ -157.7914, 55.142 ], [ -157.3972, 53.618 ], [ -161.0945, 53.113 ], [ -161.6222, 54.6235 ] ] ] } },
{ "type": "Feature", "properties": { "frame_id": 40852, "rollout": "P4", "region_name": "Alaska", "orbit_pass": "ASCENDING" }, "geometry": { "type": "Polygon", "coordinates": [ [ [ -162.1043, 55.9387 ], [ -158.1445, 56.4606 ], [ -157.7371, 54.9373 ], [ -161.5521, 54.4297 ], [ -162.1043, 55.9387 ] ] ] } },
{ "type": "Feature", "properties": { "frame_id": 40853, "rollout": "P4", "region_name": "Alaska", "orbit_pass": "ASCENDING" }, "geometry": { "type": "Polygon", "coordinates": [ [ [ -162.6105, 57.2526 ], [ -158.5132, 57.7784 ], [ -158.0882, 56.256 ], [ -162.0308, 55.7451 ], [ -162.6105, 57.2526 ] ] ] } },
{ "type": "Feature", "properties": { "frame_id": 40854, "rollout": "P4", "region_name": "Alaska", "orbit_pass": "ASCENDING" }, "geometry": { "type": "Polygon", "coordinates": [ [ [ -163.1436, 58.5649 ], [ -158.8945, 59.0956 ], [ -158.4548, 57.5738 ], [ -162.5332, 57.0591 ], [ -163.1436, 58.5649 ] ] ] } },
{ "type": "Feature", "properties": { "frame_id": 40855, "rollout": "P4", "region_name": "Alaska", "orbit_pass": "ASCENDING" }, "geometry": { "type": "Polygon", "coordinates": [ [ [ -163.7145, 59.8748 ], [ -159.2927, 60.412 ], [ -158.8336, 58.8911 ], [ -163.0621, 58.3716 ], [ -163.7145, 59.8748 ] ] ] } },
{ "type": "Feature", "properties": { "frame_id": 40856, "rollout": "P4", "region_name": "Alaska", "orbit_pass": "ASCENDING" }, "geometry": { "type": "Polygon", "coordinates": [ [ [ -164.3135, 61.1835 ], [ -159.7145, 61.7273 ], [ -159.2289, 60.2076 ], [ -163.6282, 59.6816 ], [ -164.3135, 61.1835 ] ] ] } },
{ "type": "Feature", "properties": { "frame_id": 40857, "rollout": "P4", "region_name": "Alaska", "orbit_pass": "ASCENDING" }, "geometry": { "type": "Polygon", "coordinates": [ [ [ -164.9522, 62.4902 ], [ -160.1576, 63.0419 ], [ -159.6475, 61.523 ], [ -164.2217, 60.9906 ], [ -164.9522, 62.4902 ] ] ] } },
{ "type": "Feature", "properties": { "frame_id": 40858, "rollout": "P4", "region_name": "Alaska", "orbit_pass": "ASCENDING" }, "geometry": { "type": "Polygon", "coordinates": [ [ [ -165.6371, 63.7946 ], [ -161.423, 64.2962 ], [ -160.6239, 64.3557 ], [ -160.0869, 62.8377 ], [ -164.8541, 62.2976 ], [ -165.6371, 63.7946 ] ] ] } },
{ "type": "Feature", "properties": { "frame_id": 40859, "rollout": "P4", "region_name": "Alaska", "orbit_pass": "ASCENDING" }, "geometry": { "type": "Polygon", "coordinates": [ [ [ -166.3749, 65.0964 ], [ -161.9592, 65.6079 ], [ -161.1203, 65.6685 ], [ -160.5489, 64.1516 ], [ -165.5318, 63.6023 ], [ -166.3749, 65.0964 ] ] ] } },
{ "type": "Feature", "properties": { "frame_id": 40860, "rollout": "P4", "region_name": "Alaska", "orbit_pass": "ASCENDING" }, "geometry": { "type": "Polygon", "coordinates": [ [ [ -167.1747, 66.3952 ], [ -162.5357, 66.9183 ], [ -161.6523, 66.9802 ], [ -161.0402, 65.4645 ], [ -166.2611, 64.9044 ], [ -167.1747, 66.3952 ] ] ] } },
{ "type": "Feature", "properties": { "frame_id": 40861, "rollout": "P4", "region_name": "Alaska", "orbit_pass": "ASCENDING" }, "geometry": { "type": "Polygon", "coordinates": [ [ [ -168.047, 67.6905 ], [ -162.2299, 68.2903 ], [ -161.5663, 66.7763 ], [ -167.0511, 66.2036 ], [ -168.047, 67.6905 ] ] ] } },
{ "type": "Feature", "properties": { "frame_id": 40862, "rollout": "P4", "region_name": "Alaska", "orbit_pass": "ASCENDING" }, "geometry": { "type": "Polygon", "coordinates": [ [ [ -169.0051, 68.9818 ], [ -162.8542, 69.5992 ], [ -162.1369, 68.0866 ], [ -167.9119, 67.4994 ], [ -169.0051, 68.9818 ] ] ] } },
{ "type": "Feature", "properties": { "frame_id": 40863, "rollout": "P4", "region_name": "Alaska", "orbit_pass": "ASCENDING" }, "geometry": { "type": "Polygon", "coordinates": [ [ [ -170.0657, 70.2684 ], [ -163.539, 70.9065 ], [ -162.7527, 69.3957 ], [ -168.8563, 68.7913 ], [ -170.0657, 70.2684 ] ] ] } },
{ "type": "Feature", "properties": { "frame_id": 41117, "rollout": "P4", "region_name": "Alaska", "orbit_pass": "ASCENDING" }, "geometry": { "type": "Polygon", "coordinates": [ [ [ 174.7981, 51.3429 ], [ 178.3536, 51.8563 ], [ 178.7226, 50.3309 ], [ 175.2819, 49.8301 ], [ 174.7981, 51.3429 ] ] ] } },
{ "type": "Feature", "properties": { "frame_id": 41118, "rollout": "P4", "region_name": "Alaska", "orbit_pass": "ASCENDING" }, "geometry": { "type": "Polygon", "coordinates": [ [ [ 174.3649, 52.6612 ], [ 178.0233, 53.1762 ], [ 178.404, 51.6516 ], [ 174.8613, 51.1488 ], [ 174.3649, 52.6612 ] ] ] } },
{ "type": "Feature", "properties": { "frame_id": 41991, "rollout": "P4", "region_name": "Virginia", "orbit_pass": "DESCENDING" }, "geometry": { "type": "Polygon", "coordinates": [ [ [ -81.4152, 37.5222 ], [ -81.1032, 39.0529 ], [ -78.2117, 38.7699 ], [ -78.5817, 37.248 ], [ -81.4152, 37.5222 ] ] ] } },
{ "type": "Feature", "properties": { "frame_id": 42250, "rollout": "P4", "region_name": "Manitoba", "orbit_pass": "DESCENDING" }, "geometry": { "type": "Polygon", "coordinates": [ [ [ -103.3797, 50.0934 ], [ -103.0143, 51.619 ], [ -99.4039, 51.3353 ], [ -99.8816, 49.8218 ], [ -103.3797, 50.0934 ] ] ] } },
{ "type": "Feature", "properties": { "frame_id": 42251, "rollout": "P4", "region_name": "Manitoba", "orbit_pass": "DESCENDING" }, "geometry": { "type": "Polygon", "coordinates": [ [ [ -103.6876, 48.7719 ], [ -103.3308, 50.2981 ], [ -99.8207, 50.016 ], [ -100.2817, 48.5014 ], [ -103.6876, 48.7719 ] ] ] } },
{ "type": "Feature", "properties": { "frame_id": 42252, "rollout": "P4", "region_name": "North Dakota", "orbit_pass": "DESCENDING" }, "geometry": { "type": "Polygon", "coordinates": [ [ [ -103.9889, 47.4499 ], [ -103.6398, 48.9767 ], [ -100.2229, 48.6956 ], [ -100.6689, 47.18 ], [ -103.9889, 47.4499 ] ] ] } },
{ "type": "Feature", "properties": { "frame_id": 42253, "rollout": "P4", "region_name": "South Dakota", "orbit_pass": "DESCENDING" }, "geometry": { "type": "Polygon", "coordinates": [ [ [ -104.2859, 46.1274 ], [ -103.9421, 47.6546 ], [ -100.6119, 47.3743 ], [ -101.0443, 45.8577 ], [ -104.2859, 46.1274 ] ] ] } },
{ "type": "Feature", "properties": { "frame_id": 42254, "rollout": "P4", "region_name": "North Dakota", "orbit_pass": "DESCENDING" }, "geometry": { "type": "Polygon", "coordinates": [ [ [ -104.576, 44.8043 ], [ -104.24, 46.3322 ], [ -100.989, 46.052 ], [ -101.4144, 44.5352 ], [ -104.576, 44.8043 ] ] ] } },
{ "type": "Feature", "properties": { "frame_id": 42255, "rollout": "P4", "region_name": "Montana", "orbit_pass": "DESCENDING" }, "geometry": { "type": "Polygon", "coordinates": [ [ [ -104.8642, 43.4809 ], [ -104.5309, 45.0091 ], [ -101.3606, 44.7297 ], [ -101.7695, 43.2112 ], [ -104.8642, 43.4809 ] ] ] } },
{ "type": "Feature", "properties": { "frame_id": 42256, "rollout": "P4", "region_name": "Nebraska", "orbit_pass": "DESCENDING" }, "geometry": { "type": "Polygon", "coordinates": [ [ [ -105.1453, 42.1567 ], [ -104.8199, 43.6857 ], [ -101.7172, 43.4057 ], [ -102.1159, 41.8865 ], [ -105.1453, 42.1567 ] ] ] } },
{ "type": "Feature", "properties": { "frame_id": 42257, "rollout": "P4", "region_name": "Colorado", "orbit_pass": "DESCENDING" }, "geometry": { "type": "Polygon", "coordinates": [ [ [ -105.4226, 40.832 ], [ -105.1016, 42.3615 ], [ -102.0648, 42.081 ], [ -102.4543, 40.5609 ], [ -105.4226, 40.832 ] ] ] } },
{ "type": "Feature", "properties": { "frame_id": 42258, "rollout": "P4", "region_name": "Colorado", "orbit_pass": "DESCENDING" }, "geometry": { "type": "Polygon", "coordinates": [ [ [ -105.6977, 39.5069 ], [ -105.3795, 41.0368 ], [ -102.4044, 40.7555 ], [ -102.7855, 39.2347 ], [ -105.6977, 39.5069 ] ] ] } },
{ "type": "Feature", "properties": { "frame_id": 42259, "rollout": "P4", "region_name": "Colorado", "orbit_pass": "DESCENDING" }, "geometry": { "type": "Polygon", "coordinates": [ [ [ -105.9687, 38.1813 ], [ -105.6551, 39.7118 ], [ -102.7366, 39.4293 ], [ -103.1102, 37.9078 ], [ -105.9687, 38.1813 ] ] ] } },
{ "type": "Feature", "properties": { "frame_id": 42260, "rollout": "P4", "region_name": "New Mexico", "orbit_pass": "DESCENDING" }, "geometry": { "type": "Polygon", "coordinates": [ [ [ -106.2371, 36.8551 ], [ -105.9266, 38.3861 ], [ -103.0623, 38.1025 ], [ -103.4289, 36.5803 ], [ -106.2371, 36.8551 ] ] ] } },
{ "type": "Feature", "properties": { "frame_id": 42261, "rollout": "P4", "region_name": "New Mexico", "orbit_pass": "DESCENDING" }, "geometry": { "type": "Polygon", "coordinates": [ [ [ -106.5032, 35.5286 ], [ -106.1955, 37.06 ], [ -103.3819, 36.775 ], [ -103.7422, 35.2521 ], [ -106.5032, 35.5286 ] ] ] } },
{ "type": "Feature", "properties": { "frame_id": 42515, "rollout": "P4", "region_name": "British Columbia", "orbit_pass": "DESCENDING" }, "geometry": { "type": "Polygon", "coordinates": [ [ [ -126.9219, 54.7042 ], [ -126.5168, 56.2275 ], [ -122.4905, 55.9342 ], [ -123.0429, 54.4252 ], [ -126.9219, 54.7042 ] ] ] } },
{ "type": "Feature", "properties": { "frame_id": 42516, "rollout": "P4", "region_name": "British Columbia", "orbit_pass": "DESCENDING" }, "geometry": { "type": "Polygon", "coordinates": [ [ [ -127.26, 53.3849 ], [ -126.8679, 54.9088 ], [ -122.9728, 54.619 ], [ -123.5071, 53.1094 ], [ -127.26, 53.3849 ] ] ] } },
{ "type": "Feature", "properties": { "frame_id": 42517, "rollout": "P4", "region_name": "British Columbia", "orbit_pass": "DESCENDING" }, "geometry": { "type": "Polygon", "coordinates": [ [ [ -127.5917, 52.0652 ], [ -127.2077, 53.5895 ], [ -123.44, 53.3033 ], [ -123.946, 51.7916 ], [ -127.5917, 52.0652 ] ] ] } },
{ "type": "Feature", "properties": { "frame_id": 42518, "rollout": "P4", "region_name": "British Columbia", "orbit_pass": "DESCENDING" }, "geometry": { "type": "Polygon", "coordinates": [ [ [ -127.9124, 50.7447 ], [ -127.5408, 52.2699 ], [ -123.8815, 51.9856 ], [ -124.3681, 50.4727 ], [ -127.9124, 50.7447 ] ] ] } },
{ "type": "Feature", "properties": { "frame_id": 42519, "rollout": "P4", "region_name": "British Columbia", "orbit_pass": "DESCENDING" }, "geometry": { "type": "Polygon", "coordinates": [ [ [ -128.2238, 49.4235 ], [ -127.8629, 50.9494 ], [ -124.306, 50.6668 ], [ -124.775, 49.1527 ], [ -128.2238, 49.4235 ] ] ] } },
{ "type": "Feature", "properties": { "frame_id": 42520, "rollout": "P4", "region_name": "British Columbia", "orbit_pass": "DESCENDING" }, "geometry": { "type": "Polygon", "coordinates": [ [ [ -128.5283, 48.1017 ], [ -128.1755, 49.6283 ], [ -124.7152, 49.3469 ], [ -125.1684, 47.8318 ], [ -128.5283, 48.1017 ] ] ] } },
{ "type": "Feature", "properties": { "frame_id": 42772, "rollout": "P4", "region_name": "Alaska", "orbit_pass": "DESCENDING" }, "geometry": { "type": "Polygon", "coordinates": [ [ [ -146.327, 69.8055 ], [ -145.5158, 71.3156 ], [ -138.656, 70.8927 ], [ -139.9305, 69.4187 ], [ -146.327, 69.8055 ] ] ] } },
{ "type": "Feature", "properties": { "frame_id": 42773, "rollout": "P4", "region_name": "Alaska", "orbit_pass": "DESCENDING" }, "geometry": { "type": "Polygon", "coordinates": [ [ [ -146.9602, 68.497 ], [ -146.2224, 70.009 ], [ -139.7741, 69.6088 ], [ -140.9215, 68.129 ], [ -146.9602, 68.497 ] ] ] } },
{ "type": "Feature", "properties": { "frame_id": 42774, "rollout": "P4", "region_name": "Alaska", "orbit_pass": "DESCENDING" }, "geometry": { "type": "Polygon", "coordinates": [ [ [ -147.5454, 67.1871 ], [ -146.8647, 68.7006 ], [ -140.78, 68.3198 ], [ -141.8214, 66.8351 ], [ -147.5454, 67.1871 ] ] ] } },
{ "type": "Feature", "properties": { "frame_id": 42775, "rollout": "P4", "region_name": "Alaska", "orbit_pass": "DESCENDING" }, "geometry": { "type": "Polygon", "coordinates": [ [ [ -148.0837, 65.8758 ], [ -147.4573, 67.391 ], [ -141.6925, 67.0264 ], [ -142.6446, 65.5375 ], [ -148.0837, 65.8758 ] ] ] } },
{ "type": "Feature", "properties": { "frame_id": 42776, "rollout": "P4", "region_name": "Alaska", "orbit_pass": "DESCENDING" }, "geometry": { "type": "Polygon", "coordinates": [ [ [ -148.5855, 64.5633 ], [ -148.0018, 66.0798 ], [ -142.5262, 65.7293 ], [ -143.4026, 64.2369 ], [ -148.5855, 64.5633 ] ] ] } },
{ "type": "Feature", "properties": { "frame_id": 42777, "rollout": "P4", "region_name": "Alaska", "orbit_pass": "DESCENDING" }, "geometry": { "type": "Polygon", "coordinates": [ [ [ -149.0563, 63.2497 ], [ -148.5089, 64.7674 ], [ -143.2933, 64.429 ], [ -144.1047, 62.9334 ], [ -149.0563, 63.2497 ] ] ] } },
{ "type": "Feature", "properties": { "frame_id": 42778, "rollout": "P4", "region_name": "Alaska", "orbit_pass": "DESCENDING" }, "geometry": { "type": "Polygon", "coordinates": [ [ [ -149.5035, 61.9354 ], [ -148.9843, 63.4539 ], [ -144.0032, 63.1259 ], [ -144.7586, 61.6276 ], [ -149.5035, 61.9354 ] ] ] } },
{ "type": "Feature", "properties": { "frame_id": 42779, "rollout": "P4", "region_name": "Alaska", "orbit_pass": "DESCENDING" }, "geometry": { "type": "Polygon", "coordinates": [ [ [ -149.9246, 60.62 ], [ -149.4354, 62.1397 ], [ -144.671, 61.8212 ], [ -145.3777, 60.3204 ], [ -149.9246, 60.62 ] ] ] } },
{ "type": "Feature", "properties": { "frame_id": 42780, "rollout": "P4", "region_name": "Alaska", "orbit_pass": "DESCENDING" }, "geometry": { "type": "Polygon", "coordinates": [ [ [ -150.3299, 59.3041 ], [ -149.864, 60.8247 ], [ -145.2888, 60.5135 ], [ -145.953, 59.0105 ], [ -150.3299, 59.3041 ] ] ] } },
{ "type": "Feature", "properties": { "frame_id": 42781, "rollout": "P4", "region_name": "Alaska", "orbit_pass": "DESCENDING" }, "geometry": { "type": "Polygon", "coordinates": [ [ [ -150.7137, 57.9871 ], [ -150.2682, 59.5086 ], [ -145.8692, 59.2038 ], [ -146.4963, 57.6989 ], [ -150.7137, 57.9871 ] ] ] } },
{ "type": "Feature", "properties": { "frame_id": 43041, "rollout": "P4", "region_name": "Alaska", "orbit_pass": "DESCENDING" }, "geometry": { "type": "Polygon", "coordinates": [ [ [ -171.3414, 69.1361 ], [ -170.5695, 70.6473 ], [ -163.9271, 70.2364 ], [ -165.1413, 68.76 ], [ -171.3414, 69.1361 ] ] ] } },
{ "type": "Feature", "properties": { "frame_id": 43042, "rollout": "P4", "region_name": "Alaska", "orbit_pass": "DESCENDING" }, "geometry": { "type": "Polygon", "coordinates": [ [ [ -171.9552, 67.8272 ], [ -171.2416, 69.3397 ], [ -164.9929, 68.9505 ], [ -166.0837, 67.468 ], [ -171.9552, 67.8272 ] ] ] } },
{ "type": "Feature", "properties": { "frame_id": 43044, "rollout": "P4", "region_name": "Alaska", "orbit_pass": "DESCENDING" }, "geometry": { "type": "Polygon", "coordinates": [ [ [ -173.0325, 65.2044 ], [ -172.4288, 66.7204 ], [ -166.8194, 66.3637 ], [ -167.7311, 64.8729 ], [ -173.0325, 65.2044 ] ] ] } },
{ "type": "Feature", "properties": { "frame_id": 43045, "rollout": "P4", "region_name": "Alaska", "orbit_pass": "DESCENDING" }, "geometry": { "type": "Polygon", "coordinates": [ [ [ -173.5178, 63.8913 ], [ -172.9534, 65.4085 ], [ -167.6176, 65.0649 ], [ -168.4594, 63.5707 ], [ -173.5178, 63.8913 ] ] ] } },
{ "type": "Feature", "properties": { "frame_id": 43046, "rollout": "P4", "region_name": "Alaska", "orbit_pass": "DESCENDING" }, "geometry": { "type": "Polygon", "coordinates": [ [ [ -173.9775, 62.5774 ], [ -173.4436, 64.0955 ], [ -168.3542, 63.7631 ], [ -169.1359, 62.266 ], [ -173.9775, 62.5774 ] ] ] } },
{ "type": "Feature", "properties": { "frame_id": 43048, "rollout": "P4", "region_name": "Alaska", "orbit_pass": "DESCENDING" }, "geometry": { "type": "Polygon", "coordinates": [ [ [ -174.8201, 59.9466 ], [ -174.3431, 61.4668 ], [ -169.6758, 61.1519 ], [ -170.3601, 59.65 ], [ -174.8201, 59.9466 ] ] ] } },
{ "type": "Feature", "properties": { "frame_id": 43054, "rollout": "P4", "region_name": "Alaska", "orbit_pass": "DESCENDING" }, "geometry": { "type": "Polygon", "coordinates": [ [ [ -176.9668, 52.0362 ], [ -176.5865, 53.561 ], [ -172.8238, 53.2751 ], [ -173.3293, 51.7633 ], [ -176.9668, 52.0362 ] ] ] } },
{ "type": "Feature", "properties": { "frame_id": 43055, "rollout": "P4", "region_name": "Alaska", "orbit_pass": "DESCENDING" }, "geometry": { "type": "Polygon", "coordinates": [ [ [ -177.2909, 50.716 ], [ -176.9195, 52.2413 ], [ -173.2649, 51.9573 ], [ -173.751, 50.4443 ], [ -177.2909, 50.716 ] ] ] } },
{ "type": "Feature", "properties": { "frame_id": 43797, "rollout": "P4", "region_name": "Maine", "orbit_pass": "ASCENDING" }, "geometry": { "type": "Polygon", "coordinates": [ [ [ -70.1418, 44.8619 ], [ -67.0105, 45.372 ], [ -66.6786, 43.8436 ], [ -69.7318, 43.3436 ], [ -70.1418, 44.8619 ] ] ] } },
{ "type": "Feature", "properties": { "frame_id": 43798, "rollout": "P4", "region_name": "Maine", "orbit_pass": "ASCENDING" }, "geometry": { "type": "Polygon", "coordinates": [ [ [ -70.5091, 46.1849 ], [ -67.3043, 46.6948 ], [ -66.9652, 45.1672 ], [ -70.0878, 44.6675 ], [ -70.5091, 46.1849 ] ] ] } },
{ "type": "Feature", "properties": { "frame_id": 43799, "rollout": "P4", "region_name": "Maine", "orbit_pass": "ASCENDING" }, "geometry": { "type": "Polygon", "coordinates": [ [ [ -70.8873, 47.5071 ], [ -67.6021, 48.0173 ], [ -67.2582, 46.49 ], [ -70.4537, 45.9906 ], [ -70.8873, 47.5071 ] ] ] } },
{ "type": "Feature", "properties": { "frame_id": 43800, "rollout": "P4", "region_name": "Quebec", "orbit_pass": "ASCENDING" }, "geometry": { "type": "Polygon", "coordinates": [ [ [ -71.2774, 48.8284 ], [ -67.9062, 49.3392 ], [ -67.5551, 47.8125 ], [ -70.8301, 47.3128 ], [ -71.2774, 48.8284 ] ] ] } },
{ "type": "Feature", "properties": { "frame_id": 43801, "rollout": "P4", "region_name": "Quebec", "orbit_pass": "ASCENDING" }, "geometry": { "type": "Polygon", "coordinates": [ [ [ -71.6809, 50.1487 ], [ -68.2171, 50.6605 ], [ -67.8581, 49.1344 ], [ -71.2183, 48.6342 ], [ -71.6809, 50.1487 ] ] ] } },
{ "type": "Feature", "properties": { "frame_id": 44062, "rollout": "P4", "region_name": "Missouri", "orbit_pass": "ASCENDING" }, "geometry": { "type": "Polygon", "coordinates": [ [ [ -93.6097, 40.2372 ], [ -90.7059, 40.7492 ], [ -90.3889, 39.2191 ], [ -93.2318, 38.7161 ], [ -93.6097, 40.2372 ] ] ] } },
{ "type": "Feature", "properties": { "frame_id": 44063, "rollout": "P4", "region_name": "Illinois", "orbit_pass": "ASCENDING" }, "geometry": { "type": "Polygon", "coordinates": [ [ [ -93.9463, 41.563 ], [ -90.983, 42.074 ], [ -90.663, 40.5443 ], [ -93.5602, 40.0426 ], [ -93.9463, 41.563 ] ] ] } },
{ "type": "Feature", "properties": { "frame_id": 44064, "rollout": "P4", "region_name": "Iowa", "orbit_pass": "ASCENDING" }, "geometry": { "type": "Polygon", "coordinates": [ [ [ -94.2906, 42.8881 ], [ -91.2638, 43.3984 ], [ -90.9395, 41.8692 ], [ -93.8958, 41.3685 ], [ -94.2906, 42.8881 ] ] ] } },
{ "type": "Feature", "properties": { "frame_id": 44065, "rollout": "P4", "region_name": "Iowa", "orbit_pass": "ASCENDING" }, "geometry": { "type": "Polygon", "coordinates": [ [ [ -94.6434, 44.2124 ], [ -91.5488, 44.7222 ], [ -91.2196, 43.1935 ], [ -94.2388, 42.6936 ], [ -94.6434, 44.2124 ] ] ] } },
{ "type": "Feature", "properties": { "frame_id": 44066, "rollout": "P4", "region_name": "Wisconsin", "orbit_pass": "ASCENDING" }, "geometry": { "type": "Polygon", "coordinates": [ [ [ -95.011, 45.5352 ], [ -91.8399, 46.0453 ], [ -91.5039, 44.5174 ], [ -94.5954, 44.0172 ], [ -95.011, 45.5352 ] ] ] } },
{ "type": "Feature", "properties": { "frame_id": 44067, "rollout": "P4", "region_name": "Wisconsin", "orbit_pass": "ASCENDING" }, "geometry": { "type": "Polygon", "coordinates": [ [ [ -95.3837, 46.8578 ], [ -92.138, 47.3678 ], [ -91.7974, 45.8402 ], [ -94.9563, 45.3408 ], [ -95.3837, 46.8578 ] ] ] } },
{ "type": "Feature", "properties": { "frame_id": 44068, "rollout": "P4", "region_name": "Minnesota", "orbit_pass": "ASCENDING" }, "geometry": { "type": "Polygon", "coordinates": [ [ [ -95.7679, 48.1795 ], [ -92.4389, 48.69 ], [ -92.0915, 47.163 ], [ -95.3274, 46.6635 ], [ -95.7679, 48.1795 ] ] ] } },
{ "type": "Feature", "properties": { "frame_id": 44069, "rollout": "P4", "region_name": "Minnesota", "orbit_pass": "ASCENDING" }, "geometry": { "type": "Polygon", "coordinates": [ [ [ -96.1645, 49.5004 ], [ -92.7463, 50.0116 ], [ -92.3913, 48.4852 ], [ -95.7098, 47.9853 ], [ -96.1645, 49.5004 ] ] ] } },
{ "type": "Feature", "properties": { "frame_id": 44070, "rollout": "P4", "region_name": "Ontario", "orbit_pass": "ASCENDING" }, "geometry": { "type": "Polygon", "coordinates": [ [ [ -96.5753, 50.8201 ], [ -93.0629, 51.3325 ], [ -92.6977, 49.8069 ], [ -96.1045, 49.3062 ], [ -96.5753, 50.8201 ] ] ] } },
{ "type": "Feature", "properties": { "frame_id": 44071, "rollout": "P4", "region_name": "Ontario", "orbit_pass": "ASCENDING" }, "geometry": { "type": "Polygon", "coordinates": [ [ [ -97.0017, 52.1389 ], [ -93.3859, 52.653 ], [ -93.0131, 51.1278 ], [ -96.5131, 50.626 ], [ -97.0017, 52.1389 ] ] ] } },
{ "type": "Feature", "properties": { "frame_id": 44329, "rollout": "P4", "region_name": "Nevada", "orbit_pass": "ASCENDING" }, "geometry": { "type": "Polygon", "coordinates": [ [ [ -117.804, 38.2553 ], [ -114.9816, 38.7691 ], [ -114.6679, 37.2385 ], [ -117.4366, 36.7331 ], [ -117.804, 38.2553 ] ] ] } },
{ "type": "Feature", "properties": { "frame_id": 44330, "rollout": "P4", "region_name": "Nevada", "orbit_pass": "ASCENDING" }, "geometry": { "type": "Polygon", "coordinates": [ [ [ -118.1304, 39.5821 ], [ -115.2547, 40.0946 ], [ -114.9394, 38.5642 ], [ -117.7561, 38.0606 ], [ -118.1304, 39.5821 ] ] ] } },
{ "type": "Feature", "properties": { "frame_id": 44331, "rollout": "P4", "region_name": "Nevada", "orbit_pass": "ASCENDING" }, "geometry": { "type": "Polygon", "coordinates": [ [ [ -118.0814, 39.3875 ], [ -118.4634, 40.9083 ], [ -115.5302, 41.4197 ], [ -115.212, 39.8898 ], [ -118.0814, 39.3875 ] ] ] } },
{ "type": "Feature", "properties": { "frame_id": 44332, "rollout": "P4", "region_name": "Nevada", "orbit_pass": "ASCENDING" }, "geometry": { "type": "Polygon", "coordinates": [ [ [ -118.804, 42.2338 ], [ -115.8091, 42.7444 ], [ -115.4869, 41.2149 ], [ -118.4134, 40.7138 ], [ -118.804, 42.2338 ] ] ] } },
{ "type": "Feature", "properties": { "frame_id": 44333, "rollout": "P4", "region_name": "Oregon", "orbit_pass": "ASCENDING" }, "geometry": { "type": "Polygon", "coordinates": [ [ [ -119.1525, 43.5586 ], [ -116.092, 44.0685 ], [ -115.7653, 42.5396 ], [ -118.7527, 42.0393 ], [ -119.1525, 43.5586 ] ] ] } },
{ "type": "Feature", "properties": { "frame_id": 44334, "rollout": "P4", "region_name": "Oregon", "orbit_pass": "ASCENDING" }, "geometry": { "type": "Polygon", "coordinates": [ [ [ -119.51, 44.8825 ], [ -116.3793, 45.3922 ], [ -116.0475, 43.8637 ], [ -119.1, 43.3641 ], [ -119.51, 44.8825 ] ] ] } },
{ "type": "Feature", "properties": { "frame_id": 44335, "rollout": "P4", "region_name": "Washington", "orbit_pass": "ASCENDING" }, "geometry": { "type": "Polygon", "coordinates": [ [ [ -119.8774, 46.2056 ], [ -116.673, 46.7151 ], [ -116.334, 45.1874 ], [ -119.4561, 44.6881 ], [ -119.8774, 46.2056 ] ] ] } },
{ "type": "Feature", "properties": { "frame_id": 44336, "rollout": "P4", "region_name": "Washington", "orbit_pass": "ASCENDING" }, "geometry": { "type": "Polygon", "coordinates": [ [ [ -120.2556, 47.5279 ], [ -116.9709, 48.0376 ], [ -116.6269, 46.5103 ], [ -119.8219, 46.0113 ], [ -120.2556, 47.5279 ] ] ] } },
{ "type": "Feature", "properties": { "frame_id": 44337, "rollout": "P4", "region_name": "Washington", "orbit_pass": "ASCENDING" }, "geometry": { "type": "Polygon", "coordinates": [ [ [ -120.6458, 48.8492 ], [ -117.2749, 49.3596 ], [ -116.9238, 47.8329 ], [ -120.1985, 47.3336 ], [ -120.6458, 48.8492 ] ] ] } },
{ "type": "Feature", "properties": { "frame_id": 44338, "rollout": "P4", "region_name": "Washington", "orbit_pass": "ASCENDING" }, "geometry": { "type": "Polygon", "coordinates": [ [ [ -121.0494, 50.1696 ], [ -117.5858, 50.681 ], [ -117.2268, 49.1549 ], [ -120.5867, 48.655 ], [ -121.0494, 50.1696 ] ] ] } },
{ "type": "Feature", "properties": { "frame_id": 44339, "rollout": "P4", "region_name": "British Columbia", "orbit_pass": "ASCENDING" }, "geometry": { "type": "Polygon", "coordinates": [ [ [ -121.4678, 51.4889 ], [ -117.9064, 52.0016 ], [ -117.5366, 50.4763 ], [ -120.9882, 49.9754 ], [ -121.4678, 51.4889 ] ] ] } },
{ "type": "Feature", "properties": { "frame_id": 44622, "rollout": "P4", "region_name": "Alaska", "orbit_pass": "ASCENDING" }, "geometry": { "type": "Polygon", "coordinates": [ [ [ -155.8108, 70.4337 ], [ -149.2316, 71.0748 ], [ -148.4354, 69.5643 ], [ -154.5848, 68.9575 ], [ -155.8108, 70.4337 ] ] ] } },
{ "type": "Feature", "properties": { "frame_id": 44623, "rollout": "P4", "region_name": "Alaska", "orbit_pass": "ASCENDING" }, "geometry": { "type": "Polygon", "coordinates": [ [ [ -157.0124, 71.7138 ], [ -150.0009, 72.3798 ], [ -149.1184, 70.8716 ], [ -155.6433, 70.2441 ], [ -157.0124, 71.7138 ] ] ] } },
{ "type": "Feature", "properties": { "frame_id": 44877, "rollout": "P4", "region_name": "Alaska", "orbit_pass": "ASCENDING" }, "geometry": { "type": "Polygon", "coordinates": [ [ [ -171.2851, 52.8314 ], [ -167.6149, 53.3462 ], [ -167.2365, 51.8214 ], [ -170.7865, 51.3191 ], [ -171.2851, 52.8314 ] ] ] } },
{ "type": "Feature", "properties": { "frame_id": 44878, "rollout": "P4", "region_name": "Alaska", "orbit_pass": "ASCENDING" }, "geometry": { "type": "Polygon", "coordinates": [ [ [ -171.7452, 54.1476 ], [ -167.9527, 54.6658 ], [ -167.5629, 53.1416 ], [ -171.2254, 52.6367 ], [ -171.7452, 54.1476 ] ] ] } },
{ "type": "Feature", "properties": { "frame_id": 44880, "rollout": "P4", "region_name": "Alaska", "orbit_pass": "ASCENDING" }, "geometry": { "type": "Polygon", "coordinates": [ [ [ -172.7167, 56.7777 ], [ -168.6693, 57.3023 ], [ -168.2498, 55.7797 ], [ -172.1471, 55.2697 ], [ -172.7167, 56.7777 ] ] ] } },
{ "type": "Feature", "properties": { "frame_id": 44881, "rollout": "P4", "region_name": "Alaska", "orbit_pass": "ASCENDING" }, "geometry": { "type": "Polygon", "coordinates": [ [ [ -173.2399, 58.0906 ], [ -169.045, 58.6198 ], [ -168.6117, 57.0978 ], [ -172.6408, 56.5842 ], [ -173.2399, 58.0906 ] ] ] } },
{ "type": "Feature", "properties": { "frame_id": 44883, "rollout": "P4", "region_name": "Alaska", "orbit_pass": "ASCENDING" }, "geometry": { "type": "Polygon", "coordinates": [ [ [ -174.3783, 60.7113 ], [ -169.8474, 61.2524 ], [ -169.3743, 59.7321 ], [ -173.7079, 59.2086 ], [ -174.3783, 60.7113 ] ] ] } },
{ "type": "Feature", "properties": { "frame_id": 44884, "rollout": "P4", "region_name": "Alaska", "orbit_pass": "ASCENDING" }, "geometry": { "type": "Polygon", "coordinates": [ [ [ -175.0021, 62.0187 ], [ -170.2822, 62.5673 ], [ -169.7817, 61.0481 ], [ -174.2886, 60.5183 ], [ -175.0021, 62.0187 ] ] ] } },
{ "type": "Feature", "properties": { "frame_id": 45744, "rollout": "P4", "region_name": "Quebec", "orbit_pass": "DESCENDING" }, "geometry": { "type": "Polygon", "coordinates": [ [ [ -65.3841, 45.2975 ], [ -65.0444, 46.8252 ], [ -61.7682, 46.5455 ], [ -62.1926, 45.0283 ], [ -65.3841, 45.2975 ] ] ] } },
{ "type": "Feature", "properties": { "frame_id": 45745, "rollout": "P4", "region_name": "Maine", "orbit_pass": "DESCENDING" }, "geometry": { "type": "Polygon", "coordinates": [ [ [ -65.6711, 43.974 ], [ -65.3387, 45.5024 ], [ -62.1382, 45.2227 ], [ -62.5512, 43.7045 ], [ -65.6711, 43.974 ] ] ] } },
{ "type": "Feature", "properties": { "frame_id": 45746, "rollout": "P4", "region_name": "Maine", "orbit_pass": "DESCENDING" }, "geometry": { "type": "Polygon", "coordinates": [ [ [ -65.9536, 42.6499 ], [ -65.6265, 44.1788 ], [ -62.4983, 43.899 ], [ -62.9007, 42.38 ], [ -65.9536, 42.6499 ] ] ] } },
{ "type": "Feature", "properties": { "frame_id": 46009, "rollout": "P4", "region_name": "Ontario", "orbit_pass": "DESCENDING" }, "geometry": { "type": "Polygon", "coordinates": [ [ [ -89.0213, 49.9192 ], [ -88.6572, 51.4449 ], [ -85.0611, 51.1616 ], [ -85.5364, 49.648 ], [ -89.0213, 49.9192 ] ] ] } },
{ "type": "Feature", "properties": { "frame_id": 46010, "rollout": "P4", "region_name": "Ontario", "orbit_pass": "DESCENDING" }, "geometry": { "type": "Polygon", "coordinates": [ [ [ -89.3283, 48.5977 ], [ -88.9726, 50.124 ], [ -85.4758, 49.8421 ], [ -85.9347, 48.3274 ], [ -89.3283, 48.5977 ] ] ] } },
{ "type": "Feature", "properties": { "frame_id": 46011, "rollout": "P4", "region_name": "Ontario", "orbit_pass": "DESCENDING" }, "geometry": { "type": "Polygon", "coordinates": [ [ [ -89.6287, 47.2755 ], [ -89.2806, 48.8024 ], [ -85.8761, 48.5216 ], [ -86.3202, 47.0058 ], [ -89.6287, 47.2755 ] ] ] } },
{ "type": "Feature", "properties": { "frame_id": 46015, "rollout": "P4", "region_name": "Iowa", "orbit_pass": "DESCENDING" }, "geometry": { "type": "Polygon", "coordinates": [ [ [ -90.7824, 41.982 ], [ -90.4548, 43.5108 ], [ -87.3644, 43.2312 ], [ -87.7618, 41.7118 ], [ -90.7824, 41.982 ] ] ] } },
{ "type": "Feature", "properties": { "frame_id": 46016, "rollout": "P4", "region_name": "Iowa", "orbit_pass": "DESCENDING" }, "geometry": { "type": "Polygon", "coordinates": [ [ [ -91.0603, 40.6573 ], [ -90.7388, 42.1868 ], [ -87.7108, 41.9063 ], [ -88.0991, 40.3862 ], [ -91.0603, 40.6573 ] ] ] } },
{ "type": "Feature", "properties": { "frame_id": 46017, "rollout": "P4", "region_name": "Illinois", "orbit_pass": "DESCENDING" }, "geometry": { "type": "Polygon", "coordinates": [ [ [ -91.3338, 39.3321 ], [ -91.0173, 40.8622 ], [ -88.0494, 40.5807 ], [ -88.4293, 39.0598 ], [ -91.3338, 39.3321 ] ] ] } },
{ "type": "Feature", "properties": { "frame_id": 46018, "rollout": "P4", "region_name": "Missouri", "orbit_pass": "DESCENDING" }, "geometry": { "type": "Polygon", "coordinates": [ [ [ -91.6044, 38.0063 ], [ -91.2913, 39.5369 ], [ -88.3806, 39.2544 ], [ -88.7532, 37.7328 ], [ -91.6044, 38.0063 ] ] ] } },
{ "type": "Feature", "properties": { "frame_id": 46277, "rollout": "P4", "region_name": "Alberta", "orbit_pass": "DESCENDING" }, "geometry": { "type": "Polygon", "coordinates": [ [ [ -113.5497, 50.5744 ], [ -113.1792, 52.0997 ], [ -109.5371, 51.816 ], [ -110.0213, 50.3029 ], [ -113.5497, 50.5744 ] ] ] } },
{ "type": "Feature", "properties": { "frame_id": 46278, "rollout": "P4", "region_name": "Saskatchewan", "orbit_pass": "DESCENDING" }, "geometry": { "type": "Polygon", "coordinates": [ [ [ -113.8635, 49.2535 ], [ -113.5038, 50.7795 ], [ -109.9595, 50.4971 ], [ -110.4264, 48.9828 ], [ -113.8635, 49.2535 ] ] ] } },
{ "type": "Feature", "properties": { "frame_id": 46279, "rollout": "P4", "region_name": "Alberta", "orbit_pass": "DESCENDING" }, "geometry": { "type": "Polygon", "coordinates": [ [ [ -114.1671, 47.9316 ], [ -113.8154, 49.4582 ], [ -110.3668, 49.1771 ], [ -110.8181, 47.6618 ], [ -114.1671, 47.9316 ] ] ] } },
{ "type": "Feature", "properties": { "frame_id": 46280, "rollout": "P4", "region_name": "Idaho", "orbit_pass": "DESCENDING" }, "geometry": { "type": "Polygon", "coordinates": [ [ [ -114.4645, 46.6092 ], [ -114.12, 48.1364 ], [ -110.7604, 47.8561 ], [ -111.1976, 46.3398 ], [ -114.4645, 46.6092 ] ] ] } },
{ "type": "Feature", "properties": { "frame_id": 46281, "rollout": "P4", "region_name": "Idaho", "orbit_pass": "DESCENDING" }, "geometry": { "type": "Polygon", "coordinates": [ [ [ -114.7581, 45.2864 ], [ -114.4184, 46.814 ], [ -111.1417, 46.5342 ], [ -111.566, 45.017 ], [ -114.7581, 45.2864 ] ] ] } },
{ "type": "Feature", "properties": { "frame_id": 46282, "rollout": "P4", "region_name": "Idaho", "orbit_pass": "DESCENDING" }, "geometry": { "type": "Polygon", "coordinates": [ [ [ -115.0451, 43.963 ], [ -114.7127, 45.4912 ], [ -111.5117, 45.2114 ], [ -111.9247, 43.6933 ], [ -115.0451, 43.963 ] ] ] } },
{ "type": "Feature", "properties": { "frame_id": 46283, "rollout": "P4", "region_name": "Idaho", "orbit_pass": "DESCENDING" }, "geometry": { "type": "Polygon", "coordinates": [ [ [ -115.3277, 42.6389 ], [ -115.0005, 44.1678 ], [ -111.8718, 43.8877 ], [ -112.2742, 42.3688 ], [ -115.3277, 42.6389 ] ] ] } },
{ "type": "Feature", "properties": { "frame_id": 46284, "rollout": "P4", "region_name": "Nevada", "orbit_pass": "DESCENDING" }, "geometry": { "type": "Polygon", "coordinates": [ [ [ -115.6064, 41.3144 ], [ -115.2838, 42.8438 ], [ -112.2227, 42.5633 ], [ -112.6155, 41.0435 ], [ -115.6064, 41.3144 ] ] ] } },
{ "type": "Feature", "properties": { "frame_id": 46285, "rollout": "P4", "region_name": "Nevada", "orbit_pass": "DESCENDING" }, "geometry": { "type": "Polygon", "coordinates": [ [ [ -115.8827, 39.9895 ], [ -115.5631, 41.5192 ], [ -112.5652, 41.2381 ], [ -112.9494, 39.7176 ], [ -115.8827, 39.9895 ] ] ] } },
{ "type": "Feature", "properties": { "frame_id": 46286, "rollout": "P4", "region_name": "Nevada", "orbit_pass": "DESCENDING" }, "geometry": { "type": "Polygon", "coordinates": [ [ [ -116.1548, 38.6641 ], [ -115.84, 40.1944 ], [ -112.9002, 39.9122 ], [ -113.2765, 38.3909 ], [ -116.1548, 38.6641 ] ] ] } },
{ "type": "Feature", "properties": { "frame_id": 46287, "rollout": "P4", "region_name": "Nevada", "orbit_pass": "DESCENDING" }, "geometry": { "type": "Polygon", "coordinates": [ [ [ -116.4242, 37.3381 ], [ -116.1126, 38.8689 ], [ -113.2283, 38.5856 ], [ -113.5974, 37.0636 ], [ -116.4242, 37.3381 ] ] ] } },
{ "type": "Feature", "properties": { "frame_id": 46538, "rollout": "P4", "region_name": "British Columbia", "orbit_pass": "DESCENDING" }, "geometry": { "type": "Polygon", "coordinates": [ [ [ -135.5771, 60.4528 ], [ -135.091, 61.9726 ], [ -130.3446, 61.6542 ], [ -131.0457, 60.1532 ], [ -135.5771, 60.4528 ] ] ] } },
{ "type": "Feature", "properties": { "frame_id": 46539, "rollout": "P4", "region_name": "Alaska", "orbit_pass": "DESCENDING" }, "geometry": { "type": "Polygon", "coordinates": [ [ [ -135.9761, 59.1365 ], [ -135.5128, 60.6572 ], [ -130.9574, 60.3463 ], [ -131.6238, 58.8439 ], [ -135.9761, 59.1365 ] ] ] } },
{ "type": "Feature", "properties": { "frame_id": 46540, "rollout": "P4", "region_name": "Alaska", "orbit_pass": "DESCENDING" }, "geometry": { "type": "Polygon", "coordinates": [ [ [ -136.3618, 57.8197 ], [ -135.9147, 59.3409 ], [ -131.5406, 59.0372 ], [ -132.1633, 57.5321 ], [ -136.3618, 57.8197 ] ] ] } },
{ "type": "Feature", "properties": { "frame_id": 46541, "rollout": "P4", "region_name": "Alaska", "orbit_pass": "DESCENDING" }, "geometry": { "type": "Polygon", "coordinates": [ [ [ -136.731, 56.5021 ], [ -136.3029, 58.0243 ], [ -132.0845, 57.7255 ], [ -132.6749, 56.2187 ], [ -136.731, 56.5021 ] ] ] } },
{ "type": "Feature", "properties": { "frame_id": 46542, "rollout": "P4", "region_name": "Alaska", "orbit_pass": "DESCENDING" }, "geometry": { "type": "Polygon", "coordinates": [ [ [ -137.0845, 55.1837 ], [ -136.6744, 56.7067 ], [ -132.6001, 56.4123 ], [ -133.1619, 54.9038 ], [ -137.0845, 55.1837 ] ] ] } },
{ "type": "Feature", "properties": { "frame_id": 46543, "rollout": "P4", "region_name": "Alaska", "orbit_pass": "DESCENDING" }, "geometry": { "type": "Polygon", "coordinates": [ [ [ -137.4264, 53.8645 ], [ -137.0299, 55.3883 ], [ -133.0906, 55.0976 ], [ -133.6271, 53.5877 ], [ -137.4264, 53.8645 ] ] ] } },
{ "type": "Feature", "properties": { "frame_id": 46799, "rollout": "P4", "region_name": "Alaska", "orbit_pass": "DESCENDING" }, "geometry": { "type": "Polygon", "coordinates": [ [ [ -156.3655, 70.2796 ], [ -155.5238, 71.7889 ], [ -148.5008, 71.3566 ], [ -149.8277, 69.885 ], [ -156.3655, 70.2796 ] ] ] } },
{ "type": "Feature", "properties": { "frame_id": 46800, "rollout": "P4", "region_name": "Alaska", "orbit_pass": "DESCENDING" }, "geometry": { "type": "Polygon", "coordinates": [ [ [ -157.0201, 68.9716 ], [ -156.2572, 70.483 ], [ -149.6652, 70.0749 ], [ -150.856, 68.597 ], [ -157.0201, 68.9716 ] ] ] } }
]
}
