{"type":"FeatureCollection","features":[{"type":"Feature","geometry":{"type":"Point","coordinates":[6.85,50.17]},"properties":{"v":210010,"n":"West Eifel Volcanic Field","t":"Volcanic field","y":-8300,"e":600,"c":"Germany","r":"European Volcanic Regions","ev":"Eruption Dated"}},{"type":"Feature","geometry":{"type":"Point","coordinates":[2.981,45.786]},"properties":{"v":210020,"n":"Chaine des Puys","t":"Lava dome(s)","y":-4040,"e":1464,"c":"France","r":"European Volcanic Regions","ev":"Eruption Dated"}},{"type":"Feature","geometry":{"type":"Point","coordinates":[2.53,42.17]},"properties":{"v":210030,"n":"Olot Volcanic Field","t":"Volcanic field","y":null,"e":893,"c":"Spain","r":"European Volcanic Regions","ev":"Evidence Credible"}},{"type":"Feature","geometry":{"type":"Point","coordinates":[-4.02,38.87]},"properties":{"v":210040,"n":"Calatrava Volcanic Field","t":"Volcanic field","y":-3600,"e":1117,"c":"Spain","r":"European Volcanic Regions","ev":"Eruption Dated"}},{"type":"Feature","geometry":{"type":"Point","coordinates":[12.7251,41.7569]},"properties":{"v":211004,"n":"Colli Albani","t":"Caldera","y":null,"e":949,"c":"Italy","r":"European Volcanic Regions","ev":"Evidence Uncertain"}},{"type":"Feature","geometry":{"type":"Point","coordinates":[14.139,40.827]},"properties":{"v":211010,"n":"Campi Flegrei","t":"Caldera","y":1538,"e":458,"c":"Italy","r":"European Volcanic Regions","ev":"Eruption Observed"}},{"type":"Feature","geometry":{"type":"Point","coordinates":[14.426,40.821]},"properties":{"v":211020,"n":"Vesuvius","t":"Stratovolcano","y":1944,"e":1281,"c":"Italy","r":"European Volcanic Regions","ev":"Eruption Observed"}},{"type":"Feature","geometry":{"type":"Point","coordinates":[13.897,40.73]},"properties":{"v":211030,"n":"Ischia","t":"Complex","y":1302,"e":789,"c":"Italy","r":"European Volcanic Regions","ev":"Eruption Observed"}},{"type":"Feature","geometry":{"type":"Point","coordinates":[14.83,39.48]},"properties":{"v":211031,"n":"Palinuro","t":"Compound","y":-8040,"e":-70,"c":"Italy","r":"European Volcanic Regions","ev":"Eruption Dated"}},{"type":"Feature","geometry":{"type":"Point","coordinates":[15.213,38.789]},"properties":{"v":211040,"n":"Stromboli","t":"Stratovolcano","y":2026,"e":924,"c":"Italy","r":"European Volcanic Regions","ev":"Eruption Observed"}},{"type":"Feature","geometry":{"type":"Point","coordinates":[15.064,38.638]},"properties":{"v":211041,"n":"Panarea","t":"Stratovolcano","y":null,"e":399,"c":"Italy","r":"European Volcanic Regions","ev":"Evidence Uncertain"}},{"type":"Feature","geometry":{"type":"Point","coordinates":[14.933,38.49]},"properties":{"v":211042,"n":"Lipari","t":"Stratovolcano(es)","y":1230,"e":590,"c":"Italy","r":"European Volcanic Regions","ev":"Eruption Dated"}},{"type":"Feature","geometry":{"type":"Point","coordinates":[14.962,38.404]},"properties":{"v":211050,"n":"Vulcano","t":"Stratovolcano(es)","y":1890,"e":500,"c":"Italy","r":"European Volcanic Regions","ev":"Eruption Observed"}},{"type":"Feature","geometry":{"type":"Point","coordinates":[14.999,37.748]},"properties":{"v":211060,"n":"Etna","t":"Stratovolcano(es)","y":2026,"e":3357,"c":"Italy","r":"European Volcanic Regions","ev":"Eruption Observed"}},{"type":"Feature","geometry":{"type":"Point","coordinates":[12.7,37.1]},"properties":{"v":211070,"n":"Campi Flegrei del Mar di Sicilia","t":"Volcanic field","y":1867,"e":-8,"c":"Italy","r":"European Volcanic Regions","ev":"Eruption Observed"}},{"type":"Feature","geometry":{"type":"Point","coordinates":[12.02,36.77]},"properties":{"v":211071,"n":"Pantelleria","t":"Shield","y":1891,"e":836,"c":"Italy","r":"European Volcanic Regions","ev":"Eruption Observed"}},{"type":"Feature","geometry":{"type":"Point","coordinates":[14.399,39.284]},"properties":{"v":211080,"n":"Marsili","t":"Complex","y":-1050,"e":-779,"c":"Italy","r":"European Volcanic Regions","ev":"Eruption Dated"}},{"type":"Feature","geometry":{"type":"Point","coordinates":[23.3331,37.6186]},"properties":{"v":212020,"n":"Methana","t":"Lava dome(s)","y":-258,"e":380,"c":"Greece","r":"European Volcanic Regions","ev":"Eruption Observed"}},{"type":"Feature","geometry":{"type":"Point","coordinates":[24.439,36.699]},"properties":{"v":212030,"n":"Milos","t":"Stratovolcano(es)","y":140,"e":751,"c":"Greece","r":"European Volcanic Regions","ev":"Eruption Dated"}},{"type":"Feature","geometry":{"type":"Point","coordinates":[25.396,36.404]},"properties":{"v":212040,"n":"Santorini","t":"Shield(s)","y":1950,"e":367,"c":"Greece","r":"European Volcanic Regions","ev":"Eruption Observed"}},{"type":"Feature","geometry":{"type":"Point","coordinates":[25.483,36.524]},"properties":{"v":212042,"n":"Kolumbo","t":"Complex","y":1650,"e":-18,"c":"Greece","r":"European Volcanic Regions","ev":"Eruption Dated"}},{"type":"Feature","geometry":{"type":"Point","coordinates":[27.1553,36.5888]},"properties":{"v":212050,"n":"Nisyros","t":"Stratovolcano","y":1888,"e":698,"c":"Greece","r":"European Volcanic Regions","ev":"Eruption Observed"}},{"type":"Feature","geometry":{"type":"Point","coordinates":[28.52,38.58]},"properties":{"v":213000,"n":"Kula","t":"Volcanic field","y":null,"e":750,"c":"Turkiye","r":"European Volcanic Regions","ev":"Evidence Credible"}},{"type":"Feature","geometry":{"type":"Point","coordinates":[34.17,38.13]},"properties":{"v":213002,"n":"Hasandag-Keciboyduran Volcanic Complex","t":"Stratovolcano","y":null,"e":3253,"c":"Turkiye","r":"European Volcanic Regions","ev":"Evidence Credible"}},{"type":"Feature","geometry":{"type":"Point","coordinates":[35.447,38.531]},"properties":{"v":213010,"n":"Erciyes Volcanic Complex","t":"Stratovolcano","y":-6880,"e":3864,"c":"Turkiye","r":"European Volcanic Regions","ev":"Eruption Dated"}},{"type":"Feature","geometry":{"type":"Point","coordinates":[39.83,37.67]},"properties":{"v":213011,"n":"Karaca Dag","t":"Shield","y":null,"e":1957,"c":"Turkiye","r":"Arabia-Central Asia Volcanic Regions","ev":"Evidence Credible"}},{"type":"Feature","geometry":{"type":"Point","coordinates":[42.229,38.654]},"properties":{"v":213020,"n":"Nemrut Dagi","t":"Stratovolcano","y":1650,"e":2948,"c":"Turkiye","r":"Arabia-Central Asia Volcanic Regions","ev":"Eruption Observed"}},{"type":"Feature","geometry":{"type":"Point","coordinates":[43.874,39.356]},"properties":{"v":213030,"n":"Tenduruk Dagi","t":"Shield","y":1855,"e":3514,"c":"Turkiye","r":"Arabia-Central Asia Volcanic Regions","ev":"Eruption Observed"}},{"type":"Feature","geometry":{"type":"Point","coordinates":[44.3,39.7]},"properties":{"v":213040,"n":"Ararat","t":"Stratovolcano","y":1840,"e":5165,"c":"Turkiye","r":"Arabia-Central Asia Volcanic Regions","ev":"Eruption Observed"}},{"type":"Feature","geometry":{"type":"Point","coordinates":[42.442,43.351]},"properties":{"v":214010,"n":"Elbrus","t":"Stratovolcano","y":50,"e":5642,"c":"Russia","r":"Arabia-Central Asia Volcanic Regions","ev":"Eruption Dated"}},{"type":"Feature","geometry":{"type":"Point","coordinates":[44.5184,42.697]},"properties":{"v":214020,"n":"Kazbek","t":"Stratovolcano","y":-750,"e":5004,"c":"Georgia","r":"Arabia-Central Asia Volcanic Regions","ev":"Eruption Dated"}},{"type":"Feature","geometry":{"type":"Point","coordinates":[43.7,41.542]},"properties":{"v":214050,"n":"Samsari Volcanic Center","t":"Volcanic field","y":null,"e":3290,"c":"Georgia","r":"Arabia-Central Asia Volcanic Regions","ev":"Evidence Uncertain"}},{"type":"Feature","geometry":{"type":"Point","coordinates":[44.2,40.53]},"properties":{"v":214060,"n":"Aragats","t":"Stratovolcano","y":null,"e":4095,"c":"Armenia","r":"Arabia-Central Asia Volcanic Regions","ev":"Evidence Credible"}},{"type":"Feature","geometry":{"type":"Point","coordinates":[45.0,40.283]},"properties":{"v":214070,"n":"Ghegham Volcanic Ridge","t":"Volcanic field","y":-1900,"e":3597,"c":"Armenia","r":"Arabia-Central Asia Volcanic Regions","ev":"Eruption Dated"}},{"type":"Feature","geometry":{"type":"Point","coordinates":[45.497,39.797]},"properties":{"v":214080,"n":"Vaiyots-Sar","t":"Pyroclastic cone(s)","y":-2000,"e":2575,"c":"Armenia","r":"Arabia-Central Asia Volcanic Regions","ev":"Eruption Dated"}},{"type":"Feature","geometry":{"type":"Point","coordinates":[45.74,40.028]},"properties":{"v":214090,"n":"Porak","t":"Volcanic field","y":-778,"e":3029,"c":"Armenia-Azerbaijan","r":"Arabia-Central Asia Volcanic Regions","ev":"Eruption Dated"}},{"type":"Feature","geometry":{"type":"Point","coordinates":[45.992,39.742]},"properties":{"v":214100,"n":"Tskhouk-Karckar","t":"Pyroclastic cone(s)","y":-3000,"e":3139,"c":"Armenia-Azerbaijan","r":"Arabia-Central Asia Volcanic Regions","ev":"Eruption Dated"}},{"type":"Feature","geometry":{"type":"Point","coordinates":[41.83,15.55]},"properties":{"v":221010,"n":"Tair, Jebel at","t":"Stratovolcano","y":2008,"e":244,"c":"Yemen","r":"Eastern Africa Volcanic Regions","ev":"Eruption Observed"}},{"type":"Feature","geometry":{"type":"Point","coordinates":[42.18,15.05]},"properties":{"v":221020,"n":"Zubair Group","t":"Shield","y":2013,"e":191,"c":"Yemen","r":"Eastern Africa Volcanic Regions","ev":"Eruption Observed"}},{"type":"Feature","geometry":{"type":"Point","coordinates":[42.75,14.02]},"properties":{"v":221021,"n":"Zukur","t":"Shield","y":null,"e":624,"c":"Yemen","r":"Eastern Africa Volcanic Regions","ev":"Evidence Credible"}},{"type":"Feature","geometry":{"type":"Point","coordinates":[42.73,13.72]},"properties":{"v":221022,"n":"Hanish","t":"Shield","y":null,"e":422,"c":"Yemen","r":"Eastern Africa Volcanic Regions","ev":"Evidence Credible"}},{"type":"Feature","geometry":{"type":"Point","coordinates":[39.92,14.88]},"properties":{"v":221040,"n":"Alid","t":"Stratovolcano","y":null,"e":904,"c":"Eritrea","r":"Eastern Africa Volcanic Regions","ev":"Evidence Credible"}},{"type":"Feature","geometry":{"type":"Point","coordinates":[40.3,14.242]},"properties":{"v":221041,"n":"Dallol","t":"Explosion crater(s)","y":2011,"e":-48,"c":"Ethiopia","r":"Eastern Africa Volcanic Regions","ev":"Eruption Observed"}},{"type":"Feature","geometry":{"type":"Point","coordinates":[40.408,13.975]},"properties":{"v":221050,"n":"Gada Ale","t":"Stratovolcano","y":null,"e":287,"c":"Ethiopia","r":"Eastern Africa Volcanic Regions","ev":"Evidence Credible"}},{"type":"Feature","geometry":{"type":"Point","coordinates":[40.553,13.793]},"properties":{"v":221060,"n":"Alu-Dalafilla","t":"Fissure vent(s)","y":2008,"e":578,"c":"Ethiopia","r":"Eastern Africa Volcanic Regions","ev":"Eruption Observed"}},{"type":"Feature","geometry":{"type":"Point","coordinates":[40.6,13.725]},"properties":{"v":221071,"n":"Bora Ale","t":"Stratovolcano","y":null,"e":668,"c":"Ethiopia","r":"Eastern Africa Volcanic Regions","ev":"Evidence Credible"}},{"type":"Feature","geometry":{"type":"Point","coordinates":[40.666,13.601]},"properties":{"v":221080,"n":"Erta Ale","t":"Shield","y":2025,"e":585,"c":"Ethiopia","r":"Eastern Africa Volcanic Regions","ev":"Eruption Observed"}},{"type":"Feature","geometry":{"type":"Point","coordinates":[40.631,13.512]},"properties":{"v":221090,"n":"Ale Bagu","t":"Stratovolcano","y":null,"e":988,"c":"Ethiopia","r":"Eastern Africa Volcanic Regions","ev":"Evidence Credible"}},{"type":"Feature","geometry":{"type":"Point","coordinates":[40.7161,13.5111]},"properties":{"v":221091,"n":"Hayli Gubbi","t":"Shield","y":2025,"e":493,"c":"Ethiopia","r":"Eastern Africa Volcanic Regions","ev":"Eruption Observed"}},{"type":"Feature","geometry":{"type":"Point","coordinates":[41.809,13.579]},"properties":{"v":221100,"n":"Dubbi","t":"Stratovolcano","y":1861,"e":1625,"c":"Eritrea","r":"Eastern Africa Volcanic Regions","ev":"Eruption Observed"}},{"type":"Feature","geometry":{"type":"Point","coordinates":[41.7,13.37]},"properties":{"v":221101,"n":"Nabro","t":"Stratovolcano","y":2012,"e":2218,"c":"Eritrea","r":"Eastern Africa Volcanic Regions","ev":"Eruption Observed"}},{"type":"Feature","geometry":{"type":"Point","coordinates":[41.65,13.27]},"properties":{"v":221102,"n":"Mallahle","t":"Stratovolcano","y":null,"e":1875,"c":"Ethiopia-Eritrea","r":"Eastern Africa Volcanic Regions","ev":"Evidence Uncertain"}},{"type":"Feature","geometry":{"type":"Point","coordinates":[41.725,13.18]},"properties":{"v":221103,"n":"Sork Ale","t":"Stratovolcano","y":null,"e":1611,"c":"Ethiopia-Eritrea","r":"Eastern Africa Volcanic Regions","ev":"Evidence Uncertain"}},{"type":"Feature","geometry":{"type":"Point","coordinates":[41.599,13.098]},"properties":{"v":221104,"n":"Asavyo","t":"Shield","y":null,"e":1338,"c":"Ethiopia","r":"Eastern Africa Volcanic Regions","ev":"Evidence Credible"}},{"type":"Feature","geometry":{"type":"Point","coordinates":[41.161,13.106]},"properties":{"v":221105,"n":"Mat Ala","t":"Shield","y":null,"e":493,"c":"Ethiopia","r":"Eastern Africa Volcanic Regions","ev":"Evidence Credible"}},{"type":"Feature","geometry":{"type":"Point","coordinates":[41.063,13.284]},"properties":{"v":221106,"n":"Tat Ali","t":"Shield","y":null,"e":655,"c":"Ethiopia","r":"Eastern Africa Volcanic Regions","ev":"Evidence Credible"}},{"type":"Feature","geometry":{"type":"Point","coordinates":[40.987,13.304]},"properties":{"v":221107,"n":"Borawli","t":"Stratovolcano","y":null,"e":784,"c":"Ethiopia","r":"Eastern Africa Volcanic Regions","ev":"Evidence Credible"}},{"type":"Feature","geometry":{"type":"Point","coordinates":[40.853,13.088]},"properties":{"v":221110,"n":"Afdera","t":"Stratovolcano","y":null,"e":1250,"c":"Ethiopia","r":"Eastern Africa Volcanic Regions","ev":"Evidence Uncertain"}},{"type":"Feature","geometry":{"type":"Point","coordinates":[40.185,13.013]},"properties":{"v":221111,"n":"Ma Alalta","t":"Stratovolcano","y":null,"e":1745,"c":"Ethiopia","r":"Eastern Africa Volcanic Regions","ev":"Evidence Credible"}},{"type":"Feature","geometry":{"type":"Point","coordinates":[40.573,12.888]},"properties":{"v":221112,"n":"Alayta","t":"Shield","y":1915,"e":1496,"c":"Ethiopia","r":"Eastern Africa Volcanic Regions","ev":"Eruption Observed"}},{"type":"Feature","geometry":{"type":"Point","coordinates":[40.48,12.595]},"properties":{"v":221113,"n":"Dabbahu","t":"Stratovolcano","y":2005,"e":1401,"c":"Ethiopia","r":"Eastern Africa Volcanic Regions","ev":"Eruption Observed"}},{"type":"Feature","geometry":{"type":"Point","coordinates":[40.07,12.38]},"properties":{"v":221114,"n":"Dabbayra","t":"Shield","y":null,"e":1302,"c":"Ethiopia","r":"Eastern Africa Volcanic Regions","ev":"Evidence Credible"}},{"type":"Feature","geometry":{"type":"Point","coordinates":[40.82,12.17]},"properties":{"v":221115,"n":"Manda Hararo","t":"Shield(s)","y":2009,"e":600,"c":"Ethiopia","r":"Eastern Africa Volcanic Regions","ev":"Eruption Observed"}},{"type":"Feature","geometry":{"type":"Point","coordinates":[40.242,11.816]},"properties":{"v":221116,"n":"Groppo","t":"Volcanic field","y":null,"e":852,"c":"Ethiopia","r":"Eastern Africa Volcanic Regions","ev":"Evidence Credible"}},{"type":"Feature","geometry":{"type":"Point","coordinates":[41.208,11.88]},"properties":{"v":221120,"n":"Kurub","t":"Shield","y":null,"e":625,"c":"Ethiopia","r":"Eastern Africa Volcanic Regions","ev":"Evidence Credible"}},{"type":"Feature","geometry":{"type":"Point","coordinates":[42.2,12.38]},"properties":{"v":221122,"n":"Manda-Inakir","t":"Fissure vent(s)","y":1928,"e":600,"c":"Ethiopia-Djibouti","r":"Eastern Africa Volcanic Regions","ev":"Eruption Observed"}},{"type":"Feature","geometry":{"type":"Point","coordinates":[42.404,12.469]},"properties":{"v":221123,"n":"Mousa Alli","t":"Stratovolcano","y":null,"e":1993,"c":"Ethiopia-Eritrea-Djibouti","r":"Eastern Africa Volcanic Regions","ev":"Evidence Credible"}},{"type":"Feature","geometry":{"type":"Point","coordinates":[42.53,12.55]},"properties":{"v":221124,"n":"Gufa","t":"Volcanic field","y":null,"e":600,"c":"Eritrea-Djibouti","r":"Eastern Africa Volcanic Regions","ev":"Evidence Credible"}},{"type":"Feature","geometry":{"type":"Point","coordinates":[42.43,12.95]},"properties":{"v":221125,"n":"Assab Volcanic Field","t":"Volcanic field","y":null,"e":987,"c":"Eritrea","r":"Eastern Africa Volcanic Regions","ev":"Evidence Credible"}},{"type":"Feature","geometry":{"type":"Point","coordinates":[42.47,11.58]},"properties":{"v":221126,"n":"Ardoukoba","t":"Fissure vent(s)","y":1978,"e":298,"c":"Djibouti","r":"Eastern Africa Volcanic Regions","ev":"Eruption Observed"}},{"type":"Feature","geometry":{"type":"Point","coordinates":[41.48,11.75]},"properties":{"v":221127,"n":"Manda Gargori","t":"Fissure vent(s)","y":null,"e":700,"c":"Ethiopia","r":"Eastern Africa Volcanic Regions","ev":"Evidence Credible"}},{"type":"Feature","geometry":{"type":"Point","coordinates":[41.63,11.28]},"properties":{"v":221141,"n":"Dama Ali","t":"Shield","y":1631,"e":1068,"c":"Ethiopia","r":"Eastern Africa Volcanic Regions","ev":"Eruption Observed"}},{"type":"Feature","geometry":{"type":"Point","coordinates":[41.27,11.08]},"properties":{"v":221150,"n":"Gabillema","t":"Stratovolcano","y":null,"e":1459,"c":"Ethiopia","r":"Eastern Africa Volcanic Regions","ev":"Evidence Credible"}},{"type":"Feature","geometry":{"type":"Point","coordinates":[41.042,10.58]},"properties":{"v":221151,"n":"Yangudi","t":"Complex","y":null,"e":1383,"c":"Ethiopia","r":"Eastern Africa Volcanic Regions","ev":"Evidence Credible"}},{"type":"Feature","geometry":{"type":"Point","coordinates":[40.702,10.082]},"properties":{"v":221160,"n":"Ayelu","t":"Stratovolcano","y":null,"e":2145,"c":"Ethiopia","r":"Eastern Africa Volcanic Regions","ev":"Evidence Credible"}},{"type":"Feature","geometry":{"type":"Point","coordinates":[40.831,10.063]},"properties":{"v":221170,"n":"Adwa","t":"Stratovolcano","y":null,"e":1670,"c":"Ethiopia","r":"Eastern Africa Volcanic Regions","ev":"Evidence Credible"}},{"type":"Feature","geometry":{"type":"Point","coordinates":[40.33,9.78]},"properties":{"v":221171,"n":"Hertali","t":"Fissure vent","y":null,"e":900,"c":"Ethiopia","r":"Eastern Africa Volcanic Regions","ev":"Evidence Credible"}},{"type":"Feature","geometry":{"type":"Point","coordinates":[40.28,9.57]},"properties":{"v":221172,"n":"Liado Hayk","t":"Volcanic field","y":null,"e":878,"c":"Ethiopia","r":"Eastern Africa Volcanic Regions","ev":"Evidence Uncertain"}},{"type":"Feature","geometry":{"type":"Point","coordinates":[40.13,9.35]},"properties":{"v":221180,"n":"Dofen","t":"Shield","y":null,"e":1151,"c":"Ethiopia","r":"Eastern Africa Volcanic Regions","ev":"Evidence Credible"}},{"type":"Feature","geometry":{"type":"Point","coordinates":[39.906,8.985]},"properties":{"v":221190,"n":"Fentale","t":"Stratovolcano","y":1789,"e":2007,"c":"Ethiopia","r":"Eastern Africa Volcanic Regions","ev":"Eruption Observed"}},{"type":"Feature","geometry":{"type":"Point","coordinates":[39.75,8.95]},"properties":{"v":221191,"n":"Beru","t":"Volcanic field","y":null,"e":1100,"c":"Ethiopia","r":"Eastern Africa Volcanic Regions","ev":"Evidence Credible"}},{"type":"Feature","geometry":{"type":"Point","coordinates":[39.6946,8.8105]},"properties":{"v":221200,"n":"Kone","t":"Caldera(s)","y":1820,"e":1380,"c":"Ethiopia","r":"Eastern Africa Volcanic Regions","ev":"Eruption Observed"}},{"type":"Feature","geometry":{"type":"Point","coordinates":[39.475,8.558]},"properties":{"v":221210,"n":"Boset","t":"Stratovolcano(es)","y":null,"e":2447,"c":"Ethiopia","r":"Eastern Africa Volcanic Regions","ev":"Evidence Credible"}},{"type":"Feature","geometry":{"type":"Point","coordinates":[38.98,8.78]},"properties":{"v":221220,"n":"Bishoftu Volcanic Field","t":"Volcanic field","y":null,"e":1850,"c":"Ethiopia","r":"Eastern Africa Volcanic Regions","ev":"Evidence Credible"}},{"type":"Feature","geometry":{"type":"Point","coordinates":[39.35,8.43]},"properties":{"v":221222,"n":"Melkassa","t":"Volcanic field","y":null,"e":1765,"c":"Ethiopia","r":"Eastern Africa Volcanic Regions","ev":"Evidence Credible"}},{"type":"Feature","geometry":{"type":"Point","coordinates":[39.172,8.363]},"properties":{"v":221230,"n":"Gedemsa","t":"Caldera","y":null,"e":1909,"c":"Ethiopia","r":"Eastern Africa Volcanic Regions","ev":"Evidence Credible"}},{"type":"Feature","geometry":{"type":"Point","coordinates":[39.0812,8.2114]},"properties":{"v":221250,"n":"Bora-Bericha-Tullu Moye","t":"Pyroclastic cone","y":1900,"e":2345,"c":"Ethiopia","r":"Eastern Africa Volcanic Regions","ev":"Eruption Observed"}},{"type":"Feature","geometry":{"type":"Point","coordinates":[38.902,7.874]},"properties":{"v":221252,"n":"East Ziway","t":"Fissure vent(s)","y":null,"e":1889,"c":"Ethiopia","r":"Eastern Africa Volcanic Regions","ev":"Evidence Credible"}},{"type":"Feature","geometry":{"type":"Point","coordinates":[38.35,8.05]},"properties":{"v":221260,"n":"Butajiri-Silti Field","t":"Volcanic field","y":null,"e":2281,"c":"Ethiopia","r":"Eastern Africa Volcanic Regions","ev":"Evidence Credible"}},{"type":"Feature","geometry":{"type":"Point","coordinates":[38.78,7.77]},"properties":{"v":221270,"n":"Aluto","t":"Stratovolcano","y":1550,"e":2335,"c":"Ethiopia","r":"Eastern Africa Volcanic Regions","ev":"Eruption Dated"}},{"type":"Feature","geometry":{"type":"Point","coordinates":[38.5571,7.4569]},"properties":{"v":221280,"n":"Shala","t":"Caldera","y":null,"e":2075,"c":"Ethiopia","r":"Eastern Africa Volcanic Regions","ev":"Evidence Credible"}},{"type":"Feature","geometry":{"type":"Point","coordinates":[38.39,7.193]},"properties":{"v":221290,"n":"Corbetti","t":"Caldera","y":-396,"e":2289,"c":"Ethiopia","r":"Eastern Africa Volcanic Regions","ev":"Evidence Credible"}},{"type":"Feature","geometry":{"type":"Point","coordinates":[38.1,7.07]},"properties":{"v":221291,"n":"Bilate River Field","t":"Volcanic field","y":null,"e":1700,"c":"Ethiopia","r":"Eastern Africa Volcanic Regions","ev":"Unrest / Holocene"}},{"type":"Feature","geometry":{"type":"Point","coordinates":[37.97,6.76]},"properties":{"v":221294,"n":"Northern Lake Abaya Volcanic Field","t":"Volcanic field","y":null,"e":1594,"c":"Ethiopia","r":"Eastern Africa Volcanic Regions","ev":"Evidence Credible"}},{"type":"Feature","geometry":{"type":"Point","coordinates":[35.892,5.117]},"properties":{"v":221320,"n":"Korath Range","t":"Tuff cone(s)","y":null,"e":912,"c":"Ethiopia","r":"Eastern Africa Volcanic Regions","ev":"Evidence Uncertain"}},{"type":"Feature","geometry":{"type":"Point","coordinates":[38.213,3.971]},"properties":{"v":221330,"n":"Mega Volcanic Field","t":"Volcanic field","y":null,"e":1500,"c":"Ethiopia","r":"Eastern Africa Volcanic Regions","ev":"Evidence Credible"}},{"type":"Feature","geometry":{"type":"Point","coordinates":[36.0458,4.0631]},"properties":{"v":222001,"n":"Lake Turkana North Island","t":"Tuff cone(s)","y":null,"e":490,"c":"Kenya","r":"Eastern Africa Volcanic Regions","ev":"Evidence Credible"}},{"type":"Feature","geometry":{"type":"Point","coordinates":[36.0365,3.496]},"properties":{"v":222010,"n":"Lake Turkana Central Island","t":"Tuff cone(s)","y":null,"e":518,"c":"Kenya","r":"Eastern Africa Volcanic Regions","ev":"Evidence Credible"}},{"type":"Feature","geometry":{"type":"Point","coordinates":[36.5958,2.6364]},"properties":{"v":222020,"n":"Lake Turkana South Island","t":"Stratovolcano","y":1888,"e":800,"c":"Kenya","r":"Eastern Africa Volcanic Regions","ev":"Eruption Observed"}},{"type":"Feature","geometry":{"type":"Point","coordinates":[37.97,2.32]},"properties":{"v":222021,"n":"Marsabit","t":"Shield","y":null,"e":1707,"c":"Kenya","r":"Eastern Africa Volcanic Regions","ev":"Evidence Uncertain"}},{"type":"Feature","geometry":{"type":"Point","coordinates":[36.57,2.32]},"properties":{"v":222030,"n":"Barrier, The","t":"Shield","y":1921,"e":1032,"c":"Kenya","r":"Eastern Africa Volcanic Regions","ev":"Eruption Observed"}},{"type":"Feature","geometry":{"type":"Point","coordinates":[36.43,1.98]},"properties":{"v":222040,"n":"Namarunu","t":"Shield","y":-6550,"e":817,"c":"Kenya","r":"Eastern Africa Volcanic Regions","ev":"Eruption Dated"}},{"type":"Feature","geometry":{"type":"Point","coordinates":[37.9,1.57]},"properties":{"v":222050,"n":"Segererua Plateau","t":"Pyroclastic cone(s)","y":null,"e":699,"c":"Kenya","r":"Eastern Africa Volcanic Regions","ev":"Evidence Credible"}},{"type":"Feature","geometry":{"type":"Point","coordinates":[36.33,1.5]},"properties":{"v":222051,"n":"Emuruangogolak","t":"Shield","y":1910,"e":1285,"c":"Kenya","r":"Eastern Africa Volcanic Regions","ev":"Eruption Dated"}},{"type":"Feature","geometry":{"type":"Point","coordinates":[36.23,1.15]},"properties":{"v":222052,"n":"Silali","t":"Shield","y":-5050,"e":1528,"c":"Kenya","r":"Eastern Africa Volcanic Regions","ev":"Eruption Dated"}},{"type":"Feature","geometry":{"type":"Point","coordinates":[36.18,0.92]},"properties":{"v":222053,"n":"Paka","t":"Shield","y":-7550,"e":1697,"c":"Kenya","r":"Eastern Africa Volcanic Regions","ev":"Eruption Dated"}},{"type":"Feature","geometry":{"type":"Point","coordinates":[36.12,0.77]},"properties":{"v":222054,"n":"Korosi","t":"Shield","y":null,"e":1446,"c":"Kenya","r":"Eastern Africa Volcanic Regions","ev":"Evidence Credible"}},{"type":"Feature","geometry":{"type":"Point","coordinates":[36.075,0.62]},"properties":{"v":222055,"n":"Ol Kokwe","t":"Shield","y":null,"e":1130,"c":"Kenya","r":"Eastern Africa Volcanic Regions","ev":"Evidence Credible"}},{"type":"Feature","geometry":{"type":"Point","coordinates":[37.87,0.23]},"properties":{"v":222056,"n":"Nyambeni Hills","t":"Shield","y":null,"e":750,"c":"Kenya","r":"Eastern Africa Volcanic Regions","ev":"Evidence Credible"}},{"type":"Feature","geometry":{"type":"Point","coordinates":[36.07,-0.2]},"properties":{"v":222060,"n":"Menengai","t":"Shield","y":-6050,"e":2278,"c":"Kenya","r":"Eastern Africa Volcanic Regions","ev":"Eruption Dated"}},{"type":"Feature","geometry":{"type":"Point","coordinates":[34.5,-0.38]},"properties":{"v":222070,"n":"Homa Mountain","t":"Complex","y":null,"e":1751,"c":"Kenya","r":"Eastern Africa Volcanic Regions","ev":"Evidence Credible"}},{"type":"Feature","geometry":{"type":"Point","coordinates":[36.249,-0.546]},"properties":{"v":222071,"n":"Elmenteita Badlands","t":"Pyroclastic cone(s)","y":null,"e":2126,"c":"Kenya","r":"Eastern Africa Volcanic Regions","ev":"Evidence Credible"}},{"type":"Feature","geometry":{"type":"Point","coordinates":[36.22,-0.65]},"properties":{"v":222080,"n":"Eburru, Ol Doinyo","t":"Complex","y":null,"e":2856,"c":"Kenya","r":"Eastern Africa Volcanic Regions","ev":"Evidence Credible"}},{"type":"Feature","geometry":{"type":"Point","coordinates":[36.292,-0.904]},"properties":{"v":222090,"n":"Olkaria","t":"Pyroclastic cone(s)","y":1770,"e":2434,"c":"Kenya","r":"Eastern Africa Volcanic Regions","ev":"Eruption Dated"}},{"type":"Feature","geometry":{"type":"Point","coordinates":[36.446,-0.914]},"properties":{"v":222100,"n":"Longonot","t":"Stratovolcano","y":1863,"e":2776,"c":"Kenya","r":"Eastern Africa Volcanic Regions","ev":"Eruption Dated"}},{"type":"Feature","geometry":{"type":"Point","coordinates":[36.357,-1.151]},"properties":{"v":222110,"n":"Suswa","t":"Shield","y":null,"e":2356,"c":"Kenya","r":"Eastern Africa Volcanic Regions","ev":"Evidence Credible"}},{"type":"Feature","geometry":{"type":"Point","coordinates":[35.914,-2.764]},"properties":{"v":222120,"n":"Lengai, Ol Doinyo","t":"Stratovolcano","y":2026,"e":2962,"c":"Tanzania","r":"Eastern Africa Volcanic Regions","ev":"Eruption Observed"}},{"type":"Feature","geometry":{"type":"Point","coordinates":[37.88,-2.68]},"properties":{"v":222130,"n":"Chyulu Hills","t":"Volcanic field","y":1855,"e":2188,"c":"Kenya","r":"Eastern Africa Volcanic Regions","ev":"Eruption Dated"}},{"type":"Feature","geometry":{"type":"Point","coordinates":[36.75,-3.244]},"properties":{"v":222160,"n":"Meru","t":"Stratovolcano","y":1910,"e":4550,"c":"Tanzania","r":"Eastern Africa Volcanic Regions","ev":"Eruption Observed"}},{"type":"Feature","geometry":{"type":"Point","coordinates":[33.552,-9.0036]},"properties":{"v":222164,"n":"Ngozi","t":"Caldera","y":1450,"e":2614,"c":"Tanzania","r":"Eastern Africa Volcanic Regions","ev":"Eruption Dated"}},{"type":"Feature","geometry":{"type":"Point","coordinates":[33.668,-9.135]},"properties":{"v":222166,"n":"Rungwe","t":"Stratovolcano","y":1250,"e":2953,"c":"Tanzania","r":"Eastern Africa Volcanic Regions","ev":"Eruption Dated"}},{"type":"Feature","geometry":{"type":"Point","coordinates":[33.792,-9.229]},"properties":{"v":222170,"n":"Kyejo","t":"Stratovolcano","y":1800,"e":2176,"c":"Tanzania","r":"Eastern Africa Volcanic Regions","ev":"Eruption Observed"}},{"type":"Feature","geometry":{"type":"Point","coordinates":[30.25,0.7]},"properties":{"v":223001,"n":"Fort Portal Volcanic Field","t":"Volcanic field","y":-2120,"e":1615,"c":"Uganda","r":"Eastern Africa Volcanic Regions","ev":"Eruption Dated"}},{"type":"Feature","geometry":{"type":"Point","coordinates":[30.275,0.4583]},"properties":{"v":223002,"n":"Ndali-Kasenda Volcanic Field","t":"Volcanic field","y":null,"e":1300,"c":"Uganda","r":"Eastern Africa Volcanic Regions","ev":"Evidence Uncertain"}},{"type":"Feature","geometry":{"type":"Point","coordinates":[29.2,-1.408]},"properties":{"v":223020,"n":"Nyamulagira","t":"Shield","y":2026,"e":3058,"c":"DR Congo","r":"Eastern Africa Volcanic Regions","ev":"Eruption Observed"}},{"type":"Feature","geometry":{"type":"Point","coordinates":[29.25,-1.52]},"properties":{"v":223030,"n":"Nyiragongo","t":"Stratovolcano","y":2026,"e":3470,"c":"DR Congo","r":"Eastern Africa Volcanic Regions","ev":"Eruption Observed"}},{"type":"Feature","geometry":{"type":"Point","coordinates":[29.45,-1.506]},"properties":{"v":223040,"n":"Karisimbi","t":"Stratovolcano","y":-8050,"e":4490,"c":"DR Congo-Rwanda","r":"Eastern Africa Volcanic Regions","ev":"Eruption Dated"}},{"type":"Feature","geometry":{"type":"Point","coordinates":[29.48,-1.3687]},"properties":{"v":223045,"n":"Mugogo","t":"Cone","y":1957,"e":2338,"c":"DR Congo","r":"Eastern Africa Volcanic Regions","ev":"Eruption Observed"}},{"type":"Feature","geometry":{"type":"Point","coordinates":[8.762,3.588]},"properties":{"v":224004,"n":"Basile, Pico","t":"Shield","y":1923,"e":2999,"c":"Equatorial Guinea","r":"Northern Africa Volcanic Regions","ev":"Eruption Observed"}},{"type":"Feature","geometry":{"type":"Point","coordinates":[9.17,4.203]},"properties":{"v":224010,"n":"Cameroon","t":"Stratovolcano","y":2000,"e":4095,"c":"Cameroon","r":"Northern Africa Volcanic Regions","ev":"Eruption Observed"}},{"type":"Feature","geometry":{"type":"Point","coordinates":[9.717,4.758]},"properties":{"v":224011,"n":"Tombel Graben","t":"Volcanic field","y":null,"e":500,"c":"Cameroon","r":"Northern Africa Volcanic Regions","ev":"Evidence Credible"}},{"type":"Feature","geometry":{"type":"Point","coordinates":[10.5,6.25]},"properties":{"v":224030,"n":"Oku Volcanic Field","t":"Volcanic field","y":null,"e":3011,"c":"Cameroon","r":"Northern Africa Volcanic Regions","ev":"Evidence Uncertain"}},{"type":"Feature","geometry":{"type":"Point","coordinates":[8.5,17.68]},"properties":{"v":225001,"n":"Todra Volcanic Field","t":"Volcanic field","y":null,"e":1780,"c":"Niger","r":"Northern Africa Volcanic Regions","ev":"Evidence Credible"}},{"type":"Feature","geometry":{"type":"Point","coordinates":[5.0,22.67]},"properties":{"v":225004,"n":"Tahalra Volcanic Field","t":"Volcanic field","y":null,"e":1467,"c":"Algeria","r":"Northern Africa Volcanic Regions","ev":"Evidence Credible"}},{"type":"Feature","geometry":{"type":"Point","coordinates":[5.83,23.33]},"properties":{"v":225005,"n":"Atakor Volcanic Field","t":"Volcanic field","y":null,"e":2918,"c":"Algeria","r":"Northern Africa Volcanic Regions","ev":"Evidence Credible"}},{"type":"Feature","geometry":{"type":"Point","coordinates":[5.83,23.92]},"properties":{"v":225006,"n":"Manzaz Volcanic Field","t":"Volcanic field","y":null,"e":1672,"c":"Algeria","r":"Northern Africa Volcanic Regions","ev":"Evidence Credible"}},{"type":"Feature","geometry":{"type":"Point","coordinates":[16.33,21.33]},"properties":{"v":225009,"n":"Toh, Tarso","t":"Volcanic field","y":null,"e":2000,"c":"Chad","r":"Northern Africa Volcanic Regions","ev":"Evidence Credible"}},{"type":"Feature","geometry":{"type":"Point","coordinates":[16.473,21.0408]},"properties":{"v":225010,"n":"Tousside, Tarso","t":"Stratovolcano","y":null,"e":3299,"c":"Chad","r":"Northern Africa Volcanic Regions","ev":"Evidence Credible"}},{"type":"Feature","geometry":{"type":"Point","coordinates":[17.28,20.92]},"properties":{"v":225020,"n":"Voon, Tarso","t":"Stratovolcano","y":null,"e":3100,"c":"Chad","r":"Northern Africa Volcanic Regions","ev":"Unrest / Holocene"}},{"type":"Feature","geometry":{"type":"Point","coordinates":[18.53,19.8]},"properties":{"v":225021,"n":"Koussi, Emi","t":"Shield(pyroclastic)","y":null,"e":3415,"c":"Chad","r":"Northern Africa Volcanic Regions","ev":"Evidence Credible"}},{"type":"Feature","geometry":{"type":"Point","coordinates":[24.27,12.95]},"properties":{"v":225030,"n":"Marra, Jebel","t":"Volcanic field","y":-2000,"e":3042,"c":"Sudan","r":"Northern Africa Volcanic Regions","ev":"Eruption Dated"}},{"type":"Feature","geometry":{"type":"Point","coordinates":[25.85,14.57]},"properties":{"v":225040,"n":"Kutum Volcanic Field","t":"Volcanic field","y":null,"e":1779,"c":"Sudan","r":"Northern Africa Volcanic Regions","ev":"Evidence Uncertain"}},{"type":"Feature","geometry":{"type":"Point","coordinates":[26.47,15.32]},"properties":{"v":225050,"n":"Meidob Volcanic Field","t":"Volcanic field","y":-2950,"e":2000,"c":"Sudan","r":"Northern Africa Volcanic Regions","ev":"Eruption Dated"}},{"type":"Feature","geometry":{"type":"Point","coordinates":[32.75,18.33]},"properties":{"v":225060,"n":"Bayuda Volcanic Field","t":"Volcanic field","y":850,"e":670,"c":"Sudan","r":"Northern Africa Volcanic Regions","ev":"Eruption Dated"}},{"type":"Feature","geometry":{"type":"Point","coordinates":[37.583,32.333]},"properties":{"v":231001,"n":"Ash Shaam, Harrat","t":"Volcanic field","y":-2670,"e":1100,"c":"Syria-Jordan-Saudi Arabia","r":"Arabia-Central Asia Volcanic Regions","ev":"Eruption Observed"}},{"type":"Feature","geometry":{"type":"Point","coordinates":[37.75,25.17]},"properties":{"v":231040,"n":"Lunayyir, Harrat","t":"Volcanic field","y":1000,"e":1370,"c":"Saudi Arabia","r":"Arabia-Central Asia Volcanic Regions","ev":"Eruption Observed"}},{"type":"Feature","geometry":{"type":"Point","coordinates":[40.2,26.58]},"properties":{"v":231050,"n":"Ithnayn, Harrat","t":"Volcanic field","y":null,"e":1625,"c":"Saudi Arabia","r":"Arabia-Central Asia Volcanic Regions","ev":"Evidence Credible"}},{"type":"Feature","geometry":{"type":"Point","coordinates":[40.0,25.5]},"properties":{"v":231060,"n":"Khaybar, Harrat","t":"Volcanic field","y":650,"e":2093,"c":"Saudi Arabia","r":"Arabia-Central Asia Volcanic Regions","ev":"Eruption Observed"}},{"type":"Feature","geometry":{"type":"Point","coordinates":[39.78,23.08]},"properties":{"v":231070,"n":"Rahat, Harrat","t":"Volcanic field","y":1256,"e":1744,"c":"Saudi Arabia","r":"Arabia-Central Asia Volcanic Regions","ev":"Eruption Observed"}},{"type":"Feature","geometry":{"type":"Point","coordinates":[41.38,22.8]},"properties":{"v":231071,"n":"Kishb, Harrat","t":"Volcanic field","y":null,"e":1475,"c":"Saudi Arabia","r":"Arabia-Central Asia Volcanic Regions","ev":"Evidence Credible"}},{"type":"Feature","geometry":{"type":"Point","coordinates":[41.63,18.37]},"properties":{"v":231072,"n":"Birk, Harrat al","t":"Volcanic field","y":null,"e":587,"c":"Saudi Arabia","r":"Arabia-Central Asia Volcanic Regions","ev":"Evidence Credible"}},{"type":"Feature","geometry":{"type":"Point","coordinates":[42.83,17.05]},"properties":{"v":231080,"n":"Yar, Jabal","t":"Volcanic field","y":1810,"e":305,"c":"Saudi Arabia","r":"Arabia-Central Asia Volcanic Regions","ev":"Eruption Observed"}},{"type":"Feature","geometry":{"type":"Point","coordinates":[44.0978,15.6025]},"properties":{"v":231090,"n":"Arhab, Harra of","t":"Volcanic field","y":500,"e":3100,"c":"Yemen","r":"Arabia-Central Asia Volcanic Regions","ev":"Eruption Observed"}},{"type":"Feature","geometry":{"type":"Point","coordinates":[45.1,15.4]},"properties":{"v":231110,"n":"Haylan, Jabal","t":"Volcanic field","y":-1200,"e":1550,"c":"Yemen","r":"Arabia-Central Asia Volcanic Regions","ev":"Eruption Dated"}},{"type":"Feature","geometry":{"type":"Point","coordinates":[44.67,14.57]},"properties":{"v":231120,"n":"Dhamar, Harras of","t":"Volcanic field","y":null,"e":3500,"c":"Yemen","r":"Arabia-Central Asia Volcanic Regions","ev":"Eruption Observed"}},{"type":"Feature","geometry":{"type":"Point","coordinates":[46.12,13.58]},"properties":{"v":231160,"n":"Sawad, Harra Es-","t":"Volcanic field","y":1253,"e":1737,"c":"Yemen","r":"Arabia-Central Asia Volcanic Regions","ev":"Eruption Observed"}},{"type":"Feature","geometry":{"type":"Point","coordinates":[48.3,14.067]},"properties":{"v":231170,"n":"Balhaf-Bir Ali Volcanic Field","t":"Volcanic field","y":null,"e":604,"c":"Yemen","r":"Arabia-Central Asia Volcanic Regions","ev":"Evidence Credible"}},{"type":"Feature","geometry":{"type":"Point","coordinates":[50.935,15.515]},"properties":{"v":231180,"n":"Bir Borhut","t":"Volcanic field","y":null,"e":464,"c":"Yemen","r":"Arabia-Central Asia Volcanic Regions","ev":"Evidence Uncertain"}},{"type":"Feature","geometry":{"type":"Point","coordinates":[52.109,35.951]},"properties":{"v":232010,"n":"Damavand","t":"Stratovolcano","y":-5350,"e":5670,"c":"Iran","r":"Arabia-Central Asia Volcanic Regions","ev":"Eruption Dated"}},{"type":"Feature","geometry":{"type":"Point","coordinates":[43.35,-11.4861]},"properties":{"v":233001,"n":"Grille, La","t":"Shield","y":null,"e":1064,"c":"Union of the Comoros","r":"Somalian-Antarctic Volcanic Regions","ev":"Evidence Credible"}},{"type":"Feature","geometry":{"type":"Point","coordinates":[45.17,-12.83]},"properties":{"v":233005,"n":"Mayotte","t":"Shield","y":-2050,"e":660,"c":"France","r":"Somalian-Antarctic Volcanic Regions","ev":"Eruption Dated"}},{"type":"Feature","geometry":{"type":"Point","coordinates":[43.3639,-11.7658]},"properties":{"v":233010,"n":"Karthala","t":"Shield","y":2007,"e":2350,"c":"Union of the Comoros","r":"Somalian-Antarctic Volcanic Regions","ev":"Eruption Observed"}},{"type":"Feature","geometry":{"type":"Point","coordinates":[55.708,-21.244]},"properties":{"v":233020,"n":"Fournaise, Piton de la","t":"Shield","y":2026,"e":2632,"c":"France","r":"Somalian-Antarctic Volcanic Regions","ev":"Eruption Observed"}},{"type":"Feature","geometry":{"type":"Point","coordinates":[45.7075,-12.9121]},"properties":{"v":233040,"n":"Fani Maore","t":"Cone","y":2019,"e":-2500,"c":"France","r":"Somalian-Antarctic Volcanic Regions","ev":"Eruption Observed"}},{"type":"Feature","geometry":{"type":"Point","coordinates":[77.8221,-37.7216]},"properties":{"v":234000,"n":"Boomerang Seamount","t":"Caldera","y":1995,"e":-650,"c":"France","r":"Somalian-Antarctic Volcanic Regions","ev":"Eruption Dated"}},{"type":"Feature","geometry":{"type":"Point","coordinates":[77.52,-37.83]},"properties":{"v":234001,"n":"Amsterdam Island","t":"Stratovolcano","y":null,"e":881,"c":"France","r":"Somalian-Antarctic Volcanic Regions","ev":"Evidence Credible"}},{"type":"Feature","geometry":{"type":"Point","coordinates":[77.53,-38.72]},"properties":{"v":234002,"n":"St. Paul","t":"Stratovolcano","y":1793,"e":268,"c":"France","r":"Somalian-Antarctic Volcanic Regions","ev":"Eruption Observed"}},{"type":"Feature","geometry":{"type":"Point","coordinates":[73.513,-53.106]},"properties":{"v":234010,"n":"Heard","t":"Stratovolcano","y":2026,"e":2745,"c":"Australia","r":"Somalian-Antarctic Volcanic Regions","ev":"Eruption Observed"}},{"type":"Feature","geometry":{"type":"Point","coordinates":[72.595,-53.0394]},"properties":{"v":234011,"n":"McDonald Islands","t":"Complex","y":2005,"e":263,"c":"Australia","r":"Somalian-Antarctic Volcanic Regions","ev":"Eruption Observed"}},{"type":"Feature","geometry":{"type":"Point","coordinates":[69.5,-49.58]},"properties":{"v":234020,"n":"Kerguelen Islands","t":"Stratovolcano(es)","y":null,"e":1840,"c":"France","r":"Somalian-Antarctic Volcanic Regions","ev":"Evidence Uncertain"}},{"type":"Feature","geometry":{"type":"Point","coordinates":[52.2,-46.43]},"properties":{"v":234030,"n":"Est, Ile de l'","t":"Stratovolcano","y":null,"e":1090,"c":"France","r":"Somalian-Antarctic Volcanic Regions","ev":"Evidence Uncertain"}},{"type":"Feature","geometry":{"type":"Point","coordinates":[51.75,-46.42]},"properties":{"v":234040,"n":"Possession, Ile de la","t":"Stratovolcano","y":null,"e":934,"c":"France","r":"Somalian-Antarctic Volcanic Regions","ev":"Evidence Credible"}},{"type":"Feature","geometry":{"type":"Point","coordinates":[50.23,-46.1]},"properties":{"v":234050,"n":"Cochons, Ile aux","t":"Stratovolcano","y":null,"e":775,"c":"France","r":"Somalian-Antarctic Volcanic Regions","ev":"Evidence Credible"}},{"type":"Feature","geometry":{"type":"Point","coordinates":[37.95,-46.63]},"properties":{"v":234060,"n":"Prince Edward Island","t":"Shield","y":null,"e":672,"c":"South Africa","r":"Somalian-Antarctic Volcanic Regions","ev":"Evidence Credible"}},{"type":"Feature","geometry":{"type":"Point","coordinates":[37.75,-46.9]},"properties":{"v":234070,"n":"Marion Island","t":"Shield(s)","y":2004,"e":1230,"c":"South Africa","r":"Somalian-Antarctic Volcanic Regions","ev":"Eruption Observed"}},{"type":"Feature","geometry":{"type":"Point","coordinates":[174.81,-36.89]},"properties":{"v":241020,"n":"Auckland Volcanic Field","t":"Volcanic field","y":1446,"e":260,"c":"New Zealand","r":"Tonga-Kermadec Volcanic Regions","ev":"Eruption Dated"}},{"type":"Feature","geometry":{"type":"Point","coordinates":[176.25,-37.28]},"properties":{"v":241021,"n":"Tuhua/Mayor Island","t":"Shield","y":-5055,"e":355,"c":"New Zealand","r":"Tonga-Kermadec Volcanic Regions","ev":"Eruption Dated"}},{"type":"Feature","geometry":{"type":"Point","coordinates":[174.07,-39.3]},"properties":{"v":241030,"n":"Taranaki","t":"Stratovolcano","y":1800,"e":2518,"c":"New Zealand","r":"Tonga-Kermadec Volcanic Regions","ev":"Eruption Observed"}},{"type":"Feature","geometry":{"type":"Point","coordinates":[177.18,-37.52]},"properties":{"v":241040,"n":"Whakaari/White Island","t":"Stratovolcano(es)","y":2026,"e":294,"c":"New Zealand","r":"Tonga-Kermadec Volcanic Regions","ev":"Eruption Observed"}},{"type":"Feature","geometry":{"type":"Point","coordinates":[176.5069,-38.1569]},"properties":{"v":241050,"n":"Okataina","t":"Lava dome(s)","y":1981,"e":1111,"c":"New Zealand","r":"Tonga-Kermadec Volcanic Regions","ev":"Eruption Observed"}},{"type":"Feature","geometry":{"type":"Point","coordinates":[175.893,-38.7811]},"properties":{"v":241070,"n":"Taupo","t":"Caldera","y":260,"e":760,"c":"New Zealand","r":"Tonga-Kermadec Volcanic Regions","ev":"Eruption Dated"}},{"type":"Feature","geometry":{"type":"Point","coordinates":[175.632,-39.157]},"properties":{"v":241080,"n":"Tongariro","t":"Stratovolcano(es)","y":2012,"e":1978,"c":"New Zealand","r":"Tonga-Kermadec Volcanic Regions","ev":"Eruption Observed"}},{"type":"Feature","geometry":{"type":"Point","coordinates":[175.57,-39.28]},"properties":{"v":241100,"n":"Ruapehu","t":"Stratovolcano","y":2007,"e":2797,"c":"New Zealand","r":"Tonga-Kermadec Volcanic Regions","ev":"Eruption Observed"}},{"type":"Feature","geometry":{"type":"Point","coordinates":[177.839,-36.446]},"properties":{"v":241101,"n":"Clark","t":"Stratovolcano","y":null,"e":-860,"c":"New Zealand","r":"Tonga-Kermadec Volcanic Regions","ev":"Unrest / Holocene"}},{"type":"Feature","geometry":{"type":"Point","coordinates":[178.028,-36.321]},"properties":{"v":241102,"n":"Tangaroa","t":"Stratovolcano","y":null,"e":-600,"c":"New Zealand","r":"Tonga-Kermadec Volcanic Regions","ev":"Unrest / Holocene"}},{"type":"Feature","geometry":{"type":"Point","coordinates":[178.196,-36.142]},"properties":{"v":241110,"n":"Rumble V","t":"Stratovolcano","y":null,"e":-400,"c":"New Zealand","r":"Tonga-Kermadec Volcanic Regions","ev":"Unrest / Holocene"}},{"type":"Feature","geometry":{"type":"Point","coordinates":[178.05,-36.13]},"properties":{"v":241120,"n":"Rumble IV","t":"Stratovolcano","y":null,"e":-500,"c":"New Zealand","r":"Tonga-Kermadec Volcanic Regions","ev":"Unrest / Holocene"}},{"type":"Feature","geometry":{"type":"Point","coordinates":[178.478,-35.745]},"properties":{"v":241130,"n":"Rumble III","t":"Stratovolcano","y":2008,"e":-220,"c":"New Zealand","r":"Tonga-Kermadec Volcanic Regions","ev":"Eruption Observed"}},{"type":"Feature","geometry":{"type":"Point","coordinates":[178.527,-35.353]},"properties":{"v":241131,"n":"Rumble II West","t":"Stratovolcano","y":null,"e":-1200,"c":"New Zealand","r":"Tonga-Kermadec Volcanic Regions","ev":"Unrest / Holocene"}},{"type":"Feature","geometry":{"type":"Point","coordinates":[178.973,-35.004]},"properties":{"v":241140,"n":"Healy","t":"Stratovolcano","y":1360,"e":-980,"c":"New Zealand","r":"Tonga-Kermadec Volcanic Regions","ev":"Eruption Dated"}},{"type":"Feature","geometry":{"type":"Point","coordinates":[179.0667,-34.875]},"properties":{"v":241150,"n":"Brothers","t":"Caldera","y":null,"e":-1350,"c":"New Zealand","r":"Tonga-Kermadec Volcanic Regions","ev":"Unrest / Holocene"}},{"type":"Feature","geometry":{"type":"Point","coordinates":[-179.18,-31.85]},"properties":{"v":242001,"n":"Wright","t":"Stratovolcano(es)","y":null,"e":-900,"c":"New Zealand","r":"Tonga-Kermadec Volcanic Regions","ev":"Unrest / Holocene"}},{"type":"Feature","geometry":{"type":"Point","coordinates":[-179.033,-31.08]},"properties":{"v":242005,"n":"Havre Seamount","t":"Stratovolcano","y":2012,"e":-897,"c":"New Zealand","r":"Tonga-Kermadec Volcanic Regions","ev":"Eruption Observed"}},{"type":"Feature","geometry":{"type":"Point","coordinates":[-178.556,-30.543]},"properties":{"v":242010,"n":"Curtis Island","t":"Stratovolcano","y":null,"e":47,"c":"New Zealand","r":"Tonga-Kermadec Volcanic Regions","ev":"Unrest / Holocene"}},{"type":"Feature","geometry":{"type":"Point","coordinates":[-178.475,-30.21]},"properties":{"v":242021,"n":"Macauley","t":"Caldera","y":-4360,"e":238,"c":"New Zealand","r":"Tonga-Kermadec Volcanic Regions","ev":"Eruption Dated"}},{"type":"Feature","geometry":{"type":"Point","coordinates":[-178.712,-30.036]},"properties":{"v":242022,"n":"Giggenbach","t":"Stratovolcano","y":null,"e":-65,"c":"New Zealand","r":"Tonga-Kermadec Volcanic Regions","ev":"Unrest / Holocene"}},{"type":"Feature","geometry":{"type":"Point","coordinates":[-177.92,-29.27]},"properties":{"v":242030,"n":"Raoul Island","t":"Stratovolcano","y":2006,"e":516,"c":"New Zealand","r":"Tonga-Kermadec Volcanic Regions","ev":"Eruption Observed"}},{"type":"Feature","geometry":{"type":"Point","coordinates":[-177.188,-25.887]},"properties":{"v":242050,"n":"Monowai","t":"Stratovolcano","y":2014,"e":-132,"c":"New Zealand","r":"Tonga-Kermadec Volcanic Regions","ev":"Eruption Observed"}},{"type":"Feature","geometry":{"type":"Point","coordinates":[-177.02,-24.8]},"properties":{"v":243001,"n":"Kermadec Arc at 24.8\u00b0S","t":"Stratovolcano","y":null,"e":-385,"c":"Tonga","r":"Tonga-Kermadec Volcanic Regions","ev":"Unrest / Holocene"}},{"type":"Feature","geometry":{"type":"Point","coordinates":[-175.65,-21.338]},"properties":{"v":243010,"n":"Tofua Arc at 21.3\u00b0S","t":"Stratovolcano","y":1932,"e":-68,"c":"Tonga","r":"Tonga-Kermadec Volcanic Regions","ev":"Eruption Observed"}},{"type":"Feature","geometry":{"type":"Point","coordinates":[-175.75,-21.15]},"properties":{"v":243011,"n":"Tofua Arc at 21.1\u00b0S","t":"Stratovolcano","y":null,"e":-65,"c":"Tonga","r":"Tonga-Kermadec Volcanic Regions","ev":"Evidence Credible"}},{"type":"Feature","geometry":{"type":"Point","coordinates":[-175.55,-20.852]},"properties":{"v":243030,"n":"Tofua Arc at 20.9\u00b0S","t":"Stratovolcano","y":2017,"e":-296,"c":"Tonga","r":"Tonga-Kermadec Volcanic Regions","ev":"Eruption Observed"}},{"type":"Feature","geometry":{"type":"Point","coordinates":[-175.3841,-20.5532]},"properties":{"v":243040,"n":"Hunga Tonga-Hunga Ha'apai","t":"Caldera","y":2022,"e":114,"c":"Tonga","r":"Tonga-Kermadec Volcanic Regions","ev":"Eruption Observed"}},{"type":"Feature","geometry":{"type":"Point","coordinates":[-175.42,-20.32]},"properties":{"v":243050,"n":"Fonuafo'ou","t":"Stratovolcano","y":1936,"e":-17,"c":"Tonga","r":"Tonga-Kermadec Volcanic Regions","ev":"Eruption Observed"}},{"type":"Feature","geometry":{"type":"Point","coordinates":[-175.07,-19.75]},"properties":{"v":243060,"n":"Tofua","t":"Caldera","y":2026,"e":515,"c":"Tonga","r":"Tonga-Kermadec Volcanic Regions","ev":"Eruption Observed"}},{"type":"Feature","geometry":{"type":"Point","coordinates":[-175.016,-19.668]},"properties":{"v":243061,"n":"Kao","t":"Stratovolcano","y":1847,"e":1009,"c":"Tonga","r":"Tonga-Kermadec Volcanic Regions","ev":"Eruption Observed"}},{"type":"Feature","geometry":{"type":"Point","coordinates":[-174.87,-19.18]},"properties":{"v":243070,"n":"Lateiki","t":"Stratovolcano","y":2019,"e":43,"c":"Tonga","r":"Tonga-Kermadec Volcanic Regions","ev":"Eruption Observed"}},{"type":"Feature","geometry":{"type":"Point","coordinates":[-174.775,-18.992]},"properties":{"v":243080,"n":"Home Reef","t":"Stratovolcano","y":2026,"e":-10,"c":"Tonga","r":"Tonga-Kermadec Volcanic Regions","ev":"Eruption Observed"}},{"type":"Feature","geometry":{"type":"Point","coordinates":[-174.65,-18.806]},"properties":{"v":243090,"n":"Late","t":"Stratovolcano","y":1854,"e":540,"c":"Tonga","r":"Tonga-Kermadec Volcanic Regions","ev":"Eruption Observed"}},{"type":"Feature","geometry":{"type":"Point","coordinates":[-174.365,-18.325]},"properties":{"v":243091,"n":"Tofua Arc at 18.3\u00b0S","t":"Stratovolcano","y":2019,"e":-40,"c":"Tonga","r":"Tonga-Kermadec Volcanic Regions","ev":"Eruption Observed"}},{"type":"Feature","geometry":{"type":"Point","coordinates":[-174.317,-18.023]},"properties":{"v":243100,"n":"Fonualei","t":"Stratovolcano","y":1957,"e":188,"c":"Tonga","r":"Tonga-Kermadec Volcanic Regions","ev":"Eruption Observed"}},{"type":"Feature","geometry":{"type":"Point","coordinates":[-173.747,-15.854]},"properties":{"v":243101,"n":"Tafahi","t":"Stratovolcano","y":null,"e":546,"c":"Tonga","r":"Tonga-Kermadec Volcanic Regions","ev":"Evidence Uncertain"}},{"type":"Feature","geometry":{"type":"Point","coordinates":[-173.67,-15.62]},"properties":{"v":243102,"n":"Curacoa","t":"Complex","y":1979,"e":-33,"c":"Tonga","r":"Tonga-Kermadec Volcanic Regions","ev":"Eruption Observed"}},{"type":"Feature","geometry":{"type":"Point","coordinates":[-175.63,-15.6]},"properties":{"v":243110,"n":"Niuafo'ou","t":"Shield","y":1946,"e":260,"c":"Tonga","r":"Tonga-Kermadec Volcanic Regions","ev":"Eruption Observed"}},{"type":"Feature","geometry":{"type":"Point","coordinates":[-175.725,-15.431]},"properties":{"v":243111,"n":"Dugong","t":"Shield","y":null,"e":-1170,"c":"Tonga","r":"Tonga-Kermadec Volcanic Regions","ev":"Evidence Uncertain"}},{"type":"Feature","geometry":{"type":"Point","coordinates":[-176.283,-15.333]},"properties":{"v":243112,"n":"Lobster","t":"Shield","y":null,"e":-1500,"c":"Tonga","r":"Tonga-Kermadec Volcanic Regions","ev":"Evidence Uncertain"}},{"type":"Feature","geometry":{"type":"Point","coordinates":[-174.23,-15.37]},"properties":{"v":243120,"n":"Tafu-Maka","t":"Fissure vent","y":2008,"e":-1400,"c":"Tonga","r":"Tonga-Kermadec Volcanic Regions","ev":"Eruption Observed"}},{"type":"Feature","geometry":{"type":"Point","coordinates":[-173.75,-15.1]},"properties":{"v":243130,"n":"West Mata","t":"Fissure vent(s)","y":2009,"e":-1174,"c":"Tonga","r":"Tonga-Kermadec Volcanic Regions","ev":"Eruption Observed"}},{"type":"Feature","geometry":{"type":"Point","coordinates":[-174.0028,-15.3675]},"properties":{"v":243140,"n":"Niuatahi","t":"Caldera","y":null,"e":-1270,"c":"Tonga","r":"Tonga-Kermadec Volcanic Regions","ev":"Unrest / Holocene"}},{"type":"Feature","geometry":{"type":"Point","coordinates":[-169.058,-14.215]},"properties":{"v":244000,"n":"Vailuluu","t":"Shield","y":2003,"e":-592,"c":"United States","r":"Southern Pacific Volcanic Regions","ev":"Eruption Observed"}},{"type":"Feature","geometry":{"type":"Point","coordinates":[-169.454,-14.23]},"properties":{"v":244001,"n":"Tau","t":"Shield","y":null,"e":931,"c":"United States","r":"Southern Pacific Volcanic Regions","ev":"Evidence Credible"}},{"type":"Feature","geometry":{"type":"Point","coordinates":[-169.618,-14.175]},"properties":{"v":244010,"n":"Ofu-Olosega","t":"Shield(s)","y":1866,"e":639,"c":"United States","r":"Southern Pacific Volcanic Regions","ev":"Eruption Observed"}},{"type":"Feature","geometry":{"type":"Point","coordinates":[-170.7019,-14.2903]},"properties":{"v":244020,"n":"Tutuila","t":"Tuff cone(s)","y":440,"e":653,"c":"United States","r":"Southern Pacific Volcanic Regions","ev":"Eruption Dated"}},{"type":"Feature","geometry":{"type":"Point","coordinates":[-169.787,-14.601]},"properties":{"v":244021,"n":"Malumalu","t":"Stratovolcano","y":null,"e":-145,"c":"United States","r":"Southern Pacific Volcanic Regions","ev":"Evidence Credible"}},{"type":"Feature","geometry":{"type":"Point","coordinates":[-171.72,-13.935]},"properties":{"v":244030,"n":"Upolu","t":"Shield","y":null,"e":1100,"c":"Samoa","r":"Southern Pacific Volcanic Regions","ev":"Evidence Credible"}},{"type":"Feature","geometry":{"type":"Point","coordinates":[-172.525,-13.612]},"properties":{"v":244040,"n":"Savaii","t":"Shield","y":1911,"e":1858,"c":"Samoa","r":"Southern Pacific Volcanic Regions","ev":"Eruption Observed"}},{"type":"Feature","geometry":{"type":"Point","coordinates":[-179.9644,-16.8412]},"properties":{"v":245010,"n":"Taveuni","t":"Shield","y":1550,"e":1241,"c":"Fiji","r":"Southwestern Pacific Volcanic Regions","ev":"Eruption Dated"}},{"type":"Feature","geometry":{"type":"Point","coordinates":[177.9815,-19.1181]},"properties":{"v":245030,"n":"Nabukelevu","t":"Lava dome(s)","y":1660,"e":791,"c":"Fiji","r":"Southwestern Pacific Volcanic Regions","ev":"Eruption Dated"}},{"type":"Feature","geometry":{"type":"Point","coordinates":[147.35,-2.38]},"properties":{"v":250010,"n":"St. Andrew Strait","t":"Complex","y":1957,"e":270,"c":"Papua New Guinea","r":"Southwestern Pacific Volcanic Regions","ev":"Eruption Observed"}},{"type":"Feature","geometry":{"type":"Point","coordinates":[147.78,-3.03]},"properties":{"v":250030,"n":"Titan Ridge","t":"Fissure vent","y":1972,"e":-1300,"c":"Papua New Guinea","r":"Southwestern Pacific Volcanic Regions","ev":"Eruption Dated"}},{"type":"Feature","geometry":{"type":"Point","coordinates":[144.605,-3.507]},"properties":{"v":251001,"n":"Blup Blup","t":"Stratovolcano","y":null,"e":402,"c":"Papua New Guinea","r":"Southwestern Pacific Volcanic Regions","ev":"Evidence Credible"}},{"type":"Feature","geometry":{"type":"Point","coordinates":[144.588,-3.608]},"properties":{"v":251002,"n":"Kadovar","t":"Stratovolcano","y":2023,"e":365,"c":"Papua New Guinea","r":"Southwestern Pacific Volcanic Regions","ev":"Evidence Credible"}},{"type":"Feature","geometry":{"type":"Point","coordinates":[144.818,-3.613]},"properties":{"v":251010,"n":"Bam","t":"Stratovolcano","y":1960,"e":685,"c":"Papua New Guinea","r":"Southwestern Pacific Volcanic Regions","ev":"Eruption Observed"}},{"type":"Feature","geometry":{"type":"Point","coordinates":[145.037,-4.08]},"properties":{"v":251020,"n":"Manam","t":"Stratovolcano","y":2026,"e":1807,"c":"Papua New Guinea","r":"Southwestern Pacific Volcanic Regions","ev":"Eruption Observed"}},{"type":"Feature","geometry":{"type":"Point","coordinates":[145.976,-4.647]},"properties":{"v":251030,"n":"Karkar","t":"Stratovolcano","y":1979,"e":1839,"c":"Papua New Guinea","r":"Southwestern Pacific Volcanic Regions","ev":"Eruption Observed"}},{"type":"Feature","geometry":{"type":"Point","coordinates":[146.717,-4.883]},"properties":{"v":251041,"n":"Hankow Reef","t":"Stratovolcano","y":null,"e":-5,"c":"Papua New Guinea","r":"Southwestern Pacific Volcanic Regions","ev":"Evidence Uncertain"}},{"type":"Feature","geometry":{"type":"Point","coordinates":[147.105,-5.3144]},"properties":{"v":251050,"n":"Long Island","t":"Complex","y":1993,"e":1263,"c":"Papua New Guinea","r":"Southwestern Pacific Volcanic Regions","ev":"Eruption Observed"}},{"type":"Feature","geometry":{"type":"Point","coordinates":[147.892,-5.592]},"properties":{"v":251060,"n":"Umboi","t":"Complex","y":null,"e":1335,"c":"Papua New Guinea","r":"Southwestern Pacific Volcanic Regions","ev":"Evidence Credible"}},{"type":"Feature","geometry":{"type":"Point","coordinates":[148.115,-5.519]},"properties":{"v":251070,"n":"Ritter Island","t":"Stratovolcano","y":2007,"e":75,"c":"Papua New Guinea","r":"Southwestern Pacific Volcanic Regions","ev":"Eruption Observed"}},{"type":"Feature","geometry":{"type":"Point","coordinates":[148.0836,-5.4098]},"properties":{"v":251080,"n":"Sakar","t":"Stratovolcano","y":null,"e":947,"c":"Papua New Guinea","r":"Southwestern Pacific Volcanic Regions","ev":"Evidence Uncertain"}},{"type":"Feature","geometry":{"type":"Point","coordinates":[148.42,-5.525]},"properties":{"v":252010,"n":"Langila","t":"Complex","y":2026,"e":1330,"c":"Papua New Guinea","r":"Southwestern Pacific Volcanic Regions","ev":"Eruption Observed"}},{"type":"Feature","geometry":{"type":"Point","coordinates":[150.0996,-5.0455]},"properties":{"v":252040,"n":"Dakataua","t":"Caldera","y":1895,"e":408,"c":"Papua New Guinea","r":"Southwestern Pacific Volcanic Regions","ev":"Eruption Dated"}},{"type":"Feature","geometry":{"type":"Point","coordinates":[150.038,-5.141]},"properties":{"v":252050,"n":"Bola","t":"Stratovolcano","y":null,"e":1116,"c":"Papua New Guinea","r":"Southwestern Pacific Volcanic Regions","ev":"Evidence Credible"}},{"type":"Feature","geometry":{"type":"Point","coordinates":[150.07,-5.3]},"properties":{"v":252060,"n":"Garua Harbour","t":"Volcanic field","y":null,"e":565,"c":"Papua New Guinea","r":"Southwestern Pacific Volcanic Regions","ev":"Evidence Uncertain"}},{"type":"Feature","geometry":{"type":"Point","coordinates":[150.027,-5.416]},"properties":{"v":252070,"n":"Krummel-Garbuna-Welcker","t":"Stratovolcano(es)","y":2008,"e":564,"c":"Papua New Guinea","r":"Southwestern Pacific Volcanic Regions","ev":"Eruption Observed"}},{"type":"Feature","geometry":{"type":"Point","coordinates":[150.509,-5.466]},"properties":{"v":252071,"n":"Lolo","t":"Stratovolcano","y":null,"e":796,"c":"Papua New Guinea","r":"Southwestern Pacific Volcanic Regions","ev":"Evidence Uncertain"}},{"type":"Feature","geometry":{"type":"Point","coordinates":[150.5161,-5.5745]},"properties":{"v":252080,"n":"Witori","t":"Caldera","y":2012,"e":724,"c":"Papua New Guinea","r":"Southwestern Pacific Volcanic Regions","ev":"Eruption Observed"}},{"type":"Feature","geometry":{"type":"Point","coordinates":[150.942,-5.5]},"properties":{"v":252090,"n":"Sulu Range","t":"Stratovolcano(es)","y":null,"e":610,"c":"Papua New Guinea","r":"Southwestern Pacific Volcanic Regions","ev":"Unrest / Holocene"}},{"type":"Feature","geometry":{"type":"Point","coordinates":[151.1,-5.33]},"properties":{"v":252100,"n":"Hargy","t":"Stratovolcano","y":950,"e":1148,"c":"Papua New Guinea","r":"Southwestern Pacific Volcanic Regions","ev":"Eruption Dated"}},{"type":"Feature","geometry":{"type":"Point","coordinates":[151.23,-5.2]},"properties":{"v":252110,"n":"Bamus","t":"Stratovolcano","y":1886,"e":2248,"c":"Papua New Guinea","r":"Southwestern Pacific Volcanic Regions","ev":"Eruption Observed"}},{"type":"Feature","geometry":{"type":"Point","coordinates":[151.33,-5.05]},"properties":{"v":252120,"n":"Ulawun","t":"Stratovolcano","y":2025,"e":2334,"c":"Papua New Guinea","r":"Southwestern Pacific Volcanic Regions","ev":"Eruption Observed"}},{"type":"Feature","geometry":{"type":"Point","coordinates":[151.1617,-4.9156]},"properties":{"v":252130,"n":"Lolobau","t":"Caldera","y":1912,"e":878,"c":"Papua New Guinea","r":"Southwestern Pacific Volcanic Regions","ev":"Eruption Observed"}},{"type":"Feature","geometry":{"type":"Point","coordinates":[152.1937,-4.2459]},"properties":{"v":252140,"n":"Rabaul","t":"Caldera","y":2014,"e":688,"c":"Papua New Guinea","r":"Southwestern Pacific Volcanic Regions","ev":"Eruption Observed"}},{"type":"Feature","geometry":{"type":"Point","coordinates":[152.2134,-4.1089]},"properties":{"v":252150,"n":"Tavui","t":"Caldera","y":-4946,"e":200,"c":"Papua New Guinea","r":"Southwestern Pacific Volcanic Regions","ev":"Eruption Dated"}},{"type":"Feature","geometry":{"type":"Point","coordinates":[148.15,-8.95]},"properties":{"v":253010,"n":"Lamington","t":"Stratovolcano","y":1956,"e":1680,"c":"Papua New Guinea","r":"Southwestern Pacific Volcanic Regions","ev":"Eruption Observed"}},{"type":"Feature","geometry":{"type":"Point","coordinates":[148.37,-9.0]},"properties":{"v":253011,"n":"Hydrographers Range","t":"Stratovolcano","y":null,"e":1915,"c":"Papua New Guinea","r":"Southwestern Pacific Volcanic Regions","ev":"Evidence Credible"}},{"type":"Feature","geometry":{"type":"Point","coordinates":[148.33,-9.08]},"properties":{"v":253021,"n":"Managlase Plateau","t":"Volcanic field","y":null,"e":1342,"c":"Papua New Guinea","r":"Southwestern Pacific Volcanic Regions","ev":"Evidence Credible"}},{"type":"Feature","geometry":{"type":"Point","coordinates":[149.072,-9.2003]},"properties":{"v":253030,"n":"Victory","t":"Stratovolcano","y":1935,"e":1832,"c":"Papua New Guinea","r":"Southwestern Pacific Volcanic Regions","ev":"Eruption Observed"}},{"type":"Feature","geometry":{"type":"Point","coordinates":[149.1278,-9.5542]},"properties":{"v":253040,"n":"Sessagara Hills","t":"Volcanic field","y":1944,"e":493,"c":"Papua New Guinea","r":"Southwestern Pacific Volcanic Regions","ev":"Eruption Observed"}},{"type":"Feature","geometry":{"type":"Point","coordinates":[150.246,-9.358]},"properties":{"v":253041,"n":"Goodenough","t":"Volcanic field","y":null,"e":220,"c":"Papua New Guinea","r":"Southwestern Pacific Volcanic Regions","ev":"Evidence Credible"}},{"type":"Feature","geometry":{"type":"Point","coordinates":[150.5239,-9.5056]},"properties":{"v":253050,"n":"Iamalele","t":"Lava dome(s)","y":null,"e":194,"c":"Papua New Guinea","r":"Southwestern Pacific Volcanic Regions","ev":"Evidence Credible"}},{"type":"Feature","geometry":{"type":"Point","coordinates":[150.88,-9.62]},"properties":{"v":253060,"n":"Dawson Strait Group","t":"Volcanic field","y":1350,"e":500,"c":"Papua New Guinea","r":"Southwestern Pacific Volcanic Regions","ev":"Eruption Dated"}},{"type":"Feature","geometry":{"type":"Point","coordinates":[155.0008,-5.9156]},"properties":{"v":255010,"n":"Balbi","t":"Stratovolcano","y":null,"e":2715,"c":"Papua New Guinea","r":"Southwestern Pacific Volcanic Regions","ev":"Evidence Credible"}},{"type":"Feature","geometry":{"type":"Point","coordinates":[155.2254,-6.0898]},"properties":{"v":255011,"n":"Billy Mitchell","t":"Caldera","y":1580,"e":1544,"c":"Papua New Guinea","r":"Southwestern Pacific Volcanic Regions","ev":"Eruption Dated"}},{"type":"Feature","geometry":{"type":"Point","coordinates":[155.196,-6.137]},"properties":{"v":255020,"n":"Bagana","t":"Lava cone","y":2026,"e":1855,"c":"Papua New Guinea","r":"Southwestern Pacific Volcanic Regions","ev":"Eruption Observed"}},{"type":"Feature","geometry":{"type":"Point","coordinates":[155.608,-6.442]},"properties":{"v":255021,"n":"Takuan Group","t":"Compound","y":null,"e":2210,"c":"Papua New Guinea","r":"Southwestern Pacific Volcanic Regions","ev":"Evidence Credible"}},{"type":"Feature","geometry":{"type":"Point","coordinates":[155.62,-6.52]},"properties":{"v":255030,"n":"Loloru","t":"Compound","y":-1050,"e":1887,"c":"Papua New Guinea","r":"Southwestern Pacific Volcanic Regions","ev":"Eruption Dated"}},{"type":"Feature","geometry":{"type":"Point","coordinates":[156.52,-8.292]},"properties":{"v":255050,"n":"Simbo","t":"Stratovolcano(es)","y":1910,"e":335,"c":"Solomon Islands","r":"Southwestern Pacific Volcanic Regions","ev":"Eruption Dated"}},{"type":"Feature","geometry":{"type":"Point","coordinates":[157.03,-8.75]},"properties":{"v":255052,"n":"Kana Keoki","t":"Stratovolcano","y":null,"e":-700,"c":"Solomon Islands","r":"Southwestern Pacific Volcanic Regions","ev":"Evidence Credible"}},{"type":"Feature","geometry":{"type":"Point","coordinates":[157.16,-8.841]},"properties":{"v":255053,"n":"Coleman Seamount","t":"Stratovolcano","y":null,"e":-717,"c":"Solomon Islands","r":"Southwestern Pacific Volcanic Regions","ev":"Evidence Credible"}},{"type":"Feature","geometry":{"type":"Point","coordinates":[157.979,-8.991]},"properties":{"v":255060,"n":"Kavachi","t":"Stratovolcano","y":2014,"e":-20,"c":"Solomon Islands","r":"Southwestern Pacific Volcanic Regions","ev":"Eruption Observed"}},{"type":"Feature","geometry":{"type":"Point","coordinates":[158.03,-8.92]},"properties":{"v":255061,"n":"New Georgia at 8.9\u00b0S","t":"Stratovolcano","y":null,"e":-240,"c":"Solomon Islands","r":"Southwestern Pacific Volcanic Regions","ev":"Evidence Credible"}},{"type":"Feature","geometry":{"type":"Point","coordinates":[159.8119,-9.1324]},"properties":{"v":255070,"n":"Savo","t":"Stratovolcano","y":1847,"e":455,"c":"Solomon Islands","r":"Southwestern Pacific Volcanic Regions","ev":"Eruption Observed"}},{"type":"Feature","geometry":{"type":"Point","coordinates":[165.804,-10.386]},"properties":{"v":256010,"n":"Tinakula","t":"Stratovolcano","y":2024,"e":796,"c":"Solomon Islands","r":"Southwestern Pacific Volcanic Regions","ev":"Eruption Observed"}},{"type":"Feature","geometry":{"type":"Point","coordinates":[167.67,-13.67]},"properties":{"v":257001,"n":"Motlav","t":"Stratovolcano","y":null,"e":411,"c":"Vanuatu","r":"Southwestern Pacific Volcanic Regions","ev":"Evidence Credible"}},{"type":"Feature","geometry":{"type":"Point","coordinates":[167.47,-13.8]},"properties":{"v":257010,"n":"Suretamatai","t":"Complex","y":1966,"e":921,"c":"Vanuatu","r":"Southwestern Pacific Volcanic Regions","ev":"Eruption Observed"}},{"type":"Feature","geometry":{"type":"Point","coordinates":[167.514,-14.281]},"properties":{"v":257020,"n":"Gaua","t":"Stratovolcano","y":2022,"e":729,"c":"Vanuatu","r":"Southwestern Pacific Volcanic Regions","ev":"Eruption Observed"}},{"type":"Feature","geometry":{"type":"Point","coordinates":[167.835,-15.389]},"properties":{"v":257030,"n":"Ambae","t":"Shield","y":2026,"e":1496,"c":"Vanuatu","r":"Southwestern Pacific Volcanic Regions","ev":"Eruption Observed"}},{"type":"Feature","geometry":{"type":"Point","coordinates":[168.12,-16.25]},"properties":{"v":257040,"n":"Ambrym","t":"Shield(pyroclastic)","y":2024,"e":1334,"c":"Vanuatu","r":"Southwestern Pacific Volcanic Regions","ev":"Eruption Observed"}},{"type":"Feature","geometry":{"type":"Point","coordinates":[168.346,-16.507]},"properties":{"v":257050,"n":"Lopevi","t":"Stratovolcano","y":2007,"e":1413,"c":"Vanuatu","r":"Southwestern Pacific Volcanic Regions","ev":"Eruption Observed"}},{"type":"Feature","geometry":{"type":"Point","coordinates":[168.3893,-16.6797]},"properties":{"v":257060,"n":"East Epi","t":"Stratovolcano(es)","y":2023,"e":833,"c":"Vanuatu","r":"Southwestern Pacific Volcanic Regions","ev":"Eruption Observed"}},{"type":"Feature","geometry":{"type":"Point","coordinates":[168.5227,-16.8304]},"properties":{"v":257070,"n":"Kuwae","t":"Caldera","y":1974,"e":-2,"c":"Vanuatu","r":"Southwestern Pacific Volcanic Regions","ev":"Eruption Observed"}},{"type":"Feature","geometry":{"type":"Point","coordinates":[168.353,-17.4522]},"properties":{"v":257081,"n":"Nguna-Emau","t":"Stratovolcano(es)","y":null,"e":589,"c":"Vanuatu","r":"Southwestern Pacific Volcanic Regions","ev":"Evidence Credible"}},{"type":"Feature","geometry":{"type":"Point","coordinates":[169.238,-18.754]},"properties":{"v":257090,"n":"Traitor's Head","t":"Stratovolcano","y":1881,"e":817,"c":"Vanuatu","r":"Southwestern Pacific Volcanic Regions","ev":"Eruption Observed"}},{"type":"Feature","geometry":{"type":"Point","coordinates":[169.447,-19.532]},"properties":{"v":257100,"n":"Yasur","t":"Stratovolcano","y":2026,"e":361,"c":"Vanuatu","r":"Southwestern Pacific Volcanic Regions","ev":"Eruption Observed"}},{"type":"Feature","geometry":{"type":"Point","coordinates":[170.13,-20.957]},"properties":{"v":258001,"n":"Gemini-Oscostar","t":"Stratovolcano","y":1996,"e":-33,"c":"Vanuatu","r":"Southwestern Pacific Volcanic Regions","ev":"Eruption Observed"}},{"type":"Feature","geometry":{"type":"Point","coordinates":[171.32,-22.33]},"properties":{"v":258010,"n":"Matthew Island","t":"Stratovolcano","y":1956,"e":177,"c":"France - claimed by Vanuatu","r":"Southwestern Pacific Volcanic Regions","ev":"Eruption Observed"}},{"type":"Feature","geometry":{"type":"Point","coordinates":[172.05,-22.4]},"properties":{"v":258020,"n":"Hunter Island","t":"Stratovolcano","y":1903,"e":297,"c":"France - claimed by Vanuatu","r":"Southwestern Pacific Volcanic Regions","ev":"Eruption Observed"}},{"type":"Feature","geometry":{"type":"Point","coordinates":[142.5,-37.77]},"properties":{"v":259010,"n":"Newer Volcanics Province","t":"Volcanic field","y":-2900,"e":1011,"c":"Australia","r":"Eastern Australia Volcanic Regions","ev":"Eruption Dated"}},{"type":"Feature","geometry":{"type":"Point","coordinates":[144.567,-18.367]},"properties":{"v":259804,"n":"McBride Volcanic Province","t":"Volcanic field","y":-5050,"e":1020,"c":"Australia","r":"Eastern Australia Volcanic Regions","ev":"Eruption Dated"}},{"type":"Feature","geometry":{"type":"Point","coordinates":[93.858,12.278]},"properties":{"v":260010,"n":"Barren Island","t":"Stratovolcano","y":2026,"e":354,"c":"India","r":"Sunda-Banda Volcanic Regions","ev":"Eruption Observed"}},{"type":"Feature","geometry":{"type":"Point","coordinates":[96.289,4.903]},"properties":{"v":261030,"n":"Peuet Sague","t":"Complex","y":2000,"e":2785,"c":"Indonesia","r":"Sunda-Banda Volcanic Regions","ev":"Eruption Observed"}},{"type":"Feature","geometry":{"type":"Point","coordinates":[96.821,4.769]},"properties":{"v":261050,"n":"Telong, Bur ni","t":"Stratovolcano","y":1937,"e":2617,"c":"Indonesia","r":"Sunda-Banda Volcanic Regions","ev":"Eruption Observed"}},{"type":"Feature","geometry":{"type":"Point","coordinates":[98.5127,3.2379]},"properties":{"v":261070,"n":"Singkut","t":"Caldera(s)","y":1881,"e":2181,"c":"Indonesia","r":"Sunda-Banda Volcanic Regions","ev":"Eruption Observed"}},{"type":"Feature","geometry":{"type":"Point","coordinates":[98.392,3.17]},"properties":{"v":261080,"n":"Sinabung","t":"Stratovolcano","y":2021,"e":2460,"c":"Indonesia","r":"Sunda-Banda Volcanic Regions","ev":"Eruption Observed"}},{"type":"Feature","geometry":{"type":"Point","coordinates":[99.5409,0.6834]},"properties":{"v":261120,"n":"Sorikmarapi","t":"Stratovolcano","y":1986,"e":2145,"c":"Indonesia","r":"Sunda-Banda Volcanic Regions","ev":"Eruption Observed"}},{"type":"Feature","geometry":{"type":"Point","coordinates":[99.6628,0.4756]},"properties":{"v":261121,"n":"Malintang","t":"Stratovolcano","y":null,"e":1988,"c":"Indonesia","r":"Sunda-Banda Volcanic Regions","ev":"Evidence Credible"}},{"type":"Feature","geometry":{"type":"Point","coordinates":[99.984,0.0787]},"properties":{"v":261130,"n":"Talakmau","t":"Complex","y":null,"e":2911,"c":"Indonesia","r":"Sunda-Banda Volcanic Regions","ev":"Evidence Credible"}},{"type":"Feature","geometry":{"type":"Point","coordinates":[100.474,-0.38]},"properties":{"v":261140,"n":"Marapi","t":"Complex","y":2026,"e":2885,"c":"Indonesia","r":"Sunda-Banda Volcanic Regions","ev":"Eruption Observed"}},{"type":"Feature","geometry":{"type":"Point","coordinates":[100.3192,-0.4311]},"properties":{"v":261150,"n":"Tandikat-Singgalang","t":"Stratovolcano(es)","y":1924,"e":2879,"c":"Indonesia","r":"Sunda-Banda Volcanic Regions","ev":"Eruption Observed"}},{"type":"Feature","geometry":{"type":"Point","coordinates":[100.681,-0.979]},"properties":{"v":261160,"n":"Talang","t":"Stratovolcano","y":2007,"e":2575,"c":"Indonesia","r":"Sunda-Banda Volcanic Regions","ev":"Eruption Observed"}},{"type":"Feature","geometry":{"type":"Point","coordinates":[101.264,-1.697]},"properties":{"v":261170,"n":"Kerinci","t":"Stratovolcano","y":2024,"e":3800,"c":"Indonesia","r":"Sunda-Banda Volcanic Regions","ev":"Eruption Observed"}},{"type":"Feature","geometry":{"type":"Point","coordinates":[101.728,-2.414]},"properties":{"v":261180,"n":"Sumbing","t":"Stratovolcano","y":1921,"e":2507,"c":"Indonesia","r":"Sunda-Banda Volcanic Regions","ev":"Eruption Observed"}},{"type":"Feature","geometry":{"type":"Point","coordinates":[102.6261,-3.5156]},"properties":{"v":261220,"n":"Kaba","t":"Stratovolcano","y":2000,"e":1962,"c":"Indonesia","r":"Sunda-Banda Volcanic Regions","ev":"Eruption Observed"}},{"type":"Feature","geometry":{"type":"Point","coordinates":[103.121,-4.016]},"properties":{"v":261230,"n":"Dempo","t":"Stratovolcano(es)","y":2025,"e":3142,"c":"Indonesia","r":"Sunda-Banda Volcanic Regions","ev":"Eruption Observed"}},{"type":"Feature","geometry":{"type":"Point","coordinates":[103.306,-4.257]},"properties":{"v":261231,"n":"Patah","t":"Stratovolcano?","y":null,"e":2836,"c":"Indonesia","r":"Sunda-Banda Volcanic Regions","ev":"Unrest / Holocene"}},{"type":"Feature","geometry":{"type":"Point","coordinates":[103.925,-4.871]},"properties":{"v":261251,"n":"Ranau","t":"Caldera","y":null,"e":1854,"c":"Indonesia","r":"Sunda-Banda Volcanic Regions","ev":"Evidence Uncertain"}},{"type":"Feature","geometry":{"type":"Point","coordinates":[104.27,-5.25]},"properties":{"v":261270,"n":"Suoh","t":"Caldera(s)","y":2024,"e":1000,"c":"Indonesia","r":"Sunda-Banda Volcanic Regions","ev":"Eruption Observed"}},{"type":"Feature","geometry":{"type":"Point","coordinates":[105.4233,-6.1009]},"properties":{"v":262000,"n":"Krakatau","t":"Caldera","y":2024,"e":285,"c":"Indonesia","r":"Sunda-Banda Volcanic Regions","ev":"Eruption Observed"}},{"type":"Feature","geometry":{"type":"Point","coordinates":[105.978,-6.343]},"properties":{"v":263010,"n":"Pulosari","t":"Stratovolcano","y":null,"e":1324,"c":"Indonesia","r":"Sunda-Banda Volcanic Regions","ev":"Evidence Credible"}},{"type":"Feature","geometry":{"type":"Point","coordinates":[106.05,-6.268]},"properties":{"v":263020,"n":"Karang","t":"Stratovolcano","y":null,"e":1768,"c":"Indonesia","r":"Sunda-Banda Volcanic Regions","ev":"Evidence Uncertain"}},{"type":"Feature","geometry":{"type":"Point","coordinates":[106.675,-6.75]},"properties":{"v":263040,"n":"Perbakti-Gagak","t":"Stratovolcano(es)","y":1939,"e":1726,"c":"Indonesia","r":"Sunda-Banda Volcanic Regions","ev":"Eruption Observed"}},{"type":"Feature","geometry":{"type":"Point","coordinates":[106.733,-6.716]},"properties":{"v":263050,"n":"Salak","t":"Stratovolcano","y":1938,"e":2218,"c":"Indonesia","r":"Sunda-Banda Volcanic Regions","ev":"Eruption Observed"}},{"type":"Feature","geometry":{"type":"Point","coordinates":[106.983,-6.786]},"properties":{"v":263060,"n":"Gede-Pangrango","t":"Stratovolcano(es)","y":1957,"e":3026,"c":"Indonesia","r":"Sunda-Banda Volcanic Regions","ev":"Eruption Observed"}},{"type":"Feature","geometry":{"type":"Point","coordinates":[107.4,-7.162]},"properties":{"v":263070,"n":"Patuha","t":"Stratovolcano","y":null,"e":2422,"c":"Indonesia","r":"Sunda-Banda Volcanic Regions","ev":"Evidence Credible"}},{"type":"Feature","geometry":{"type":"Point","coordinates":[107.6,-6.77]},"properties":{"v":263090,"n":"Tangkuban Parahu","t":"Stratovolcano","y":2019,"e":2084,"c":"Indonesia","r":"Sunda-Banda Volcanic Regions","ev":"Eruption Observed"}},{"type":"Feature","geometry":{"type":"Point","coordinates":[107.7306,-7.3175]},"properties":{"v":263100,"n":"Papandayan","t":"Stratovolcano(es)","y":2002,"e":2643,"c":"Indonesia","r":"Sunda-Banda Volcanic Regions","ev":"Eruption Observed"}},{"type":"Feature","geometry":{"type":"Point","coordinates":[107.841,-7.143]},"properties":{"v":263130,"n":"Guntur","t":"Complex","y":1847,"e":2251,"c":"Indonesia","r":"Sunda-Banda Volcanic Regions","ev":"Eruption Observed"}},{"type":"Feature","geometry":{"type":"Point","coordinates":[107.9612,-6.7639]},"properties":{"v":263131,"n":"Tampomas","t":"Stratovolcano","y":null,"e":1690,"c":"Indonesia","r":"Sunda-Banda Volcanic Regions","ev":"Evidence Credible"}},{"type":"Feature","geometry":{"type":"Point","coordinates":[108.058,-7.25]},"properties":{"v":263140,"n":"Galunggung","t":"Stratovolcano","y":1984,"e":2168,"c":"Indonesia","r":"Sunda-Banda Volcanic Regions","ev":"Eruption Observed"}},{"type":"Feature","geometry":{"type":"Point","coordinates":[108.07,-7.208]},"properties":{"v":263150,"n":"Talagabodas","t":"Stratovolcano","y":null,"e":2201,"c":"Indonesia","r":"Sunda-Banda Volcanic Regions","ev":"Unrest / Holocene"}},{"type":"Feature","geometry":{"type":"Point","coordinates":[108.408,-6.895]},"properties":{"v":263170,"n":"Ciremai","t":"Stratovolcano","y":1951,"e":3039,"c":"Indonesia","r":"Sunda-Banda Volcanic Regions","ev":"Eruption Observed"}},{"type":"Feature","geometry":{"type":"Point","coordinates":[109.208,-7.242]},"properties":{"v":263180,"n":"Slamet","t":"Stratovolcano","y":2014,"e":3428,"c":"Indonesia","r":"Sunda-Banda Volcanic Regions","ev":"Eruption Observed"}},{"type":"Feature","geometry":{"type":"Point","coordinates":[109.879,-7.2]},"properties":{"v":263200,"n":"Dieng Volcanic Complex","t":"Complex","y":2025,"e":2565,"c":"Indonesia","r":"Sunda-Banda Volcanic Regions","ev":"Eruption Observed"}},{"type":"Feature","geometry":{"type":"Point","coordinates":[109.997,-7.3014]},"properties":{"v":263210,"n":"Sundoro","t":"Stratovolcano","y":1971,"e":3149,"c":"Indonesia","r":"Sunda-Banda Volcanic Regions","ev":"Eruption Observed"}},{"type":"Feature","geometry":{"type":"Point","coordinates":[110.0747,-7.3819]},"properties":{"v":263220,"n":"Sumbing","t":"Stratovolcano","y":1730,"e":3370,"c":"Indonesia","r":"Sunda-Banda Volcanic Regions","ev":"Eruption Observed"}},{"type":"Feature","geometry":{"type":"Point","coordinates":[110.44,-7.454]},"properties":{"v":263240,"n":"Merbabu","t":"Stratovolcano","y":1797,"e":3118,"c":"Indonesia","r":"Sunda-Banda Volcanic Regions","ev":"Eruption Observed"}},{"type":"Feature","geometry":{"type":"Point","coordinates":[110.446,-7.54]},"properties":{"v":263250,"n":"Merapi","t":"Stratovolcano","y":2026,"e":2910,"c":"Indonesia","r":"Sunda-Banda Volcanic Regions","ev":"Eruption Observed"}},{"type":"Feature","geometry":{"type":"Point","coordinates":[111.192,-7.625]},"properties":{"v":263260,"n":"Lawu","t":"Stratovolcano","y":null,"e":3265,"c":"Indonesia","r":"Sunda-Banda Volcanic Regions","ev":"Evidence Uncertain"}},{"type":"Feature","geometry":{"type":"Point","coordinates":[112.314,-7.935]},"properties":{"v":263280,"n":"Kelud","t":"Stratovolcano","y":2014,"e":1730,"c":"Indonesia","r":"Sunda-Banda Volcanic Regions","ev":"Eruption Observed"}},{"type":"Feature","geometry":{"type":"Point","coordinates":[112.45,-7.92]},"properties":{"v":263281,"n":"Kawi-Butak","t":"Stratovolcano(es)","y":null,"e":2651,"c":"Indonesia","r":"Sunda-Banda Volcanic Regions","ev":"Evidence Credible"}},{"type":"Feature","geometry":{"type":"Point","coordinates":[112.575,-7.733]},"properties":{"v":263290,"n":"Arjuno-Welirang","t":"Stratovolcano","y":1952,"e":3343,"c":"Indonesia","r":"Sunda-Banda Volcanic Regions","ev":"Eruption Observed"}},{"type":"Feature","geometry":{"type":"Point","coordinates":[112.62,-7.616]},"properties":{"v":263291,"n":"Penanggungan","t":"Stratovolcano","y":null,"e":1631,"c":"Indonesia","r":"Sunda-Banda Volcanic Regions","ev":"Evidence Credible"}},{"type":"Feature","geometry":{"type":"Point","coordinates":[112.922,-8.108]},"properties":{"v":263300,"n":"Semeru","t":"Stratovolcano","y":2026,"e":3657,"c":"Indonesia","r":"Sunda-Banda Volcanic Regions","ev":"Eruption Observed"}},{"type":"Feature","geometry":{"type":"Point","coordinates":[112.95,-7.942]},"properties":{"v":263310,"n":"Tengger Caldera","t":"Stratovolcano(es)","y":2023,"e":2329,"c":"Indonesia","r":"Sunda-Banda Volcanic Regions","ev":"Eruption Observed"}},{"type":"Feature","geometry":{"type":"Point","coordinates":[113.341,-7.981]},"properties":{"v":263320,"n":"Lamongan","t":"Stratovolcano","y":1898,"e":1641,"c":"Indonesia","r":"Sunda-Banda Volcanic Regions","ev":"Eruption Observed"}},{"type":"Feature","geometry":{"type":"Point","coordinates":[113.57,-7.97]},"properties":{"v":263330,"n":"Iyang-Argapura","t":"Complex","y":null,"e":3088,"c":"Indonesia","r":"Sunda-Banda Volcanic Regions","ev":"Evidence Credible"}},{"type":"Feature","geometry":{"type":"Point","coordinates":[114.056,-8.119]},"properties":{"v":263340,"n":"Raung","t":"Stratovolcano","y":2025,"e":3260,"c":"Indonesia","r":"Sunda-Banda Volcanic Regions","ev":"Eruption Observed"}},{"type":"Feature","geometry":{"type":"Point","coordinates":[114.242,-8.058]},"properties":{"v":263350,"n":"Ijen","t":"Stratovolcano(es)","y":1999,"e":2769,"c":"Indonesia","r":"Sunda-Banda Volcanic Regions","ev":"Eruption Observed"}},{"type":"Feature","geometry":{"type":"Point","coordinates":[114.37,-7.85]},"properties":{"v":263351,"n":"Baluran","t":"Stratovolcano","y":null,"e":1247,"c":"Indonesia","r":"Sunda-Banda Volcanic Regions","ev":"Evidence Uncertain"}},{"type":"Feature","geometry":{"type":"Point","coordinates":[115.133,-8.283]},"properties":{"v":264001,"n":"Buyan-Bratan","t":"Caldera","y":null,"e":2244,"c":"Indonesia","r":"Sunda-Banda Volcanic Regions","ev":"Evidence Credible"}},{"type":"Feature","geometry":{"type":"Point","coordinates":[115.3775,-8.2403]},"properties":{"v":264010,"n":"Batur","t":"Caldera","y":2000,"e":1711,"c":"Indonesia","r":"Sunda-Banda Volcanic Regions","ev":"Eruption Observed"}},{"type":"Feature","geometry":{"type":"Point","coordinates":[115.508,-8.343]},"properties":{"v":264020,"n":"Agung","t":"Stratovolcano","y":2022,"e":2997,"c":"Indonesia","r":"Sunda-Banda Volcanic Regions","ev":"Eruption Observed"}},{"type":"Feature","geometry":{"type":"Point","coordinates":[116.47,-8.42]},"properties":{"v":264030,"n":"Rinjani","t":"Stratovolcano","y":2016,"e":3726,"c":"Indonesia","r":"Sunda-Banda Volcanic Regions","ev":"Eruption Observed"}},{"type":"Feature","geometry":{"type":"Point","coordinates":[118.0,-8.25]},"properties":{"v":264040,"n":"Tambora","t":"Stratovolcano","y":1967,"e":2850,"c":"Indonesia","r":"Sunda-Banda Volcanic Regions","ev":"Eruption Observed"}},{"type":"Feature","geometry":{"type":"Point","coordinates":[119.07,-8.2]},"properties":{"v":264050,"n":"Sangeang Api","t":"Complex","y":2022,"e":1912,"c":"Indonesia","r":"Sunda-Banda Volcanic Regions","ev":"Eruption Observed"}},{"type":"Feature","geometry":{"type":"Point","coordinates":[120.0074,-8.7345]},"properties":{"v":264060,"n":"Sano, Wai","t":"Caldera","y":null,"e":1319,"c":"Indonesia","r":"Sunda-Banda Volcanic Regions","ev":"Evidence Credible"}},{"type":"Feature","geometry":{"type":"Point","coordinates":[120.5302,-8.637]},"properties":{"v":264071,"n":"Ranakah","t":"Lava dome(s)","y":1991,"e":2288,"c":"Indonesia","r":"Sunda-Banda Volcanic Regions","ev":"Eruption Observed"}},{"type":"Feature","geometry":{"type":"Point","coordinates":[120.95,-8.875]},"properties":{"v":264080,"n":"Inierie","t":"Stratovolcano","y":-8050,"e":2245,"c":"Indonesia","r":"Sunda-Banda Volcanic Regions","ev":"Eruption Dated"}},{"type":"Feature","geometry":{"type":"Point","coordinates":[120.98,-8.73]},"properties":{"v":264090,"n":"Inielika","t":"Complex","y":2001,"e":1559,"c":"Indonesia","r":"Sunda-Banda Volcanic Regions","ev":"Eruption Observed"}},{"type":"Feature","geometry":{"type":"Point","coordinates":[121.191,-8.817]},"properties":{"v":264100,"n":"Ebulobo","t":"Stratovolcano","y":1969,"e":2096,"c":"Indonesia","r":"Sunda-Banda Volcanic Regions","ev":"Eruption Observed"}},{"type":"Feature","geometry":{"type":"Point","coordinates":[121.641,-8.891]},"properties":{"v":264110,"n":"Iya","t":"Stratovolcano","y":1969,"e":618,"c":"Indonesia","r":"Sunda-Banda Volcanic Regions","ev":"Eruption Observed"}},{"type":"Feature","geometry":{"type":"Point","coordinates":[121.82,-8.77]},"properties":{"v":264140,"n":"Kelimutu","t":"Complex","y":1968,"e":1639,"c":"Indonesia","r":"Sunda-Banda Volcanic Regions","ev":"Eruption Observed"}},{"type":"Feature","geometry":{"type":"Point","coordinates":[121.708,-8.32]},"properties":{"v":264150,"n":"Paluweh","t":"Stratovolcano","y":2013,"e":875,"c":"Indonesia","r":"Sunda-Banda Volcanic Regions","ev":"Eruption Observed"}},{"type":"Feature","geometry":{"type":"Point","coordinates":[122.455,-8.676]},"properties":{"v":264160,"n":"Egon","t":"Stratovolcano","y":2008,"e":1661,"c":"Indonesia","r":"Sunda-Banda Volcanic Regions","ev":"Eruption Observed"}},{"type":"Feature","geometry":{"type":"Point","coordinates":[122.775,-8.542]},"properties":{"v":264180,"n":"Lewotobi","t":"Stratovolcano(es)","y":2026,"e":1703,"c":"Indonesia","r":"Sunda-Banda Volcanic Regions","ev":"Eruption Observed"}},{"type":"Feature","geometry":{"type":"Point","coordinates":[123.258,-8.342]},"properties":{"v":264220,"n":"Iliboleng","t":"Stratovolcano","y":1993,"e":1659,"c":"Indonesia","r":"Sunda-Banda Volcanic Regions","ev":"Eruption Observed"}},{"type":"Feature","geometry":{"type":"Point","coordinates":[123.508,-8.274]},"properties":{"v":264230,"n":"Lewotolok","t":"Stratovolcano","y":2026,"e":1431,"c":"Indonesia","r":"Sunda-Banda Volcanic Regions","ev":"Eruption Observed"}},{"type":"Feature","geometry":{"type":"Point","coordinates":[123.38,-8.55]},"properties":{"v":264240,"n":"Ililabalekan","t":"Stratovolcano","y":null,"e":1018,"c":"Indonesia","r":"Sunda-Banda Volcanic Regions","ev":"Unrest / Holocene"}},{"type":"Feature","geometry":{"type":"Point","coordinates":[123.573,-8.532]},"properties":{"v":264250,"n":"Iliwerung","t":"Complex","y":2021,"e":583,"c":"Indonesia","r":"Sunda-Banda Volcanic Regions","ev":"Eruption Observed"}},{"type":"Feature","geometry":{"type":"Point","coordinates":[123.585,-7.791]},"properties":{"v":264260,"n":"Tara, Batu","t":"Stratovolcano","y":2015,"e":633,"c":"Indonesia","r":"Sunda-Banda Volcanic Regions","ev":"Eruption Observed"}},{"type":"Feature","geometry":{"type":"Point","coordinates":[124.1306,-8.4972]},"properties":{"v":264270,"n":"Sirung","t":"Complex","y":2021,"e":1347,"c":"Indonesia","r":"Sunda-Banda Volcanic Regions","ev":"Eruption Observed"}},{"type":"Feature","geometry":{"type":"Point","coordinates":[128.675,-7.125]},"properties":{"v":265040,"n":"Wurlali","t":"Stratovolcano","y":1892,"e":868,"c":"Indonesia","r":"Sunda-Banda Volcanic Regions","ev":"Eruption Observed"}},{"type":"Feature","geometry":{"type":"Point","coordinates":[129.144,-6.976]},"properties":{"v":265050,"n":"Teon","t":"Stratovolcano","y":1904,"e":728,"c":"Indonesia","r":"Sunda-Banda Volcanic Regions","ev":"Eruption Observed"}},{"type":"Feature","geometry":{"type":"Point","coordinates":[129.5,-6.73]},"properties":{"v":265060,"n":"Nila","t":"Stratovolcano","y":1968,"e":781,"c":"Indonesia","r":"Sunda-Banda Volcanic Regions","ev":"Eruption Observed"}},{"type":"Feature","geometry":{"type":"Point","coordinates":[130.017,-6.312]},"properties":{"v":265070,"n":"Serua","t":"Stratovolcano","y":1921,"e":608,"c":"Indonesia","r":"Sunda-Banda Volcanic Regions","ev":"Eruption Observed"}},{"type":"Feature","geometry":{"type":"Point","coordinates":[130.303,-5.543]},"properties":{"v":265080,"n":"Manuk","t":"Stratovolcano","y":null,"e":257,"c":"Indonesia","r":"Sunda-Banda Volcanic Regions","ev":"Unrest / Holocene"}},{"type":"Feature","geometry":{"type":"Point","coordinates":[129.881,-4.523]},"properties":{"v":265090,"n":"Banda Api","t":"Caldera","y":1988,"e":596,"c":"Indonesia","r":"Sunda-Banda Volcanic Regions","ev":"Eruption Observed"}},{"type":"Feature","geometry":{"type":"Point","coordinates":[121.601,-0.162]},"properties":{"v":266010,"n":"Colo","t":"Stratovolcano","y":1983,"e":404,"c":"Indonesia","r":"Western Pacific Volcanic Regions","ev":"Eruption Observed"}},{"type":"Feature","geometry":{"type":"Point","coordinates":[124.42,0.75]},"properties":{"v":266020,"n":"Ambang","t":"Complex","y":2005,"e":1795,"c":"Indonesia","r":"Western Pacific Volcanic Regions","ev":"Eruption Observed"}},{"type":"Feature","geometry":{"type":"Point","coordinates":[124.737,1.112]},"properties":{"v":266030,"n":"Soputan","t":"Stratovolcano","y":2020,"e":1785,"c":"Indonesia","r":"Western Pacific Volcanic Regions","ev":"Eruption Observed"}},{"type":"Feature","geometry":{"type":"Point","coordinates":[124.7992,1.3644]},"properties":{"v":266100,"n":"Lokon-Empung","t":"Stratovolcano(es)","y":2015,"e":1580,"c":"Indonesia","r":"Western Pacific Volcanic Regions","ev":"Eruption Observed"}},{"type":"Feature","geometry":{"type":"Point","coordinates":[124.865,1.352]},"properties":{"v":266110,"n":"Mahawu","t":"Stratovolcano","y":1977,"e":1299,"c":"Indonesia","r":"Western Pacific Volcanic Regions","ev":"Eruption Observed"}},{"type":"Feature","geometry":{"type":"Point","coordinates":[125.031,1.454]},"properties":{"v":266120,"n":"Klabat","t":"Stratovolcano","y":null,"e":1968,"c":"Indonesia","r":"Western Pacific Volcanic Regions","ev":"Unrest / Holocene"}},{"type":"Feature","geometry":{"type":"Point","coordinates":[125.185,1.518]},"properties":{"v":266130,"n":"Tangkoko-Duasudara","t":"Stratovolcano","y":1880,"e":1334,"c":"Indonesia","r":"Western Pacific Volcanic Regions","ev":"Eruption Observed"}},{"type":"Feature","geometry":{"type":"Point","coordinates":[125.3671,2.3058]},"properties":{"v":267010,"n":"Ruang","t":"Stratovolcano","y":2024,"e":703,"c":"Indonesia","r":"Western Pacific Volcanic Regions","ev":"Eruption Observed"}},{"type":"Feature","geometry":{"type":"Point","coordinates":[125.407,2.781]},"properties":{"v":267020,"n":"Karangetang","t":"Stratovolcano","y":2023,"e":1797,"c":"Indonesia","r":"Western Pacific Volcanic Regions","ev":"Eruption Observed"}},{"type":"Feature","geometry":{"type":"Point","coordinates":[125.4422,3.1463]},"properties":{"v":267030,"n":"Banua Wuhu","t":"Complex","y":1919,"e":-5,"c":"Indonesia","r":"Western Pacific Volcanic Regions","ev":"Eruption Observed"}},{"type":"Feature","geometry":{"type":"Point","coordinates":[125.447,3.689]},"properties":{"v":267040,"n":"Awu","t":"Stratovolcano","y":2004,"e":1318,"c":"Indonesia","r":"Western Pacific Volcanic Regions","ev":"Eruption Observed"}},{"type":"Feature","geometry":{"type":"Point","coordinates":[127.825,1.832]},"properties":{"v":268001,"n":"Tarakan","t":"Pyroclastic cone(s)","y":null,"e":317,"c":"Indonesia","r":"Western Pacific Volcanic Regions","ev":"Evidence Credible"}},{"type":"Feature","geometry":{"type":"Point","coordinates":[127.8783,1.6992]},"properties":{"v":268010,"n":"Dukono","t":"Complex","y":2026,"e":1273,"c":"Indonesia","r":"Western Pacific Volcanic Regions","ev":"Eruption Observed"}},{"type":"Feature","geometry":{"type":"Point","coordinates":[127.67,1.63]},"properties":{"v":268020,"n":"Tobaru","t":"Stratovolcano","y":null,"e":1035,"c":"Indonesia","r":"Western Pacific Volcanic Regions","ev":"Evidence Credible"}},{"type":"Feature","geometry":{"type":"Point","coordinates":[127.6324,1.4941]},"properties":{"v":268030,"n":"Ibu","t":"Stratovolcano","y":2026,"e":1357,"c":"Indonesia","r":"Western Pacific Volcanic Regions","ev":"Eruption Observed"}},{"type":"Feature","geometry":{"type":"Point","coordinates":[127.53,1.38]},"properties":{"v":268040,"n":"Gamkonora","t":"Stratovolcano","y":2007,"e":1635,"c":"Indonesia","r":"Western Pacific Volcanic Regions","ev":"Eruption Observed"}},{"type":"Feature","geometry":{"type":"Point","coordinates":[127.4556,1.2389]},"properties":{"v":268050,"n":"Todoko-Ranu","t":"Caldera(s)","y":null,"e":979,"c":"Indonesia","r":"Western Pacific Volcanic Regions","ev":"Evidence Credible"}},{"type":"Feature","geometry":{"type":"Point","coordinates":[127.439,1.08]},"properties":{"v":268051,"n":"Jailolo","t":"Stratovolcano","y":null,"e":993,"c":"Indonesia","r":"Western Pacific Volcanic Regions","ev":"Evidence Credible"}},{"type":"Feature","geometry":{"type":"Point","coordinates":[127.317,0.8971]},"properties":{"v":268052,"n":"Hiri","t":"Stratovolcano","y":null,"e":687,"c":"Indonesia","r":"Western Pacific Volcanic Regions","ev":"Evidence Credible"}},{"type":"Feature","geometry":{"type":"Point","coordinates":[127.3322,0.81]},"properties":{"v":268060,"n":"Gamalama","t":"Stratovolcano(es)","y":2018,"e":1714,"c":"Indonesia","r":"Western Pacific Volcanic Regions","ev":"Eruption Observed"}},{"type":"Feature","geometry":{"type":"Point","coordinates":[127.4029,0.6623]},"properties":{"v":268061,"n":"Kie Matubu","t":"Stratovolcano","y":1210,"e":1713,"c":"Indonesia","r":"Western Pacific Volcanic Regions","ev":"Eruption Dated"}},{"type":"Feature","geometry":{"type":"Point","coordinates":[127.4,0.57]},"properties":{"v":268062,"n":"Mare","t":"Stratovolcano","y":null,"e":308,"c":"Indonesia","r":"Western Pacific Volcanic Regions","ev":"Evidence Credible"}},{"type":"Feature","geometry":{"type":"Point","coordinates":[127.411,0.454]},"properties":{"v":268063,"n":"Moti","t":"Stratovolcano","y":null,"e":927,"c":"Indonesia","r":"Western Pacific Volcanic Regions","ev":"Evidence Credible"}},{"type":"Feature","geometry":{"type":"Point","coordinates":[127.4,0.32]},"properties":{"v":268070,"n":"Kie Besi","t":"Stratovolcano","y":1988,"e":1357,"c":"Indonesia","r":"Western Pacific Volcanic Regions","ev":"Eruption Observed"}},{"type":"Feature","geometry":{"type":"Point","coordinates":[124.892,6.113]},"properties":{"v":271011,"n":"Melebingoy","t":"Stratovolcano","y":1641,"e":1824,"c":"Philippines","r":"Western Pacific Volcanic Regions","ev":"Eruption Observed"}},{"type":"Feature","geometry":{"type":"Point","coordinates":[125.0765,6.3604]},"properties":{"v":271020,"n":"Matutum","t":"Stratovolcano","y":1290,"e":2262,"c":"Philippines","r":"Western Pacific Volcanic Regions","ev":"Eruption Dated"}},{"type":"Feature","geometry":{"type":"Point","coordinates":[126.047,7.382]},"properties":{"v":271031,"n":"Leonard Range","t":"Stratovolcano","y":80,"e":1080,"c":"Philippines","r":"Western Pacific Volcanic Regions","ev":"Eruption Dated"}},{"type":"Feature","geometry":{"type":"Point","coordinates":[124.317,7.644]},"properties":{"v":271040,"n":"Makaturing","t":"Stratovolcano","y":1882,"e":1818,"c":"Philippines","r":"Western Pacific Volcanic Regions","ev":"Eruption Observed"}},{"type":"Feature","geometry":{"type":"Point","coordinates":[124.507,7.691]},"properties":{"v":271060,"n":"Ragang","t":"Stratovolcano","y":1916,"e":2790,"c":"Philippines","r":"Western Pacific Volcanic Regions","ev":"Eruption Observed"}},{"type":"Feature","geometry":{"type":"Point","coordinates":[125.0697,7.8765]},"properties":{"v":271070,"n":"Musuan","t":"Lava dome","y":null,"e":610,"c":"Philippines","r":"Western Pacific Volcanic Regions","ev":"Evidence Uncertain"}},{"type":"Feature","geometry":{"type":"Point","coordinates":[124.673,9.203]},"properties":{"v":271080,"n":"Camiguin","t":"Stratovolcano(es)","y":1953,"e":1552,"c":"Philippines","r":"Western Pacific Volcanic Regions","ev":"Eruption Observed"}},{"type":"Feature","geometry":{"type":"Point","coordinates":[123.13,10.4096]},"properties":{"v":272020,"n":"Kanlaon","t":"Stratovolcano","y":2026,"e":2422,"c":"Philippines","r":"Western Pacific Volcanic Regions","ev":"Eruption Observed"}},{"type":"Feature","geometry":{"type":"Point","coordinates":[125.218,10.285]},"properties":{"v":272050,"n":"Cabal\u00edan","t":"Stratovolcano","y":1820,"e":912,"c":"Philippines","r":"Western Pacific Volcanic Regions","ev":"Eruption Dated"}},{"type":"Feature","geometry":{"type":"Point","coordinates":[124.535,11.523]},"properties":{"v":272080,"n":"Biliran","t":"Compound","y":1939,"e":1301,"c":"Philippines","r":"Western Pacific Volcanic Regions","ev":"Eruption Observed"}},{"type":"Feature","geometry":{"type":"Point","coordinates":[124.056,12.769]},"properties":{"v":273010,"n":"Bulusan","t":"Stratovolcano(es)","y":2025,"e":1535,"c":"Philippines","r":"Western Pacific Volcanic Regions","ev":"Eruption Observed"}},{"type":"Feature","geometry":{"type":"Point","coordinates":[123.685,13.257]},"properties":{"v":273030,"n":"Mayon","t":"Stratovolcano","y":2026,"e":2462,"c":"Philippines","r":"Western Pacific Volcanic Regions","ev":"Eruption Observed"}},{"type":"Feature","geometry":{"type":"Point","coordinates":[123.451,13.458]},"properties":{"v":273041,"n":"Iriga","t":"Stratovolcano","y":null,"e":1138,"c":"Philippines","r":"Western Pacific Volcanic Regions","ev":"Evidence Credible"}},{"type":"Feature","geometry":{"type":"Point","coordinates":[123.38,13.658]},"properties":{"v":273042,"n":"Isarog","t":"Stratovolcano","y":-3500,"e":1966,"c":"Philippines","r":"Western Pacific Volcanic Regions","ev":"Eruption Dated"}},{"type":"Feature","geometry":{"type":"Point","coordinates":[121.48,14.07]},"properties":{"v":273050,"n":"Banahaw","t":"Complex","y":null,"e":2158,"c":"Philippines","r":"Western Pacific Volcanic Regions","ev":"Evidence Credible"}},{"type":"Feature","geometry":{"type":"Point","coordinates":[121.3,14.12]},"properties":{"v":273060,"n":"San Pablo Volcanic Field","t":"Volcanic field","y":1350,"e":1090,"c":"Philippines","r":"Western Pacific Volcanic Regions","ev":"Eruption Dated"}},{"type":"Feature","geometry":{"type":"Point","coordinates":[120.9975,14.0106]},"properties":{"v":273070,"n":"Taal","t":"Caldera","y":2026,"e":311,"c":"Philippines","r":"Western Pacific Volcanic Regions","ev":"Eruption Observed"}},{"type":"Feature","geometry":{"type":"Point","coordinates":[120.35,15.13]},"properties":{"v":273083,"n":"Pinatubo","t":"Stratovolcano","y":2021,"e":1486,"c":"Philippines","r":"Western Pacific Volcanic Regions","ev":"Eruption Observed"}},{"type":"Feature","geometry":{"type":"Point","coordinates":[122.123,18.222]},"properties":{"v":273090,"n":"Cagua","t":"Stratovolcano","y":1860,"e":1133,"c":"Philippines","r":"Western Pacific Volcanic Regions","ev":"Eruption Observed"}},{"type":"Feature","geometry":{"type":"Point","coordinates":[121.86,18.83]},"properties":{"v":274010,"n":"Camiguin de Babuyanes","t":"Stratovolcano","y":1857,"e":712,"c":"Philippines","r":"Western Pacific Volcanic Regions","ev":"Eruption Observed"}},{"type":"Feature","geometry":{"type":"Point","coordinates":[122.202,19.077]},"properties":{"v":274020,"n":"Didicas","t":"Compound","y":1978,"e":228,"c":"Philippines","r":"Western Pacific Volcanic Regions","ev":"Eruption Observed"}},{"type":"Feature","geometry":{"type":"Point","coordinates":[121.95,19.524]},"properties":{"v":274030,"n":"Babuyan Claro","t":"Stratovolcano(es)","y":1924,"e":1064,"c":"Philippines","r":"Western Pacific Volcanic Regions","ev":"Eruption Observed"}},{"type":"Feature","geometry":{"type":"Point","coordinates":[122.01,20.469]},"properties":{"v":274060,"n":"Iraya","t":"Stratovolcano","y":1454,"e":1009,"c":"Philippines","r":"Western Pacific Volcanic Regions","ev":"Eruption Observed"}},{"type":"Feature","geometry":{"type":"Point","coordinates":[110.229,19.905]},"properties":{"v":275001,"n":"Hainan Volcanic Field","t":"Volcanic field","y":1933,"e":196,"c":"China","r":"Eastern Asia Volcanic Regions","ev":"Eruption Observed"}},{"type":"Feature","geometry":{"type":"Point","coordinates":[109.12,15.38]},"properties":{"v":275020,"n":"Ly Son Group","t":"Volcanic field","y":null,"e":157,"c":"Vietnam","r":"Eastern Asia Volcanic Regions","ev":"Evidence Credible"}},{"type":"Feature","geometry":{"type":"Point","coordinates":[109.014,10.158]},"properties":{"v":275060,"n":"Cendres, Ile des","t":"Volcanic field","y":1923,"e":-20,"c":"Vietnam","r":"Eastern Asia Volcanic Regions","ev":"Eruption Observed"}},{"type":"Feature","geometry":{"type":"Point","coordinates":[95.25,20.92]},"properties":{"v":275080,"n":"Popa","t":"Stratovolcano","y":-6050,"e":1518,"c":"Burma (Myanmar)","r":"Eastern Asia Volcanic Regions","ev":"Eruption Dated"}},{"type":"Feature","geometry":{"type":"Point","coordinates":[98.5,25.23]},"properties":{"v":275110,"n":"Tengchong","t":"Volcanic field","y":-5750,"e":2865,"c":"China","r":"Eastern Asia Volcanic Regions","ev":"Eruption Dated"}},{"type":"Feature","geometry":{"type":"Point","coordinates":[121.953,24.841]},"properties":{"v":281031,"n":"Kueishantao","t":"Stratovolcano","y":1853,"e":361,"c":"Taiwan","r":"Western Pacific Volcanic Regions","ev":"Eruption Observed"}},{"type":"Feature","geometry":{"type":"Point","coordinates":[121.553,25.178]},"properties":{"v":281032,"n":"Tatun Volcanic Group","t":"Lava dome(s)","y":648,"e":1120,"c":"Taiwan","r":"Western Pacific Volcanic Regions","ev":"Eruption Dated"}},{"type":"Feature","geometry":{"type":"Point","coordinates":[123.93,24.57]},"properties":{"v":282010,"n":"Submarine Volcano NNE of Iriomotejima","t":"Stratovolcano","y":1924,"e":-200,"c":"Japan","r":"Western Pacific Volcanic Regions","ev":"Eruption Observed"}},{"type":"Feature","geometry":{"type":"Point","coordinates":[128.223,27.881]},"properties":{"v":282020,"n":"Io-Torishima","t":"Complex","y":1968,"e":212,"c":"Japan","r":"Western Pacific Volcanic Regions","ev":"Eruption Observed"}},{"type":"Feature","geometry":{"type":"Point","coordinates":[128.9958,28.7994]},"properties":{"v":282021,"n":"Yokoatejima","t":"Stratovolcano(es)","y":1835,"e":495,"c":"Japan","r":"Western Pacific Volcanic Regions","ev":"Eruption Observed"}},{"type":"Feature","geometry":{"type":"Point","coordinates":[129.594,29.465]},"properties":{"v":282022,"n":"Akusekijima","t":"Stratovolcano(es)","y":null,"e":555,"c":"Japan","r":"Western Pacific Volcanic Regions","ev":"Evidence Uncertain"}},{"type":"Feature","geometry":{"type":"Point","coordinates":[129.714,29.638]},"properties":{"v":282030,"n":"Suwanosejima","t":"Stratovolcano(es)","y":2026,"e":796,"c":"Japan","r":"Western Pacific Volcanic Regions","ev":"Eruption Observed"}},{"type":"Feature","geometry":{"type":"Point","coordinates":[129.857,29.859]},"properties":{"v":282040,"n":"Nakanoshima","t":"Stratovolcano(es)","y":1914,"e":979,"c":"Japan","r":"Western Pacific Volcanic Regions","ev":"Eruption Observed"}},{"type":"Feature","geometry":{"type":"Point","coordinates":[129.926,29.968]},"properties":{"v":282043,"n":"Kuchinoshima","t":"Stratovolcano(es)","y":1190,"e":628,"c":"Japan","r":"Western Pacific Volcanic Regions","ev":"Eruption Dated"}},{"type":"Feature","geometry":{"type":"Point","coordinates":[130.217,30.443]},"properties":{"v":282050,"n":"Kuchinoerabujima","t":"Stratovolcano(es)","y":2020,"e":657,"c":"Japan","r":"Western Pacific Volcanic Regions","ev":"Eruption Observed"}},{"type":"Feature","geometry":{"type":"Point","coordinates":[130.305,30.793]},"properties":{"v":282060,"n":"Kikai","t":"Caldera","y":2025,"e":704,"c":"Japan","r":"Western Pacific Volcanic Regions","ev":"Eruption Observed"}},{"type":"Feature","geometry":{"type":"Point","coordinates":[130.5283,31.18]},"properties":{"v":282070,"n":"Ata","t":"Caldera(s)","y":885,"e":924,"c":"Japan","r":"Western Pacific Volcanic Regions","ev":"Eruption Observed"}},{"type":"Feature","geometry":{"type":"Point","coordinates":[130.6589,31.5772]},"properties":{"v":282080,"n":"Aira","t":"Caldera","y":2026,"e":1117,"c":"Japan","r":"Western Pacific Volcanic Regions","ev":"Eruption Observed"}},{"type":"Feature","geometry":{"type":"Point","coordinates":[130.592,31.771]},"properties":{"v":282081,"n":"Yonemaru-Sumiyoshiike","t":"Maar(s)","y":-6200,"e":40,"c":"Japan","r":"Western Pacific Volcanic Regions","ev":"Eruption Dated"}},{"type":"Feature","geometry":{"type":"Point","coordinates":[130.862,31.934]},"properties":{"v":282090,"n":"Kirishimayama","t":"Shield","y":2025,"e":1700,"c":"Japan","r":"Western Pacific Volcanic Regions","ev":"Eruption Observed"}},{"type":"Feature","geometry":{"type":"Point","coordinates":[128.849,32.657]},"properties":{"v":282091,"n":"Fukue","t":"Volcanic field","y":-400,"e":315,"c":"Japan","r":"Western Pacific Volcanic Regions","ev":"Eruption Dated"}},{"type":"Feature","geometry":{"type":"Point","coordinates":[130.299,32.761]},"properties":{"v":282100,"n":"Unzendake","t":"Complex","y":1996,"e":1483,"c":"Japan","r":"Western Pacific Volcanic Regions","ev":"Eruption Observed"}},{"type":"Feature","geometry":{"type":"Point","coordinates":[131.085,32.8849]},"properties":{"v":282110,"n":"Asosan","t":"Caldera","y":2021,"e":1592,"c":"Japan","r":"Western Pacific Volcanic Regions","ev":"Eruption Observed"}},{"type":"Feature","geometry":{"type":"Point","coordinates":[131.249,33.086]},"properties":{"v":282120,"n":"Kujusan","t":"Stratovolcano(es)","y":1996,"e":1791,"c":"Japan","r":"Western Pacific Volcanic Regions","ev":"Eruption Observed"}},{"type":"Feature","geometry":{"type":"Point","coordinates":[131.39,33.282]},"properties":{"v":282130,"n":"Yufu-Tsurumi","t":"Lava dome(s)","y":867,"e":null,"c":"Japan","r":"Western Pacific Volcanic Regions","ev":"Eruption Observed"}},{"type":"Feature","geometry":{"type":"Point","coordinates":[131.5167,34.4833]},"properties":{"v":283001,"n":"Abu","t":"Volcanic field","y":-6850,"e":641,"c":"Japan","r":"Western Pacific Volcanic Regions","ev":"Eruption Dated"}},{"type":"Feature","geometry":{"type":"Point","coordinates":[132.622,35.141]},"properties":{"v":283002,"n":"Sanbesan","t":"Stratovolcano","y":650,"e":1126,"c":"Japan","r":"Western Pacific Volcanic Regions","ev":"Eruption Dated"}},{"type":"Feature","geometry":{"type":"Point","coordinates":[139.095,34.903]},"properties":{"v":283010,"n":"Izu-Tobu","t":"Pyroclastic cone(s)","y":1989,"e":580,"c":"Japan","r":"Northwestern Pacific Volcanic Regions","ev":"Eruption Observed"}},{"type":"Feature","geometry":{"type":"Point","coordinates":[139.021,35.233]},"properties":{"v":283020,"n":"Hakoneyama","t":"Complex","y":2015,"e":1438,"c":"Japan","r":"Northwestern Pacific Volcanic Regions","ev":"Eruption Dated"}},{"type":"Feature","geometry":{"type":"Point","coordinates":[138.728,35.361]},"properties":{"v":283030,"n":"Fujisan","t":"Stratovolcano","y":1708,"e":3776,"c":"Japan","r":"Northwestern Pacific Volcanic Regions","ev":"Eruption Observed"}},{"type":"Feature","geometry":{"type":"Point","coordinates":[138.32,36.0875]},"properties":{"v":283031,"n":"Yokodake","t":"Stratovolcano(es)","y":1200,"e":2480,"c":"Japan","r":"Northwestern Pacific Volcanic Regions","ev":"Eruption Dated"}},{"type":"Feature","geometry":{"type":"Point","coordinates":[137.4806,35.8931]},"properties":{"v":283040,"n":"Ontakesan","t":"Complex","y":2014,"e":3067,"c":"Japan","r":"Western Pacific Volcanic Regions","ev":"Eruption Observed"}},{"type":"Feature","geometry":{"type":"Point","coordinates":[136.771,36.155]},"properties":{"v":283050,"n":"Hakusan","t":"Stratovolcano","y":1659,"e":2702,"c":"Japan","r":"Western Pacific Volcanic Regions","ev":"Eruption Observed"}},{"type":"Feature","geometry":{"type":"Point","coordinates":[137.554,36.106]},"properties":{"v":283060,"n":"Norikuradake","t":"Stratovolcano(es)","y":-50,"e":3026,"c":"Japan","r":"Western Pacific Volcanic Regions","ev":"Eruption Dated"}},{"type":"Feature","geometry":{"type":"Point","coordinates":[137.573,36.2]},"properties":{"v":283069,"n":"Akandanayama","t":"Stratovolcano","y":null,"e":2109,"c":"Japan","r":"Western Pacific Volcanic Regions","ev":"Evidence Credible"}},{"type":"Feature","geometry":{"type":"Point","coordinates":[137.587,36.227]},"properties":{"v":283070,"n":"Yakedake","t":"Stratovolcano(es)","y":1995,"e":2455,"c":"Japan","r":"Western Pacific Volcanic Regions","ev":"Eruption Observed"}},{"type":"Feature","geometry":{"type":"Point","coordinates":[137.59,36.571]},"properties":{"v":283080,"n":"Midagahara","t":"Stratovolcano","y":1839,"e":2621,"c":"Japan","r":"Western Pacific Volcanic Regions","ev":"Eruption Observed"}},{"type":"Feature","geometry":{"type":"Point","coordinates":[138.036,36.921]},"properties":{"v":283090,"n":"Niigata-Yakeyama","t":"Lava dome","y":1998,"e":2400,"c":"Japan","r":"Northwestern Pacific Volcanic Regions","ev":"Eruption Observed"}},{"type":"Feature","geometry":{"type":"Point","coordinates":[138.114,36.891]},"properties":{"v":283100,"n":"Myokosan","t":"Stratovolcano","y":-750,"e":2454,"c":"Japan","r":"Northwestern Pacific Volcanic Regions","ev":"Eruption Dated"}},{"type":"Feature","geometry":{"type":"Point","coordinates":[138.523,36.406]},"properties":{"v":283110,"n":"Asamayama","t":"Complex","y":2019,"e":2568,"c":"Japan","r":"Northwestern Pacific Volcanic Regions","ev":"Eruption Observed"}},{"type":"Feature","geometry":{"type":"Point","coordinates":[138.528,36.618]},"properties":{"v":283120,"n":"Kusatsu-Shiranesan","t":"Stratovolcano(es)","y":2018,"e":2165,"c":"Japan","r":"Northwestern Pacific Volcanic Regions","ev":"Eruption Observed"}},{"type":"Feature","geometry":{"type":"Point","coordinates":[138.519,36.688]},"properties":{"v":283121,"n":"Shiga","t":"Shield(s)","y":null,"e":2041,"c":"Japan","r":"Northwestern Pacific Volcanic Regions","ev":"Evidence Uncertain"}},{"type":"Feature","geometry":{"type":"Point","coordinates":[138.8508,36.4775]},"properties":{"v":283122,"n":"Harunasan","t":"Stratovolcano","y":550,"e":1449,"c":"Japan","r":"Northwestern Pacific Volcanic Regions","ev":"Eruption Dated"}},{"type":"Feature","geometry":{"type":"Point","coordinates":[139.193,36.56]},"properties":{"v":283130,"n":"Akagisan","t":"Stratovolcano","y":null,"e":1828,"c":"Japan","r":"Northwestern Pacific Volcanic Regions","ev":"Evidence Uncertain"}},{"type":"Feature","geometry":{"type":"Point","coordinates":[139.285,36.955]},"properties":{"v":283131,"n":"Hiuchigatake","t":"Stratovolcano","y":1544,"e":2356,"c":"Japan","r":"Northwestern Pacific Volcanic Regions","ev":"Eruption Observed"}},{"type":"Feature","geometry":{"type":"Point","coordinates":[139.376,36.799]},"properties":{"v":283140,"n":"Nikko-Shiranesan","t":"Shield","y":1952,"e":2578,"c":"Japan","r":"Northwestern Pacific Volcanic Regions","ev":"Eruption Observed"}},{"type":"Feature","geometry":{"type":"Point","coordinates":[139.4906,36.765]},"properties":{"v":283141,"n":"Nantaisan","t":"Stratovolcano","y":-9540,"e":2486,"c":"Japan","r":"Northwestern Pacific Volcanic Regions","ev":"Eruption Dated"}},{"type":"Feature","geometry":{"type":"Point","coordinates":[139.4756,36.8067]},"properties":{"v":283142,"n":"Omanago Group","t":"Lava dome(s)","y":-3050,"e":2341,"c":"Japan","r":"Northwestern Pacific Volcanic Regions","ev":"Eruption Dated"}},{"type":"Feature","geometry":{"type":"Point","coordinates":[139.777,36.9]},"properties":{"v":283143,"n":"Takaharayama","t":"Stratovolcano","y":-4570,"e":1795,"c":"Japan","r":"Northwestern Pacific Volcanic Regions","ev":"Eruption Dated"}},{"type":"Feature","geometry":{"type":"Point","coordinates":[139.9631,37.1247]},"properties":{"v":283150,"n":"Nasudake","t":"Stratovolcano(es)","y":1963,"e":1915,"c":"Japan","r":"Northwestern Pacific Volcanic Regions","ev":"Eruption Observed"}},{"type":"Feature","geometry":{"type":"Point","coordinates":[139.566,37.444]},"properties":{"v":283151,"n":"Numazawa","t":"Shield","y":-3400,"e":835,"c":"Japan","r":"Northwestern Pacific Volcanic Regions","ev":"Eruption Dated"}},{"type":"Feature","geometry":{"type":"Point","coordinates":[140.072,37.601]},"properties":{"v":283160,"n":"Bandaisan","t":"Stratovolcano","y":1888,"e":1816,"c":"Japan","r":"Northwestern Pacific Volcanic Regions","ev":"Eruption Observed"}},{"type":"Feature","geometry":{"type":"Point","coordinates":[140.281,37.647]},"properties":{"v":283170,"n":"Adatarayama","t":"Stratovolcano(es)","y":1996,"e":1728,"c":"Japan","r":"Northwestern Pacific Volcanic Regions","ev":"Eruption Observed"}},{"type":"Feature","geometry":{"type":"Point","coordinates":[140.244,37.735]},"properties":{"v":283180,"n":"Azumayama","t":"Stratovolcano(es)","y":1977,"e":1949,"c":"Japan","r":"Northwestern Pacific Volcanic Regions","ev":"Eruption Observed"}},{"type":"Feature","geometry":{"type":"Point","coordinates":[140.4397,38.1439]},"properties":{"v":283190,"n":"Zaozan [Zaosan]","t":"Complex","y":1940,"e":1841,"c":"Japan","r":"Northwestern Pacific Volcanic Regions","ev":"Eruption Observed"}},{"type":"Feature","geometry":{"type":"Point","coordinates":[140.1617,38.5992]},"properties":{"v":283191,"n":"Hijiori","t":"Caldera","y":null,"e":552,"c":"Japan","r":"Northwestern Pacific Volcanic Regions","ev":"Evidence Credible"}},{"type":"Feature","geometry":{"type":"Point","coordinates":[140.734,38.729]},"properties":{"v":283200,"n":"Naruko","t":"Caldera","y":837,"e":470,"c":"Japan","r":"Northwestern Pacific Volcanic Regions","ev":"Eruption Observed"}},{"type":"Feature","geometry":{"type":"Point","coordinates":[140.788,38.961]},"properties":{"v":283210,"n":"Kurikomayama","t":"Stratovolcano","y":1950,"e":null,"c":"Japan","r":"Northwestern Pacific Volcanic Regions","ev":"Eruption Observed"}},{"type":"Feature","geometry":{"type":"Point","coordinates":[140.0489,39.0994]},"properties":{"v":283220,"n":"Chokaisan","t":"Stratovolcano(es)","y":1974,"e":2236,"c":"Japan","r":"Northwestern Pacific Volcanic Regions","ev":"Eruption Observed"}},{"type":"Feature","geometry":{"type":"Point","coordinates":[140.799,39.761]},"properties":{"v":283230,"n":"Akita-Komagatake","t":"Stratovolcano(es)","y":1971,"e":1637,"c":"Japan","r":"Northwestern Pacific Volcanic Regions","ev":"Eruption Observed"}},{"type":"Feature","geometry":{"type":"Point","coordinates":[141.001,39.853]},"properties":{"v":283240,"n":"Iwatesan","t":"Complex","y":1919,"e":2038,"c":"Japan","r":"Northwestern Pacific Volcanic Regions","ev":"Eruption Observed"}},{"type":"Feature","geometry":{"type":"Point","coordinates":[140.854,39.958]},"properties":{"v":283250,"n":"Hachimantai","t":"Stratovolcano","y":-5350,"e":1613,"c":"Japan","r":"Northwestern Pacific Volcanic Regions","ev":"Eruption Dated"}},{"type":"Feature","geometry":{"type":"Point","coordinates":[140.757,39.964]},"properties":{"v":283260,"n":"Akita-Yakeyama","t":"Stratovolcano","y":1997,"e":1366,"c":"Japan","r":"Northwestern Pacific Volcanic Regions","ev":"Eruption Observed"}},{"type":"Feature","geometry":{"type":"Point","coordinates":[139.725,39.95]},"properties":{"v":283262,"n":"Megata","t":"Maar(s)","y":-2050,"e":160,"c":"Japan","r":"Northwestern Pacific Volcanic Regions","ev":"Eruption Dated"}},{"type":"Feature","geometry":{"type":"Point","coordinates":[140.303,40.656]},"properties":{"v":283270,"n":"Iwakisan","t":"Stratovolcano","y":1863,"e":1624,"c":"Japan","r":"Northwestern Pacific Volcanic Regions","ev":"Eruption Observed"}},{"type":"Feature","geometry":{"type":"Point","coordinates":[140.88,40.51]},"properties":{"v":283271,"n":"Towada","t":"Caldera","y":915,"e":1011,"c":"Japan","r":"Northwestern Pacific Volcanic Regions","ev":"Eruption Observed"}},{"type":"Feature","geometry":{"type":"Point","coordinates":[140.877,40.659]},"properties":{"v":283280,"n":"Hakkodasan","t":"Stratovolcano(es)","y":1550,"e":1584,"c":"Japan","r":"Northwestern Pacific Volcanic Regions","ev":"Eruption Dated"}},{"type":"Feature","geometry":{"type":"Point","coordinates":[141.12,41.279]},"properties":{"v":283290,"n":"Osorezan","t":"Stratovolcano","y":1787,"e":878,"c":"Japan","r":"Northwestern Pacific Volcanic Regions","ev":"Eruption Observed"}},{"type":"Feature","geometry":{"type":"Point","coordinates":[139.394,34.724]},"properties":{"v":284010,"n":"Izu-Oshima","t":"Stratovolcano","y":1990,"e":758,"c":"Japan","r":"Northwestern Pacific Volcanic Regions","ev":"Eruption Observed"}},{"type":"Feature","geometry":{"type":"Point","coordinates":[139.279,34.52]},"properties":{"v":284011,"n":"Toshima","t":"Stratovolcano","y":-4550,"e":508,"c":"Japan","r":"Northwestern Pacific Volcanic Regions","ev":"Eruption Dated"}},{"type":"Feature","geometry":{"type":"Point","coordinates":[139.27,34.397]},"properties":{"v":284020,"n":"Niijima","t":"Lava dome(s)","y":886,"e":432,"c":"Japan","r":"Northwestern Pacific Volcanic Regions","ev":"Eruption Observed"}},{"type":"Feature","geometry":{"type":"Point","coordinates":[139.153,34.219]},"properties":{"v":284030,"n":"Kozushima","t":"Lava dome(s)","y":838,"e":572,"c":"Japan","r":"Northwestern Pacific Volcanic Regions","ev":"Eruption Observed"}},{"type":"Feature","geometry":{"type":"Point","coordinates":[139.526,34.094]},"properties":{"v":284040,"n":"Miyakejima","t":"Stratovolcano","y":2010,"e":775,"c":"Japan","r":"Northwestern Pacific Volcanic Regions","ev":"Eruption Observed"}},{"type":"Feature","geometry":{"type":"Point","coordinates":[139.602,33.874]},"properties":{"v":284041,"n":"Mikurajima","t":"Stratovolcano","y":-4100,"e":851,"c":"Japan","r":"Northwestern Pacific Volcanic Regions","ev":"Eruption Dated"}},{"type":"Feature","geometry":{"type":"Point","coordinates":[139.68,33.4]},"properties":{"v":284042,"n":"Kurose Hole","t":"Caldera","y":null,"e":-114,"c":"Japan","r":"Northwestern Pacific Volcanic Regions","ev":"Evidence Uncertain"}},{"type":"Feature","geometry":{"type":"Point","coordinates":[139.766,33.137]},"properties":{"v":284050,"n":"Hachijojima","t":"Stratovolcano(es)","y":1606,"e":854,"c":"Japan","r":"Northwestern Pacific Volcanic Regions","ev":"Eruption Observed"}},{"type":"Feature","geometry":{"type":"Point","coordinates":[139.759,32.458]},"properties":{"v":284060,"n":"Aogashima","t":"Stratovolcano","y":1785,"e":423,"c":"Japan","r":"Northwestern Pacific Volcanic Regions","ev":"Eruption Observed"}},{"type":"Feature","geometry":{"type":"Point","coordinates":[139.85,32.1]},"properties":{"v":284061,"n":"Kita-Bayonnaise","t":"Caldera","y":null,"e":-360,"c":"Japan","r":"Northwestern Pacific Volcanic Regions","ev":"Evidence Uncertain"}},{"type":"Feature","geometry":{"type":"Point","coordinates":[139.918,31.888]},"properties":{"v":284070,"n":"Myojinsho","t":"Caldera","y":1970,"e":11,"c":"Japan","r":"Northwestern Pacific Volcanic Regions","ev":"Eruption Observed"}},{"type":"Feature","geometry":{"type":"Point","coordinates":[140.051,31.44]},"properties":{"v":284080,"n":"Sumisujima","t":"Caldera","y":1916,"e":136,"c":"Japan","r":"Northwestern Pacific Volcanic Regions","ev":"Eruption Observed"}},{"type":"Feature","geometry":{"type":"Point","coordinates":[140.303,30.484]},"properties":{"v":284090,"n":"Izu-Torishima","t":"Stratovolcano","y":2002,"e":394,"c":"Japan","r":"Northwestern Pacific Volcanic Regions","ev":"Eruption Observed"}},{"type":"Feature","geometry":{"type":"Point","coordinates":[140.342,29.794]},"properties":{"v":284091,"n":"Sofugan","t":"Stratovolcano","y":null,"e":99,"c":"Japan","r":"Northwestern Pacific Volcanic Regions","ev":"Evidence Uncertain"}},{"type":"Feature","geometry":{"type":"Point","coordinates":[140.633,28.575]},"properties":{"v":284093,"n":"Suiyo Seamount","t":"Stratovolcano","y":null,"e":-991,"c":"Japan","r":"Northwestern Pacific Volcanic Regions","ev":"Unrest / Holocene"}},{"type":"Feature","geometry":{"type":"Point","coordinates":[140.572,28.327]},"properties":{"v":284094,"n":"Mokuyo Seamount","t":"Stratovolcano","y":null,"e":-933,"c":"Japan","r":"Northwestern Pacific Volcanic Regions","ev":"Unrest / Holocene"}},{"type":"Feature","geometry":{"type":"Point","coordinates":[140.8,27.68]},"properties":{"v":284095,"n":"Doyo Seamount","t":"Stratovolcano","y":null,"e":-590,"c":"Japan","r":"Northwestern Pacific Volcanic Regions","ev":"Unrest / Holocene"}},{"type":"Feature","geometry":{"type":"Point","coordinates":[140.8797,27.2439]},"properties":{"v":284096,"n":"Nishinoshima","t":"Caldera","y":2023,"e":160,"c":"Japan","r":"Northwestern Pacific Volcanic Regions","ev":"Eruption Observed"}},{"type":"Feature","geometry":{"type":"Point","coordinates":[140.929,26.667]},"properties":{"v":284097,"n":"Kaikata Seamount","t":"Stratovolcano","y":null,"e":-165,"c":"Japan","r":"Northwestern Pacific Volcanic Regions","ev":"Unrest / Holocene"}},{"type":"Feature","geometry":{"type":"Point","coordinates":[141.1017,26.1267]},"properties":{"v":284100,"n":"Kaitoku Seamount","t":"Stratovolcano","y":2023,"e":-95,"c":"Japan","r":"Northwestern Pacific Volcanic Regions","ev":"Eruption Observed"}},{"type":"Feature","geometry":{"type":"Point","coordinates":[141.2386,25.455]},"properties":{"v":284110,"n":"Funka Asane","t":"Stratovolcano","y":2022,"e":-20,"c":"Japan","r":"Northwestern Pacific Volcanic Regions","ev":"Eruption Observed"}},{"type":"Feature","geometry":{"type":"Point","coordinates":[141.2892,24.7503]},"properties":{"v":284120,"n":"Ioto","t":"Caldera","y":2025,"e":172,"c":"Japan","r":"Northwestern Pacific Volcanic Regions","ev":"Eruption Observed"}},{"type":"Feature","geometry":{"type":"Point","coordinates":[141.417,24.417]},"properties":{"v":284121,"n":"Kita-Fukutokutai","t":"Stratovolcano","y":1954,"e":-73,"c":"Japan","r":"Northwestern Pacific Volcanic Regions","ev":"Eruption Observed"}},{"type":"Feature","geometry":{"type":"Point","coordinates":[141.481,24.285]},"properties":{"v":284130,"n":"Fukutoku-Oka-no-Ba","t":"Pyroclastic cone","y":2021,"e":-29,"c":"Japan","r":"Northwestern Pacific Volcanic Regions","ev":"Eruption Observed"}},{"type":"Feature","geometry":{"type":"Point","coordinates":[141.935,23.5]},"properties":{"v":284131,"n":"Minami-Hiyoshi","t":"Stratovolcano","y":1975,"e":-107,"c":"Japan","r":"Northwestern Pacific Volcanic Regions","ev":"Eruption Observed"}},{"type":"Feature","geometry":{"type":"Point","coordinates":[142.326,23.078]},"properties":{"v":284132,"n":"Nikko","t":"Stratovolcano","y":null,"e":-392,"c":"Japan","r":"Northwestern Pacific Volcanic Regions","ev":"Unrest / Holocene"}},{"type":"Feature","geometry":{"type":"Point","coordinates":[143.47,21.93]},"properties":{"v":284133,"n":"Fukujin","t":"Stratovolcano","y":1974,"e":-217,"c":"United States","r":"Northwestern Pacific Volcanic Regions","ev":"Eruption Observed"}},{"type":"Feature","geometry":{"type":"Point","coordinates":[143.71,21.765]},"properties":{"v":284134,"n":"Kasuga 1","t":"Stratovolcano","y":1959,"e":-598,"c":"United States","r":"Northwestern Pacific Volcanic Regions","ev":"Eruption Observed"}},{"type":"Feature","geometry":{"type":"Point","coordinates":[143.637,21.6]},"properties":{"v":284135,"n":"Kasuga 2","t":"Stratovolcano","y":null,"e":-274,"c":"United States","r":"Northwestern Pacific Volcanic Regions","ev":"Evidence Credible"}},{"type":"Feature","geometry":{"type":"Point","coordinates":[144.043,21.485]},"properties":{"v":284136,"n":"NW Eifuku","t":"Stratovolcano","y":null,"e":-1535,"c":"United States","r":"Northwestern Pacific Volcanic Regions","ev":"Unrest / Holocene"}},{"type":"Feature","geometry":{"type":"Point","coordinates":[144.194,21.324]},"properties":{"v":284137,"n":"Daikoku","t":"Stratovolcano","y":null,"e":-323,"c":"United States","r":"Northwestern Pacific Volcanic Regions","ev":"Unrest / Holocene"}},{"type":"Feature","geometry":{"type":"Point","coordinates":[144.893,20.546]},"properties":{"v":284140,"n":"Farallon de Pajaros","t":"Stratovolcano","y":1953,"e":337,"c":"United States","r":"Northwestern Pacific Volcanic Regions","ev":"Eruption Observed"}},{"type":"Feature","geometry":{"type":"Point","coordinates":[145.03,20.437]},"properties":{"v":284141,"n":"Ahyi","t":"Stratovolcano","y":2026,"e":-55,"c":"United States","r":"Northwestern Pacific Volcanic Regions","ev":"Eruption Dated"}},{"type":"Feature","geometry":{"type":"Point","coordinates":[145.1,20.13]},"properties":{"v":284142,"n":"Supply Reef","t":"Stratovolcano","y":null,"e":-8,"c":"United States","r":"Northwestern Pacific Volcanic Regions","ev":"Evidence Uncertain"}},{"type":"Feature","geometry":{"type":"Point","coordinates":[145.22,20.02]},"properties":{"v":284143,"n":"Maug Islands","t":"Stratovolcano","y":null,"e":227,"c":"United States","r":"Northwestern Pacific Volcanic Regions","ev":"Unrest / Holocene"}},{"type":"Feature","geometry":{"type":"Point","coordinates":[145.406,19.671]},"properties":{"v":284150,"n":"Asuncion","t":"Stratovolcano","y":1906,"e":857,"c":"United States","r":"Northwestern Pacific Volcanic Regions","ev":"Eruption Observed"}},{"type":"Feature","geometry":{"type":"Point","coordinates":[145.67,18.77]},"properties":{"v":284160,"n":"Agrigan","t":"Stratovolcano","y":1917,"e":965,"c":"United States","r":"Northwestern Pacific Volcanic Regions","ev":"Eruption Observed"}},{"type":"Feature","geometry":{"type":"Point","coordinates":[145.8,18.13]},"properties":{"v":284170,"n":"Pagan","t":"Stratovolcano(es)","y":2021,"e":570,"c":"United States","r":"Northwestern Pacific Volcanic Regions","ev":"Eruption Observed"}},{"type":"Feature","geometry":{"type":"Point","coordinates":[145.83,17.6]},"properties":{"v":284180,"n":"Alamagan","t":"Stratovolcano","y":870,"e":744,"c":"United States","r":"Northwestern Pacific Volcanic Regions","ev":"Eruption Dated"}},{"type":"Feature","geometry":{"type":"Point","coordinates":[145.84,17.3137]},"properties":{"v":284190,"n":"Guguan","t":"Stratovolcano","y":1883,"e":232,"c":"United States","r":"Northwestern Pacific Volcanic Regions","ev":"Eruption Observed"}},{"type":"Feature","geometry":{"type":"Point","coordinates":[145.85,16.88]},"properties":{"v":284191,"n":"Zealandia Bank","t":"Stratovolcano","y":null,"e":0,"c":"United States","r":"Northwestern Pacific Volcanic Regions","ev":"Unrest / Holocene"}},{"type":"Feature","geometry":{"type":"Point","coordinates":[145.7803,16.6991]},"properties":{"v":284192,"n":"Sarigan","t":"Stratovolcano","y":null,"e":494,"c":"United States","r":"Northwestern Pacific Volcanic Regions","ev":"Evidence Credible"}},{"type":"Feature","geometry":{"type":"Point","coordinates":[145.78,16.58]},"properties":{"v":284193,"n":"South Sarigan Seamount","t":"Stratovolcano","y":2010,"e":-184,"c":"United States","r":"Northwestern Pacific Volcanic Regions","ev":"Eruption Observed"}},{"type":"Feature","geometry":{"type":"Point","coordinates":[145.67,16.35]},"properties":{"v":284200,"n":"Anatahan","t":"Stratovolcano","y":2008,"e":790,"c":"United States","r":"Northwestern Pacific Volcanic Regions","ev":"Eruption Observed"}},{"type":"Feature","geometry":{"type":"Point","coordinates":[145.67,15.93]},"properties":{"v":284201,"n":"East Diamante","t":"Stratovolcano","y":null,"e":-127,"c":"United States","r":"Northwestern Pacific Volcanic Regions","ev":"Unrest / Holocene"}},{"type":"Feature","geometry":{"type":"Point","coordinates":[145.572,15.605]},"properties":{"v":284202,"n":"Ruby","t":"Stratovolcano","y":2023,"e":-174,"c":"United States","r":"Northwestern Pacific Volcanic Regions","ev":"Eruption Observed"}},{"type":"Feature","geometry":{"type":"Point","coordinates":[145.249,14.958]},"properties":{"v":284210,"n":"Esmeralda Bank","t":"Stratovolcano","y":null,"e":-74,"c":"United States","r":"Northwestern Pacific Volcanic Regions","ev":"Unrest / Holocene"}},{"type":"Feature","geometry":{"type":"Point","coordinates":[144.775,14.601]},"properties":{"v":284211,"n":"NW Rota-1","t":"Stratovolcano","y":2010,"e":-455,"c":"United States","r":"Northwestern Pacific Volcanic Regions","ev":"Eruption Observed"}},{"type":"Feature","geometry":{"type":"Point","coordinates":[143.92,13.4]},"properties":{"v":284220,"n":"Forecast Seamount","t":"Stratovolcano","y":null,"e":-1456,"c":"United States","r":"Northwestern Pacific Volcanic Regions","ev":"Unrest / Holocene"}},{"type":"Feature","geometry":{"type":"Point","coordinates":[144.02,13.25]},"properties":{"v":284230,"n":"Seamount X","t":"Stratovolcano","y":null,"e":-1230,"c":"United States","r":"Northwestern Pacific Volcanic Regions","ev":"Unrest / Holocene"}},{"type":"Feature","geometry":{"type":"Point","coordinates":[144.506,15.406]},"properties":{"v":284305,"n":"Mariana Back-Arc Segment at 15.5\u00b0N","t":"Fissure vent","y":2015,"e":-4100,"c":"United States","r":"Northwestern Pacific Volcanic Regions","ev":"Eruption Dated"}},{"type":"Feature","geometry":{"type":"Point","coordinates":[139.367,41.51]},"properties":{"v":285010,"n":"Oshima-Oshima","t":"Stratovolcano","y":1790,"e":732,"c":"Japan","r":"Northwestern Pacific Volcanic Regions","ev":"Eruption Observed"}},{"type":"Feature","geometry":{"type":"Point","coordinates":[141.166,41.805]},"properties":{"v":285011,"n":"Esan","t":"Lava dome(s)","y":1874,"e":617,"c":"Japan","r":"Northwestern Pacific Volcanic Regions","ev":"Eruption Observed"}},{"type":"Feature","geometry":{"type":"Point","coordinates":[140.677,42.063]},"properties":{"v":285020,"n":"Hokkaido-Komagatake","t":"Stratovolcano","y":2000,"e":1131,"c":"Japan","r":"Northwestern Pacific Volcanic Regions","ev":"Eruption Observed"}},{"type":"Feature","geometry":{"type":"Point","coordinates":[140.839,42.544]},"properties":{"v":285030,"n":"Toya","t":"Stratovolcano","y":2001,"e":733,"c":"Japan","r":"Northwestern Pacific Volcanic Regions","ev":"Eruption Observed"}},{"type":"Feature","geometry":{"type":"Point","coordinates":[140.659,42.875]},"properties":{"v":285031,"n":"Niseko","t":"Stratovolcano(es)","y":-4900,"e":1308,"c":"Japan","r":"Northwestern Pacific Volcanic Regions","ev":"Eruption Dated"}},{"type":"Feature","geometry":{"type":"Point","coordinates":[140.8114,42.8267]},"properties":{"v":285032,"n":"Yoteizan","t":"Stratovolcano","y":-1050,"e":1898,"c":"Japan","r":"Northwestern Pacific Volcanic Regions","ev":"Eruption Dated"}},{"type":"Feature","geometry":{"type":"Point","coordinates":[141.16,42.491]},"properties":{"v":285034,"n":"Kuttara","t":"Stratovolcano(es)","y":1820,"e":549,"c":"Japan","r":"Northwestern Pacific Volcanic Regions","ev":"Eruption Dated"}},{"type":"Feature","geometry":{"type":"Point","coordinates":[141.38,42.688]},"properties":{"v":285040,"n":"Shikotsu","t":"Caldera","y":1981,"e":1320,"c":"Japan","r":"Northwestern Pacific Volcanic Regions","ev":"Eruption Observed"}},{"type":"Feature","geometry":{"type":"Point","coordinates":[141.242,45.179]},"properties":{"v":285041,"n":"Rishirizan","t":"Stratovolcano","y":-5830,"e":1721,"c":"Japan","r":"Northwestern Pacific Volcanic Regions","ev":"Eruption Dated"}},{"type":"Feature","geometry":{"type":"Point","coordinates":[142.686,43.418]},"properties":{"v":285050,"n":"Tokachidake","t":"Stratovolcano(es)","y":2004,"e":2077,"c":"Japan","r":"Northwestern Pacific Volcanic Regions","ev":"Eruption Observed"}},{"type":"Feature","geometry":{"type":"Point","coordinates":[142.854,43.664]},"properties":{"v":285060,"n":"Taisetsuzan","t":"Stratovolcano(es)","y":1739,"e":2291,"c":"Japan","r":"Northwestern Pacific Volcanic Regions","ev":"Eruption Dated"}},{"type":"Feature","geometry":{"type":"Point","coordinates":[143.031,43.418]},"properties":{"v":285061,"n":"Maruyama","t":"Stratovolcano(es)","y":1898,"e":1692,"c":"Japan","r":"Northwestern Pacific Volcanic Regions","ev":"Eruption Observed"}},{"type":"Feature","geometry":{"type":"Point","coordinates":[144.0086,43.3864]},"properties":{"v":285070,"n":"Akan","t":"Caldera","y":2026,"e":1499,"c":"Japan","r":"Northwestern Pacific Volcanic Regions","ev":"Eruption Observed"}},{"type":"Feature","geometry":{"type":"Point","coordinates":[144.427,43.615]},"properties":{"v":285080,"n":"Kussharo","t":"Caldera","y":1320,"e":574,"c":"Japan","r":"Northwestern Pacific Volcanic Regions","ev":"Eruption Dated"}},{"type":"Feature","geometry":{"type":"Point","coordinates":[144.561,43.572]},"properties":{"v":285081,"n":"Mashu","t":"Caldera","y":1080,"e":857,"c":"Japan","r":"Northwestern Pacific Volcanic Regions","ev":"Eruption Dated"}},{"type":"Feature","geometry":{"type":"Point","coordinates":[145.122,44.076]},"properties":{"v":285082,"n":"Rausudake","t":"Stratovolcano","y":1800,"e":1660,"c":"Japan","r":"Northwestern Pacific Volcanic Regions","ev":"Eruption Dated"}},{"type":"Feature","geometry":{"type":"Point","coordinates":[145.086,44.044]},"properties":{"v":285083,"n":"Tenchozan","t":"Crater rows","y":null,"e":1046,"c":"Japan","r":"Northwestern Pacific Volcanic Regions","ev":"Eruption Dated"}},{"type":"Feature","geometry":{"type":"Point","coordinates":[145.161,44.133]},"properties":{"v":285090,"n":"Shiretoko-Iozan","t":"Stratovolcano","y":1936,"e":1562,"c":"Japan","r":"Northwestern Pacific Volcanic Regions","ev":"Eruption Observed"}},{"type":"Feature","geometry":{"type":"Point","coordinates":[145.504,43.844]},"properties":{"v":290010,"n":"Tomariyama [Golovnin]","t":"Caldera","y":1848,"e":535,"c":"Japan - administered by Russia","r":"Northwestern Pacific Volcanic Regions","ev":"Eruption Observed"}},{"type":"Feature","geometry":{"type":"Point","coordinates":[145.733,43.979]},"properties":{"v":290020,"n":"Raususan [Mendeleev]","t":"Stratovolcano","y":1880,"e":882,"c":"Japan - administered by Russia","r":"Northwestern Pacific Volcanic Regions","ev":"Eruption Observed"}},{"type":"Feature","geometry":{"type":"Point","coordinates":[146.14,44.4536]},"properties":{"v":290021,"n":"Ruruidake [Smirnov]","t":"Stratovolcano","y":null,"e":1481,"c":"Japan - administered by Russia","r":"Northwestern Pacific Volcanic Regions","ev":"Evidence Credible"}},{"type":"Feature","geometry":{"type":"Point","coordinates":[146.2531,44.3536]},"properties":{"v":290030,"n":"Chachadake [Tiatia]","t":"Stratovolcano","y":1981,"e":1772,"c":"Japan - administered by Russia","r":"Northwestern Pacific Volcanic Regions","ev":"Eruption Observed"}},{"type":"Feature","geometry":{"type":"Point","coordinates":[146.932,44.462]},"properties":{"v":290040,"n":"Berutarubesan [Berutarube]","t":"Stratovolcano","y":null,"e":1221,"c":"Japan - administered by Russia","r":"Northwestern Pacific Volcanic Regions","ev":"Evidence Credible"}},{"type":"Feature","geometry":{"type":"Point","coordinates":[147.1306,44.8078]},"properties":{"v":290050,"n":"Etorofu-Atosanupuri [Atosanupuri]","t":"Stratovolcano","y":1932,"e":1209,"c":"Japan - administered by Russia","r":"Northwestern Pacific Volcanic Regions","ev":"Eruption Observed"}},{"type":"Feature","geometry":{"type":"Point","coordinates":[147.403,44.857]},"properties":{"v":290060,"n":"Hitokappu Volcano Group [Bogatyr Ridge]","t":"Stratovolcano","y":null,"e":1610,"c":"Japan - administered by Russia","r":"Northwestern Pacific Volcanic Regions","ev":"Evidence Credible"}},{"type":"Feature","geometry":{"type":"Point","coordinates":[147.8722,45.0114]},"properties":{"v":290070,"n":"Etorofu-Yakeyama [Grozny Group]","t":"Complex","y":2013,"e":1147,"c":"Japan - administered by Russia","r":"Northwestern Pacific Volcanic Regions","ev":"Eruption Observed"}},{"type":"Feature","geometry":{"type":"Point","coordinates":[147.9169,45.0286]},"properties":{"v":290072,"n":"Odamoisan [Tebenkov]","t":"Stratovolcano","y":null,"e":1208,"c":"Japan - administered by Russia","r":"Northwestern Pacific Volcanic Regions","ev":"Evidence Uncertain"}},{"type":"Feature","geometry":{"type":"Point","coordinates":[148.0142,45.1036]},"properties":{"v":290080,"n":"Sashiusudake [Baransky]","t":"Stratovolcano","y":1951,"e":1128,"c":"Japan - administered by Russia","r":"Northwestern Pacific Volcanic Regions","ev":"Eruption Observed"}},{"type":"Feature","geometry":{"type":"Point","coordinates":[148.838,45.389]},"properties":{"v":290100,"n":"Moyorodake [Medvezhia]","t":"Stratovolcano","y":1999,"e":1124,"c":"Japan - administered by Russia","r":"Northwestern Pacific Volcanic Regions","ev":"Eruption Observed"}},{"type":"Feature","geometry":{"type":"Point","coordinates":[149.6762,45.7593]},"properties":{"v":290111,"n":"Ivao Group","t":"Pyroclastic cone(s)","y":null,"e":1426,"c":"Russia","r":"Northwestern Pacific Volcanic Regions","ev":"Evidence Credible"}},{"type":"Feature","geometry":{"type":"Point","coordinates":[150.083,46.042]},"properties":{"v":290120,"n":"Kolokol Group","t":"Stratovolcano","y":1973,"e":1328,"c":"Russia","r":"Northwestern Pacific Volcanic Regions","ev":"Eruption Observed"}},{"type":"Feature","geometry":{"type":"Point","coordinates":[150.8526,46.2944]},"properties":{"v":290130,"n":"Kuril Arc at 46.3\u00b0N","t":"","y":null,"e":-100,"c":"Russia","r":"Northwestern Pacific Volcanic Regions","ev":"Evidence Uncertain"}},{"type":"Feature","geometry":{"type":"Point","coordinates":[150.871,46.532]},"properties":{"v":290150,"n":"Chirpoi","t":"Caldera","y":2016,"e":742,"c":"Russia","r":"Northwestern Pacific Volcanic Regions","ev":"Eruption Observed"}},{"type":"Feature","geometry":{"type":"Point","coordinates":[151.786,46.815]},"properties":{"v":290161,"n":"Milna","t":"Stratovolcano","y":1914,"e":1504,"c":"Russia","r":"Northwestern Pacific Volcanic Regions","ev":"Eruption Observed"}},{"type":"Feature","geometry":{"type":"Point","coordinates":[151.9518,46.9178]},"properties":{"v":290180,"n":"Zavaritzki Caldera","t":"Caldera","y":1957,"e":612,"c":"Russia","r":"Northwestern Pacific Volcanic Regions","ev":"Eruption Observed"}},{"type":"Feature","geometry":{"type":"Point","coordinates":[152.1167,47.0139]},"properties":{"v":290190,"n":"Prevo Peak","t":"Stratovolcano","y":1825,"e":1360,"c":"Russia","r":"Northwestern Pacific Volcanic Regions","ev":"Eruption Observed"}},{"type":"Feature","geometry":{"type":"Point","coordinates":[152.25,47.12]},"properties":{"v":290191,"n":"Uratman","t":"Stratovolcano","y":null,"e":678,"c":"Russia","r":"Northwestern Pacific Volcanic Regions","ev":"Evidence Credible"}},{"type":"Feature","geometry":{"type":"Point","coordinates":[152.475,47.35]},"properties":{"v":290200,"n":"Ketoi","t":"Stratovolcano","y":1960,"e":1172,"c":"Russia","r":"Northwestern Pacific Volcanic Regions","ev":"Eruption Observed"}},{"type":"Feature","geometry":{"type":"Point","coordinates":[152.8139,47.5125]},"properties":{"v":290210,"n":"Ushishur","t":"Caldera","y":1884,"e":357,"c":"Russia","r":"Northwestern Pacific Volcanic Regions","ev":"Eruption Observed"}},{"type":"Feature","geometry":{"type":"Point","coordinates":[152.893,47.5861]},"properties":{"v":290211,"n":"Srednii","t":"Stratovolcano","y":null,"e":36,"c":"Russia","r":"Northwestern Pacific Volcanic Regions","ev":"Evidence Credible"}},{"type":"Feature","geometry":{"type":"Point","coordinates":[153.02,47.77]},"properties":{"v":290220,"n":"Rasshua","t":"Stratovolcano","y":1957,"e":956,"c":"Russia","r":"Northwestern Pacific Volcanic Regions","ev":"Eruption Observed"}},{"type":"Feature","geometry":{"type":"Point","coordinates":[153.2,48.092]},"properties":{"v":290240,"n":"Sarychev Peak","t":"Stratovolcano","y":2021,"e":1496,"c":"Russia","r":"Northwestern Pacific Volcanic Regions","ev":"Eruption Observed"}},{"type":"Feature","geometry":{"type":"Point","coordinates":[153.25,48.292]},"properties":{"v":290250,"n":"Raikoke","t":"Stratovolcano","y":2019,"e":551,"c":"Russia","r":"Northwestern Pacific Volcanic Regions","ev":"Eruption Observed"}},{"type":"Feature","geometry":{"type":"Point","coordinates":[153.48,48.98]},"properties":{"v":290260,"n":"Chirinkotan","t":"Stratovolcano","y":2022,"e":724,"c":"Russia","r":"Northwestern Pacific Volcanic Regions","ev":"Eruption Observed"}},{"type":"Feature","geometry":{"type":"Point","coordinates":[153.93,48.958]},"properties":{"v":290270,"n":"Ekarma","t":"Stratovolcano","y":2010,"e":1170,"c":"Russia","r":"Northwestern Pacific Volcanic Regions","ev":"Eruption Observed"}},{"type":"Feature","geometry":{"type":"Point","coordinates":[154.182,48.873]},"properties":{"v":290290,"n":"Sinarka","t":"Stratovolcano","y":1878,"e":911,"c":"Russia","r":"Northwestern Pacific Volcanic Regions","ev":"Eruption Observed"}},{"type":"Feature","geometry":{"type":"Point","coordinates":[154.508,49.12]},"properties":{"v":290300,"n":"Kharimkotan","t":"Stratovolcano","y":1933,"e":1145,"c":"Russia","r":"Northwestern Pacific Volcanic Regions","ev":"Eruption Observed"}},{"type":"Feature","geometry":{"type":"Point","coordinates":[154.725,49.34]},"properties":{"v":290310,"n":"Tao-Rusyr Caldera","t":"Stratovolcano","y":1952,"e":1272,"c":"Russia","r":"Northwestern Pacific Volcanic Regions","ev":"Eruption Observed"}},{"type":"Feature","geometry":{"type":"Point","coordinates":[154.8126,49.5641]},"properties":{"v":290320,"n":"Nemo Peak","t":"Caldera","y":1938,"e":994,"c":"Russia","r":"Northwestern Pacific Volcanic Regions","ev":"Eruption Observed"}},{"type":"Feature","geometry":{"type":"Point","coordinates":[154.9781,50.1973]},"properties":{"v":290331,"n":"Shirinki","t":"Stratovolcano","y":null,"e":693,"c":"Russia","r":"Northwestern Pacific Volcanic Regions","ev":"Evidence Credible"}},{"type":"Feature","geometry":{"type":"Point","coordinates":[155.246,50.267]},"properties":{"v":290340,"n":"Fuss Peak","t":"Stratovolcano","y":1854,"e":1742,"c":"Russia","r":"Northwestern Pacific Volcanic Regions","ev":"Eruption Observed"}},{"type":"Feature","geometry":{"type":"Point","coordinates":[155.3847,50.1419]},"properties":{"v":290350,"n":"Karpinsky Group","t":"Complex","y":null,"e":1326,"c":"Russia","r":"Northwestern Pacific Volcanic Regions","ev":"Unrest / Holocene"}},{"type":"Feature","geometry":{"type":"Point","coordinates":[155.461,50.324]},"properties":{"v":290360,"n":"Chikurachki","t":"Stratovolcano(es)","y":2023,"e":1781,"c":"Russia","r":"Northwestern Pacific Volcanic Regions","ev":"Eruption Observed"}},{"type":"Feature","geometry":{"type":"Point","coordinates":[155.9867,50.5819]},"properties":{"v":290370,"n":"Vernadsky Ridge","t":"Pyroclastic cone(s)","y":null,"e":1183,"c":"Russia","r":"Northwestern Pacific Volcanic Regions","ev":"Evidence Credible"}},{"type":"Feature","geometry":{"type":"Point","coordinates":[156.014,50.686]},"properties":{"v":290380,"n":"Ebeko","t":"Stratovolcano","y":2024,"e":1103,"c":"Russia","r":"Northwestern Pacific Volcanic Regions","ev":"Eruption Observed"}},{"type":"Feature","geometry":{"type":"Point","coordinates":[155.565,50.861]},"properties":{"v":290390,"n":"Alaid","t":"Stratovolcano","y":2022,"e":2285,"c":"Russia","r":"Northwestern Pacific Volcanic Regions","ev":"Eruption Observed"}},{"type":"Feature","geometry":{"type":"Point","coordinates":[156.875,51.306]},"properties":{"v":300010,"n":"Kambalny","t":"Stratovolcano","y":2017,"e":2116,"c":"Russia","r":"Northwestern Pacific Volcanic Regions","ev":"Eruption Dated"}},{"type":"Feature","geometry":{"type":"Point","coordinates":[156.753,51.356]},"properties":{"v":300020,"n":"Koshelev","t":"Stratovolcano","y":1690,"e":1822,"c":"Russia","r":"Northwestern Pacific Volcanic Regions","ev":"Eruption Observed"}},{"type":"Feature","geometry":{"type":"Point","coordinates":[156.629,51.533]},"properties":{"v":300021,"n":"Yavinsky","t":"Stratovolcano","y":-4050,"e":646,"c":"Russia","r":"Northwestern Pacific Volcanic Regions","ev":"Eruption Dated"}},{"type":"Feature","geometry":{"type":"Point","coordinates":[156.978,51.452]},"properties":{"v":300022,"n":"Diky Greben","t":"Lava dome(s)","y":350,"e":1040,"c":"Russia","r":"Northwestern Pacific Volcanic Regions","ev":"Eruption Dated"}},{"type":"Feature","geometry":{"type":"Point","coordinates":[157.12,51.45]},"properties":{"v":300023,"n":"Kurile Lake","t":"Caldera","y":-6440,"e":81,"c":"Russia","r":"Northwestern Pacific Volcanic Regions","ev":"Eruption Dated"}},{"type":"Feature","geometry":{"type":"Point","coordinates":[157.203,51.498]},"properties":{"v":300030,"n":"Iliinsky","t":"Stratovolcano","y":1901,"e":1555,"c":"Russia","r":"Northwestern Pacific Volcanic Regions","ev":"Eruption Observed"}},{"type":"Feature","geometry":{"type":"Point","coordinates":[157.328,51.577]},"properties":{"v":300040,"n":"Zheltovsky","t":"Stratovolcano","y":1923,"e":1926,"c":"Russia","r":"Northwestern Pacific Volcanic Regions","ev":"Eruption Observed"}},{"type":"Feature","geometry":{"type":"Point","coordinates":[157.5292,51.8042]},"properties":{"v":300050,"n":"Ksudach","t":"Stratovolcano","y":1907,"e":1007,"c":"Russia","r":"Northwestern Pacific Volcanic Regions","ev":"Eruption Observed"}},{"type":"Feature","geometry":{"type":"Point","coordinates":[157.53,52.02]},"properties":{"v":300052,"n":"Olkoviy-Ozernoy Volcanic Field","t":"Volcanic field","y":null,"e":681,"c":"Russia","r":"Northwestern Pacific Volcanic Regions","ev":"Evidence Credible"}},{"type":"Feature","geometry":{"type":"Point","coordinates":[157.711,52.062]},"properties":{"v":300053,"n":"Khodutka","t":"Stratovolcano(es)","y":-300,"e":2039,"c":"Russia","r":"Northwestern Pacific Volcanic Regions","ev":"Eruption Dated"}},{"type":"Feature","geometry":{"type":"Point","coordinates":[157.827,52.355]},"properties":{"v":300058,"n":"Asacha","t":"Complex","y":null,"e":1910,"c":"Russia","r":"Northwestern Pacific Volcanic Regions","ev":"Evidence Credible"}},{"type":"Feature","geometry":{"type":"Point","coordinates":[157.9332,52.435]},"properties":{"v":300059,"n":"Visokiy","t":"Stratovolcano","y":null,"e":1227,"c":"Russia","r":"Northwestern Pacific Volcanic Regions","ev":"Evidence Credible"}},{"type":"Feature","geometry":{"type":"Point","coordinates":[158.196,52.449]},"properties":{"v":300060,"n":"Mutnovsky","t":"Complex","y":2000,"e":2288,"c":"Russia","r":"Northwestern Pacific Volcanic Regions","ev":"Eruption Observed"}},{"type":"Feature","geometry":{"type":"Point","coordinates":[158.0358,52.5549]},"properties":{"v":300070,"n":"Gorely","t":"Caldera","y":2010,"e":1799,"c":"Russia","r":"Northwestern Pacific Volcanic Regions","ev":"Eruption Observed"}},{"type":"Feature","geometry":{"type":"Point","coordinates":[157.339,52.543]},"properties":{"v":300080,"n":"Opala","t":"Caldera","y":1776,"e":2439,"c":"Russia","r":"Northwestern Pacific Volcanic Regions","ev":"Eruption Observed"}},{"type":"Feature","geometry":{"type":"Point","coordinates":[157.58,52.63]},"properties":{"v":300082,"n":"Tolmachev Dol","t":"Pyroclastic cone(s)","y":300,"e":1021,"c":"Russia","r":"Northwestern Pacific Volcanic Regions","ev":"Eruption Dated"}},{"type":"Feature","geometry":{"type":"Point","coordinates":[158.28,52.7]},"properties":{"v":300083,"n":"Vilyuchinsky","t":"Stratovolcano","y":-8050,"e":2173,"c":"Russia","r":"Northwestern Pacific Volcanic Regions","ev":"Eruption Dated"}},{"type":"Feature","geometry":{"type":"Point","coordinates":[158.24,52.802]},"properties":{"v":300084,"n":"Barkhatnaya Sopka","t":"Volcanic field","y":-3550,"e":874,"c":"Russia","r":"Northwestern Pacific Volcanic Regions","ev":"Eruption Dated"}},{"type":"Feature","geometry":{"type":"Point","coordinates":[158.712,53.321]},"properties":{"v":300090,"n":"Koryaksky","t":"Stratovolcano","y":2009,"e":3430,"c":"Russia","r":"Northwestern Pacific Volcanic Regions","ev":"Eruption Observed"}},{"type":"Feature","geometry":{"type":"Point","coordinates":[158.836,53.256]},"properties":{"v":300100,"n":"Avachinsky","t":"Stratovolcano","y":2001,"e":2717,"c":"Russia","r":"Northwestern Pacific Volcanic Regions","ev":"Eruption Observed"}},{"type":"Feature","geometry":{"type":"Point","coordinates":[158.922,53.637]},"properties":{"v":300110,"n":"Dzenzursky","t":"Compound","y":null,"e":2285,"c":"Russia","r":"Northwestern Pacific Volcanic Regions","ev":"Evidence Credible"}},{"type":"Feature","geometry":{"type":"Point","coordinates":[159.15,53.589]},"properties":{"v":300120,"n":"Zhupanovsky","t":"Compound","y":2016,"e":2899,"c":"Russia","r":"Northwestern Pacific Volcanic Regions","ev":"Eruption Observed"}},{"type":"Feature","geometry":{"type":"Point","coordinates":[158.4478,53.7525]},"properties":{"v":300121,"n":"Veer","t":"Pyroclastic cone(s)","y":390,"e":520,"c":"Russia","r":"Northwestern Pacific Volcanic Regions","ev":"Eruption Dated"}},{"type":"Feature","geometry":{"type":"Point","coordinates":[158.052,53.833]},"properties":{"v":300122,"n":"Kostakan","t":"Pyroclastic cone(s)","y":1350,"e":1150,"c":"Russia","r":"Northwestern Pacific Volcanic Regions","ev":"Eruption Dated"}},{"type":"Feature","geometry":{"type":"Point","coordinates":[158.07,53.905]},"properties":{"v":300123,"n":"Bakening","t":"Stratovolcano","y":-550,"e":2278,"c":"Russia","r":"Northwestern Pacific Volcanic Regions","ev":"Eruption Dated"}},{"type":"Feature","geometry":{"type":"Point","coordinates":[158.3851,53.9065]},"properties":{"v":300124,"n":"Zavaritsky","t":"Pyroclastic cone(s)","y":-800,"e":1547,"c":"Russia","r":"Northwestern Pacific Volcanic Regions","ev":"Eruption Dated"}},{"type":"Feature","geometry":{"type":"Point","coordinates":[159.45,53.98]},"properties":{"v":300125,"n":"Akademia Nauk","t":"Stratovolcano(es)","y":1996,"e":1180,"c":"Russia","r":"Northwestern Pacific Volcanic Regions","ev":"Eruption Observed"}},{"type":"Feature","geometry":{"type":"Point","coordinates":[159.443,54.049]},"properties":{"v":300130,"n":"Karymsky","t":"Stratovolcano","y":2025,"e":1513,"c":"Russia","r":"Northwestern Pacific Volcanic Regions","ev":"Eruption Observed"}},{"type":"Feature","geometry":{"type":"Point","coordinates":[159.674,54.135]},"properties":{"v":300140,"n":"Maly Semyachik","t":"Caldera","y":1952,"e":1527,"c":"Russia","r":"Northwestern Pacific Volcanic Regions","ev":"Eruption Observed"}},{"type":"Feature","geometry":{"type":"Point","coordinates":[160.02,54.32]},"properties":{"v":300150,"n":"Bolshoi Semiachik","t":"Stratovolcano(es)","y":-4450,"e":1720,"c":"Russia","r":"Northwestern Pacific Volcanic Regions","ev":"Eruption Dated"}},{"type":"Feature","geometry":{"type":"Point","coordinates":[159.804,54.528]},"properties":{"v":300160,"n":"Taunshits","t":"Stratovolcano","y":-550,"e":2301,"c":"Russia","r":"Northwestern Pacific Volcanic Regions","ev":"Eruption Dated"}},{"type":"Feature","geometry":{"type":"Point","coordinates":[159.9741,54.4885]},"properties":{"v":300170,"n":"Uzon","t":"Caldera(s)","y":200,"e":1617,"c":"Russia","r":"Northwestern Pacific Volcanic Regions","ev":"Eruption Dated"}},{"type":"Feature","geometry":{"type":"Point","coordinates":[160.251,54.489]},"properties":{"v":300180,"n":"Kikhpinych","t":"Stratovolcano(es)","y":1550,"e":1515,"c":"Russia","r":"Northwestern Pacific Volcanic Regions","ev":"Eruption Dated"}},{"type":"Feature","geometry":{"type":"Point","coordinates":[160.27,54.596]},"properties":{"v":300190,"n":"Krasheninnikov","t":"Caldera","y":2026,"e":1816,"c":"Russia","r":"Northwestern Pacific Volcanic Regions","ev":"Eruption Dated"}},{"type":"Feature","geometry":{"type":"Point","coordinates":[160.533,54.753]},"properties":{"v":300200,"n":"Kronotsky","t":"Stratovolcano","y":-3350,"e":3482,"c":"Russia","r":"Northwestern Pacific Volcanic Regions","ev":"Eruption Dated"}},{"type":"Feature","geometry":{"type":"Point","coordinates":[160.703,54.974]},"properties":{"v":300210,"n":"Gamchen","t":"Complex","y":-188,"e":2539,"c":"Russia","r":"Northwestern Pacific Volcanic Regions","ev":"Eruption Dated"}},{"type":"Feature","geometry":{"type":"Point","coordinates":[160.725,55.033]},"properties":{"v":300220,"n":"Komarov","t":"Stratovolcano","y":950,"e":2065,"c":"Russia","r":"Northwestern Pacific Volcanic Regions","ev":"Eruption Dated"}},{"type":"Feature","geometry":{"type":"Point","coordinates":[160.765,55.064]},"properties":{"v":300221,"n":"Vysoky","t":"Stratovolcano","y":-550,"e":2129,"c":"Russia","r":"Northwestern Pacific Volcanic Regions","ev":"Eruption Dated"}},{"type":"Feature","geometry":{"type":"Point","coordinates":[160.32,55.131]},"properties":{"v":300230,"n":"Kizimen","t":"Stratovolcano","y":2013,"e":2334,"c":"Russia","r":"Northwestern Pacific Volcanic Regions","ev":"Eruption Observed"}},{"type":"Feature","geometry":{"type":"Point","coordinates":[160.326,55.832]},"properties":{"v":300240,"n":"Tolbachik","t":"Shield","y":2013,"e":3611,"c":"Russia","r":"Northwestern Pacific Volcanic Regions","ev":"Eruption Observed"}},{"type":"Feature","geometry":{"type":"Point","coordinates":[160.527,55.758]},"properties":{"v":300241,"n":"Udina","t":"Stratovolcano(es)","y":null,"e":2886,"c":"Russia","r":"Northwestern Pacific Volcanic Regions","ev":"Evidence Credible"}},{"type":"Feature","geometry":{"type":"Point","coordinates":[160.603,55.862]},"properties":{"v":300242,"n":"Zimina","t":"Stratovolcano(es)","y":null,"e":3057,"c":"Russia","r":"Northwestern Pacific Volcanic Regions","ev":"Evidence Uncertain"}},{"type":"Feature","geometry":{"type":"Point","coordinates":[160.595,55.972]},"properties":{"v":300250,"n":"Bezymianny","t":"Stratovolcano","y":2025,"e":2882,"c":"Russia","r":"Northwestern Pacific Volcanic Regions","ev":"Eruption Observed"}},{"type":"Feature","geometry":{"type":"Point","coordinates":[160.593,56.02]},"properties":{"v":300251,"n":"Kamen","t":"Stratovolcano","y":null,"e":4585,"c":"Russia","r":"Northwestern Pacific Volcanic Regions","ev":"Evidence Credible"}},{"type":"Feature","geometry":{"type":"Point","coordinates":[160.642,56.056]},"properties":{"v":300260,"n":"Klyuchevskoy","t":"Stratovolcano","y":2025,"e":4754,"c":"Russia","r":"Northwestern Pacific Volcanic Regions","ev":"Eruption Observed"}},{"type":"Feature","geometry":{"type":"Point","coordinates":[160.509,56.113]},"properties":{"v":300261,"n":"Ushkovsky","t":"Compound","y":1890,"e":3943,"c":"Russia","r":"Northwestern Pacific Volcanic Regions","ev":"Eruption Observed"}},{"type":"Feature","geometry":{"type":"Point","coordinates":[161.36,56.653]},"properties":{"v":300270,"n":"Sheveluch","t":"Stratovolcano","y":2026,"e":3283,"c":"Russia","r":"Northwestern Pacific Volcanic Regions","ev":"Eruption Observed"}},{"type":"Feature","geometry":{"type":"Point","coordinates":[167.33,55.42]},"properties":{"v":300271,"n":"Piip","t":"Stratovolcano","y":-5050,"e":-300,"c":"Russia","r":"North America Volcanic Regions","ev":"Eruption Dated"}},{"type":"Feature","geometry":{"type":"Point","coordinates":[157.407,54.761]},"properties":{"v":300272,"n":"Khangar","t":"Stratovolcano","y":1500,"e":1967,"c":"Russia","r":"Northwestern Pacific Volcanic Regions","ev":"Eruption Dated"}},{"type":"Feature","geometry":{"type":"Point","coordinates":[157.47,55.55]},"properties":{"v":300273,"n":"Cherpuk Group","t":"Pyroclastic cone(s)","y":-4550,"e":1868,"c":"Russia","r":"Northwestern Pacific Volcanic Regions","ev":"Eruption Dated"}},{"type":"Feature","geometry":{"type":"Point","coordinates":[157.718,55.678]},"properties":{"v":300280,"n":"Ichinsky","t":"Stratovolcano","y":1740,"e":3596,"c":"Russia","r":"Northwestern Pacific Volcanic Regions","ev":"Eruption Observed"}},{"type":"Feature","geometry":{"type":"Point","coordinates":[157.917,56.483]},"properties":{"v":300360,"n":"Bolshoi-Kekuknaysky","t":"Shield(s)","y":-5310,"e":1401,"c":"Russia","r":"Northwestern Pacific Volcanic Regions","ev":"Eruption Dated"}},{"type":"Feature","geometry":{"type":"Point","coordinates":[159.647,56.656]},"properties":{"v":300450,"n":"Alney-Chashakondzha","t":"Stratovolcano","y":1600,"e":2570,"c":"Russia","r":"Northwestern Pacific Volcanic Regions","ev":"Eruption Dated"}},{"type":"Feature","geometry":{"type":"Point","coordinates":[161.09,57.153]},"properties":{"v":300511,"n":"Shisheika","t":"Lava dome","y":-2240,"e":355,"c":"Russia","r":"Northwestern Pacific Volcanic Regions","ev":"Eruption Dated"}},{"type":"Feature","geometry":{"type":"Point","coordinates":[159.83,57.2]},"properties":{"v":300512,"n":"Terpuk","t":"Shield","y":-800,"e":765,"c":"Russia","r":"Northwestern Pacific Volcanic Regions","ev":"Eruption Dated"}},{"type":"Feature","geometry":{"type":"Point","coordinates":[160.067,57.317]},"properties":{"v":300520,"n":"Sedanka Lava Field","t":"Volcanic field","y":-7050,"e":1399,"c":"Russia","r":"Northwestern Pacific Volcanic Regions","ev":"Eruption Dated"}},{"type":"Feature","geometry":{"type":"Point","coordinates":[160.2,57.33]},"properties":{"v":300550,"n":"Gorny Institute","t":"Stratovolcano","y":1250,"e":2125,"c":"Russia","r":"Northwestern Pacific Volcanic Regions","ev":"Eruption Dated"}},{"type":"Feature","geometry":{"type":"Point","coordinates":[160.97,57.35]},"properties":{"v":300551,"n":"Kinenin","t":"Maar","y":850,"e":583,"c":"Russia","r":"Northwestern Pacific Volcanic Regions","ev":"Eruption Dated"}},{"type":"Feature","geometry":{"type":"Point","coordinates":[161.37,57.35]},"properties":{"v":300552,"n":"Bliznetsy","t":"Lava cone","y":-1060,"e":265,"c":"Russia","r":"Northwestern Pacific Volcanic Regions","ev":"Eruption Dated"}},{"type":"Feature","geometry":{"type":"Point","coordinates":[160.108,57.406]},"properties":{"v":300560,"n":"Titila","t":"Shield(s)","y":-550,"e":1523,"c":"Russia","r":"Northwestern Pacific Volcanic Regions","ev":"Eruption Dated"}},{"type":"Feature","geometry":{"type":"Point","coordinates":[160.53,57.55]},"properties":{"v":300590,"n":"Elovsky","t":"Shield(s)","y":-7550,"e":1381,"c":"Russia","r":"Northwestern Pacific Volcanic Regions","ev":"Eruption Dated"}},{"type":"Feature","geometry":{"type":"Point","coordinates":[160.65,57.97]},"properties":{"v":300650,"n":"Nylgimelkin","t":"Shield(s)","y":-3550,"e":1764,"c":"Russia","r":"Northwestern Pacific Volcanic Regions","ev":"Eruption Dated"}},{"type":"Feature","geometry":{"type":"Point","coordinates":[160.82,58.13]},"properties":{"v":300671,"n":"Spokoiny","t":"Stratovolcano","y":-3450,"e":2171,"c":"Russia","r":"Northwestern Pacific Volcanic Regions","ev":"Eruption Dated"}},{"type":"Feature","geometry":{"type":"Point","coordinates":[160.82,58.18]},"properties":{"v":300680,"n":"Ostry","t":"Stratovolcano","y":-2050,"e":2552,"c":"Russia","r":"Northwestern Pacific Volcanic Regions","ev":"Eruption Dated"}},{"type":"Feature","geometry":{"type":"Point","coordinates":[160.87,58.28]},"properties":{"v":300700,"n":"Severny","t":"Shield","y":-1550,"e":1936,"c":"Russia","r":"Northwestern Pacific Volcanic Regions","ev":"Eruption Dated"}},{"type":"Feature","geometry":{"type":"Point","coordinates":[117.77,56.28]},"properties":{"v":302030,"n":"Udokan Plateau","t":"Volcanic field","y":-220,"e":2180,"c":"Russia","r":"Eastern Asia Volcanic Regions","ev":"Eruption Dated"}},{"type":"Feature","geometry":{"type":"Point","coordinates":[99.021,52.713]},"properties":{"v":302060,"n":"Jombolok","t":"Volcanic field","y":737,"e":2047,"c":"Russia","r":"Eastern Asia Volcanic Regions","ev":"Eruption Dated"}},{"type":"Feature","geometry":{"type":"Point","coordinates":[99.95,48.133]},"properties":{"v":303010,"n":"Taryatu-Chulutu","t":"Volcanic field","y":-2980,"e":2326,"c":"Mongolia","r":"Eastern Asia Volcanic Regions","ev":"Eruption Dated"}},{"type":"Feature","geometry":{"type":"Point","coordinates":[101.7982,46.6459]},"properties":{"v":303015,"n":"Khoid Naiman Nuur","t":"Pyroclastic cone","y":null,"e":2532,"c":"Mongolia","r":"Eastern Asia Volcanic Regions","ev":"Evidence Uncertain"}},{"type":"Feature","geometry":{"type":"Point","coordinates":[81.646,35.742]},"properties":{"v":304030,"n":"Ashikule Volcanic Field","t":"Volcanic field","y":1951,"e":5090,"c":"China","r":"Eastern Asia Volcanic Regions","ev":"Eruption Observed"}},{"type":"Feature","geometry":{"type":"Point","coordinates":[113.111,41.59]},"properties":{"v":305010,"n":"Honggeertu","t":"Volcanic field","y":null,"e":1605,"c":"China","r":"Eastern Asia Volcanic Regions","ev":"Evidence Uncertain"}},{"type":"Feature","geometry":{"type":"Point","coordinates":[120.8,47.45]},"properties":{"v":305011,"n":"Arxan-Chaihe","t":"Volcanic field","y":0,"e":1677,"c":"China","r":"Eastern Asia Volcanic Regions","ev":"Eruption Dated"}},{"type":"Feature","geometry":{"type":"Point","coordinates":[125.92,49.37]},"properties":{"v":305020,"n":"Keluo Group","t":"Volcanic field","y":null,"e":670,"c":"China","r":"Eastern Asia Volcanic Regions","ev":"Evidence Credible"}},{"type":"Feature","geometry":{"type":"Point","coordinates":[126.15,48.722]},"properties":{"v":305030,"n":"Wudalianchi","t":"Volcanic field","y":1776,"e":597,"c":"China","r":"Eastern Asia Volcanic Regions","ev":"Eruption Observed"}},{"type":"Feature","geometry":{"type":"Point","coordinates":[128.83,44.08]},"properties":{"v":305040,"n":"Jingpohu","t":"Volcanic field","y":-520,"e":1000,"c":"China","r":"Eastern Asia Volcanic Regions","ev":"Eruption Dated"}},{"type":"Feature","geometry":{"type":"Point","coordinates":[126.5,42.33]},"properties":{"v":305050,"n":"Longgang Group","t":"Volcanic field","y":350,"e":1000,"c":"China","r":"Eastern Asia Volcanic Regions","ev":"Eruption Dated"}},{"type":"Feature","geometry":{"type":"Point","coordinates":[128.08,41.98]},"properties":{"v":305060,"n":"Changbaishan","t":"Stratovolcano","y":1903,"e":2744,"c":"China-North Korea","r":"Eastern Asia Volcanic Regions","ev":"Eruption Observed"}},{"type":"Feature","geometry":{"type":"Point","coordinates":[130.87,37.5]},"properties":{"v":306030,"n":"Ulleungdo","t":"Stratovolcano","y":-2990,"e":984,"c":"South Korea","r":"Eastern Asia Volcanic Regions","ev":"Eruption Dated"}},{"type":"Feature","geometry":{"type":"Point","coordinates":[126.53,33.361]},"properties":{"v":306040,"n":"Halla","t":"Shield","y":1007,"e":1919,"c":"South Korea","r":"Eastern Asia Volcanic Regions","ev":"Eruption Observed"}},{"type":"Feature","geometry":{"type":"Point","coordinates":[175.911,52.35]},"properties":{"v":311010,"n":"Buldir","t":"Stratovolcano","y":null,"e":656,"c":"United States","r":"North America Volcanic Regions","ev":"Evidence Uncertain"}},{"type":"Feature","geometry":{"type":"Point","coordinates":[177.602,52.103]},"properties":{"v":311020,"n":"Kiska","t":"Stratovolcano","y":1990,"e":1220,"c":"United States","r":"North America Volcanic Regions","ev":"Eruption Observed"}},{"type":"Feature","geometry":{"type":"Point","coordinates":[178.136,52.015]},"properties":{"v":311030,"n":"Segula","t":"Stratovolcano","y":null,"e":1160,"c":"United States","r":"North America Volcanic Regions","ev":"Evidence Credible"}},{"type":"Feature","geometry":{"type":"Point","coordinates":[178.33,51.97]},"properties":{"v":311040,"n":"Davidof","t":"Stratovolcano","y":null,"e":328,"c":"United States","r":"North America Volcanic Regions","ev":"Evidence Uncertain"}},{"type":"Feature","geometry":{"type":"Point","coordinates":[178.543,51.95]},"properties":{"v":311050,"n":"Little Sitkin","t":"Stratovolcano","y":1830,"e":1174,"c":"United States","r":"North America Volcanic Regions","ev":"Eruption Observed"}},{"type":"Feature","geometry":{"type":"Point","coordinates":[179.58,51.93]},"properties":{"v":311060,"n":"Semisopochnoi","t":"Stratovolcano","y":2023,"e":1221,"c":"United States","r":"North America Volcanic Regions","ev":"Eruption Observed"}},{"type":"Feature","geometry":{"type":"Point","coordinates":[-178.794,51.79]},"properties":{"v":311070,"n":"Gareloi","t":"Stratovolcano","y":1989,"e":1573,"c":"United States","r":"North America Volcanic Regions","ev":"Eruption Observed"}},{"type":"Feature","geometry":{"type":"Point","coordinates":[-178.146,51.885]},"properties":{"v":311080,"n":"Tanaga","t":"Stratovolcano(es)","y":1914,"e":1806,"c":"United States","r":"North America Volcanic Regions","ev":"Eruption Observed"}},{"type":"Feature","geometry":{"type":"Point","coordinates":[-178.006,51.873]},"properties":{"v":311090,"n":"Takawangha","t":"Stratovolcano","y":1550,"e":1449,"c":"United States","r":"North America Volcanic Regions","ev":"Eruption Dated"}},{"type":"Feature","geometry":{"type":"Point","coordinates":[-177.438,51.91]},"properties":{"v":311100,"n":"Bobrof","t":"Stratovolcano","y":null,"e":738,"c":"United States","r":"North America Volcanic Regions","ev":"Evidence Uncertain"}},{"type":"Feature","geometry":{"type":"Point","coordinates":[-177.168,51.923]},"properties":{"v":311110,"n":"Kanaga","t":"Stratovolcano","y":2023,"e":1307,"c":"United States","r":"North America Volcanic Regions","ev":"Eruption Observed"}},{"type":"Feature","geometry":{"type":"Point","coordinates":[-176.747,51.944]},"properties":{"v":311111,"n":"Moffett","t":"Stratovolcano","y":-1600,"e":1196,"c":"United States","r":"North America Volcanic Regions","ev":"Eruption Dated"}},{"type":"Feature","geometry":{"type":"Point","coordinates":[-176.13,52.076]},"properties":{"v":311120,"n":"Great Sitkin","t":"Stratovolcano","y":2026,"e":1740,"c":"United States","r":"North America Volcanic Regions","ev":"Eruption Observed"}},{"type":"Feature","geometry":{"type":"Point","coordinates":[-175.508,52.177]},"properties":{"v":311130,"n":"Kasatochi","t":"Stratovolcano","y":2008,"e":314,"c":"United States","r":"North America Volcanic Regions","ev":"Eruption Observed"}},{"type":"Feature","geometry":{"type":"Point","coordinates":[-175.13,52.22]},"properties":{"v":311140,"n":"Koniuji","t":"Stratovolcano","y":-1150,"e":273,"c":"United States","r":"North America Volcanic Regions","ev":"Eruption Dated"}},{"type":"Feature","geometry":{"type":"Point","coordinates":[-174.139,52.331]},"properties":{"v":311160,"n":"Atka Volcanic Complex","t":"Stratovolcano(es)","y":2025,"e":1518,"c":"United States","r":"North America Volcanic Regions","ev":"Eruption Observed"}},{"type":"Feature","geometry":{"type":"Point","coordinates":[-172.51,52.315]},"properties":{"v":311180,"n":"Seguam","t":"Stratovolcano(es)","y":1993,"e":1054,"c":"United States","r":"North America Volcanic Regions","ev":"Eruption Observed"}},{"type":"Feature","geometry":{"type":"Point","coordinates":[-171.252,52.5]},"properties":{"v":311190,"n":"Amukta","t":"Stratovolcano","y":1996,"e":1066,"c":"United States","r":"North America Volcanic Regions","ev":"Eruption Observed"}},{"type":"Feature","geometry":{"type":"Point","coordinates":[-171.1383,52.5716]},"properties":{"v":311200,"n":"Chagulak","t":"Stratovolcano","y":null,"e":1028,"c":"United States","r":"North America Volcanic Regions","ev":"Evidence Uncertain"}},{"type":"Feature","geometry":{"type":"Point","coordinates":[-170.6317,52.6394]},"properties":{"v":311210,"n":"Yunaska","t":"Shield","y":1937,"e":550,"c":"United States","r":"North America Volcanic Regions","ev":"Eruption Observed"}},{"type":"Feature","geometry":{"type":"Point","coordinates":[-170.111,52.742]},"properties":{"v":311220,"n":"Herbert","t":"Stratovolcano","y":null,"e":1280,"c":"United States","r":"North America Volcanic Regions","ev":"Evidence Credible"}},{"type":"Feature","geometry":{"type":"Point","coordinates":[-170.054,52.894]},"properties":{"v":311230,"n":"Carlisle","t":"Stratovolcano","y":1828,"e":1620,"c":"United States","r":"North America Volcanic Regions","ev":"Eruption Observed"}},{"type":"Feature","geometry":{"type":"Point","coordinates":[-169.944,52.825]},"properties":{"v":311240,"n":"Cleveland","t":"Stratovolcano","y":2020,"e":1730,"c":"United States","r":"North America Volcanic Regions","ev":"Eruption Observed"}},{"type":"Feature","geometry":{"type":"Point","coordinates":[-169.77,52.83]},"properties":{"v":311241,"n":"Tana","t":"Stratovolcano(es)","y":null,"e":1170,"c":"United States","r":"North America Volcanic Regions","ev":"Evidence Credible"}},{"type":"Feature","geometry":{"type":"Point","coordinates":[-169.77,53.065]},"properties":{"v":311250,"n":"Uliaga","t":"Stratovolcano","y":null,"e":888,"c":"United States","r":"North America Volcanic Regions","ev":"Evidence Credible"}},{"type":"Feature","geometry":{"type":"Point","coordinates":[-169.72,52.974]},"properties":{"v":311260,"n":"Kagamil","t":"Stratovolcano","y":1929,"e":893,"c":"United States","r":"North America Volcanic Regions","ev":"Eruption Observed"}},{"type":"Feature","geometry":{"type":"Point","coordinates":[-168.6875,53.1264]},"properties":{"v":311270,"n":"Vsevidof","t":"Stratovolcano","y":1878,"e":2160,"c":"United States","r":"North America Volcanic Regions","ev":"Eruption Observed"}},{"type":"Feature","geometry":{"type":"Point","coordinates":[-168.539,53.157]},"properties":{"v":311280,"n":"Recheschnoi","t":"Stratovolcano","y":null,"e":1984,"c":"United States","r":"North America Volcanic Regions","ev":"Evidence Credible"}},{"type":"Feature","geometry":{"type":"Point","coordinates":[-168.13,53.43]},"properties":{"v":311290,"n":"Okmok","t":"Shield","y":2008,"e":1073,"c":"United States","r":"North America Volcanic Regions","ev":"Eruption Observed"}},{"type":"Feature","geometry":{"type":"Point","coordinates":[-168.03,53.93]},"properties":{"v":311300,"n":"Bogoslof","t":"Stratovolcano","y":2017,"e":150,"c":"United States","r":"North America Volcanic Regions","ev":"Eruption Observed"}},{"type":"Feature","geometry":{"type":"Point","coordinates":[-166.923,53.891]},"properties":{"v":311310,"n":"Makushin","t":"Stratovolcano","y":1995,"e":1800,"c":"United States","r":"North America Volcanic Regions","ev":"Eruption Observed"}},{"type":"Feature","geometry":{"type":"Point","coordinates":[-165.986,54.134]},"properties":{"v":311320,"n":"Akutan","t":"Stratovolcano","y":1992,"e":1303,"c":"United States","r":"North America Volcanic Regions","ev":"Eruption Observed"}},{"type":"Feature","geometry":{"type":"Point","coordinates":[-164.65,54.516]},"properties":{"v":311340,"n":"Westdahl","t":"Stratovolcano?","y":1992,"e":1563,"c":"United States","r":"North America Volcanic Regions","ev":"Eruption Observed"}},{"type":"Feature","geometry":{"type":"Point","coordinates":[-164.43,54.65]},"properties":{"v":311350,"n":"Fisher","t":"Stratovolcano","y":1830,"e":1112,"c":"United States","r":"North America Volcanic Regions","ev":"Eruption Observed"}},{"type":"Feature","geometry":{"type":"Point","coordinates":[-163.97,54.756]},"properties":{"v":311360,"n":"Shishaldin","t":"Stratovolcano","y":2023,"e":2857,"c":"United States","r":"North America Volcanic Regions","ev":"Eruption Observed"}},{"type":"Feature","geometry":{"type":"Point","coordinates":[-163.589,54.8]},"properties":{"v":311380,"n":"Roundtop","t":"Stratovolcano","y":-7600,"e":1871,"c":"United States","r":"North America Volcanic Regions","ev":"Eruption Dated"}},{"type":"Feature","geometry":{"type":"Point","coordinates":[-163.1472,55.4184]},"properties":{"v":311390,"n":"Amak","t":"Stratovolcano","y":1796,"e":547,"c":"United States","r":"North America Volcanic Regions","ev":"Eruption Observed"}},{"type":"Feature","geometry":{"type":"Point","coordinates":[-162.835,55.067]},"properties":{"v":312010,"n":"Frosty","t":"Stratovolcano(es)","y":null,"e":1728,"c":"United States","r":"North America Volcanic Regions","ev":"Evidence Credible"}},{"type":"Feature","geometry":{"type":"Point","coordinates":[-162.276,55.183]},"properties":{"v":312011,"n":"Dutton","t":"Stratovolcano","y":null,"e":1465,"c":"United States","r":"North America Volcanic Regions","ev":"Evidence Credible"}},{"type":"Feature","geometry":{"type":"Point","coordinates":[-162.0445,55.3519]},"properties":{"v":312020,"n":"Emmons Lake Volcanic Center","t":"Caldera","y":null,"e":1534,"c":"United States","r":"North America Volcanic Regions","ev":"Evidence Credible"}},{"type":"Feature","geometry":{"type":"Point","coordinates":[-161.894,55.417]},"properties":{"v":312030,"n":"Pavlof","t":"Stratovolcano","y":2022,"e":2493,"c":"United States","r":"North America Volcanic Regions","ev":"Eruption Observed"}},{"type":"Feature","geometry":{"type":"Point","coordinates":[-161.854,55.457]},"properties":{"v":312040,"n":"Pavlof Sister","t":"Stratovolcano","y":null,"e":2142,"c":"United States","r":"North America Volcanic Regions","ev":"Evidence Credible"}},{"type":"Feature","geometry":{"type":"Point","coordinates":[-161.214,55.641]},"properties":{"v":312050,"n":"Dana","t":"Stratovolcano","y":-1890,"e":1354,"c":"United States","r":"North America Volcanic Regions","ev":"Eruption Dated"}},{"type":"Feature","geometry":{"type":"Point","coordinates":[-160.017,55.917]},"properties":{"v":312055,"n":"Stepovak Bay Group","t":"Volcanic field","y":null,"e":1633,"c":"United States","r":"North America Volcanic Regions","ev":"Evidence Credible"}},{"type":"Feature","geometry":{"type":"Point","coordinates":[-159.797,56.011]},"properties":{"v":312060,"n":"Kupreanof","t":"Stratovolcano","y":null,"e":1895,"c":"United States","r":"North America Volcanic Regions","ev":"Evidence Uncertain"}},{"type":"Feature","geometry":{"type":"Point","coordinates":[-159.38,56.17]},"properties":{"v":312070,"n":"Veniaminof","t":"Stratovolcano","y":2021,"e":2507,"c":"United States","r":"North America Volcanic Regions","ev":"Eruption Observed"}},{"type":"Feature","geometry":{"type":"Point","coordinates":[-158.785,56.552]},"properties":{"v":312080,"n":"Black Peak","t":"Stratovolcano","y":-1900,"e":1032,"c":"United States","r":"North America Volcanic Regions","ev":"Eruption Dated"}},{"type":"Feature","geometry":{"type":"Point","coordinates":[-158.17,56.88]},"properties":{"v":312090,"n":"Aniakchak","t":"Caldera","y":1931,"e":1341,"c":"United States","r":"North America Volcanic Regions","ev":"Eruption Observed"}},{"type":"Feature","geometry":{"type":"Point","coordinates":[-157.185,57.019]},"properties":{"v":312100,"n":"Yantarni","t":"Stratovolcano","y":-800,"e":1345,"c":"United States","r":"North America Volcanic Regions","ev":"Eruption Dated"}},{"type":"Feature","geometry":{"type":"Point","coordinates":[-156.99,57.135]},"properties":{"v":312110,"n":"Chiginagak","t":"Stratovolcano","y":1998,"e":2221,"c":"United States","r":"North America Volcanic Regions","ev":"Eruption Observed"}},{"type":"Feature","geometry":{"type":"Point","coordinates":[-156.745,57.203]},"properties":{"v":312120,"n":"Kialagvik","t":"Stratovolcano","y":null,"e":1677,"c":"United States","r":"North America Volcanic Regions","ev":"Evidence Credible"}},{"type":"Feature","geometry":{"type":"Point","coordinates":[-156.368,57.751]},"properties":{"v":312130,"n":"Ugashik-Peulik","t":"Stratovolcano","y":1814,"e":1474,"c":"United States","r":"North America Volcanic Regions","ev":"Eruption Observed"}},{"type":"Feature","geometry":{"type":"Point","coordinates":[-156.5203,57.8344]},"properties":{"v":312131,"n":"Ukinrek Maars","t":"Maar(s)","y":1977,"e":91,"c":"United States","r":"North America Volcanic Regions","ev":"Eruption Observed"}},{"type":"Feature","geometry":{"type":"Point","coordinates":[-155.411,57.87]},"properties":{"v":312132,"n":"Alaska Peninsula Arc at 155.4\u00b0W","t":"Lava dome","y":null,"e":402,"c":"United States","r":"North America Volcanic Regions","ev":"Evidence Credible"}},{"type":"Feature","geometry":{"type":"Point","coordinates":[-155.361,58.172]},"properties":{"v":312140,"n":"Martin","t":"Stratovolcano","y":1953,"e":1863,"c":"United States","r":"North America Volcanic Regions","ev":"Eruption Dated"}},{"type":"Feature","geometry":{"type":"Point","coordinates":[-155.253,58.195]},"properties":{"v":312150,"n":"Mageik","t":"Stratovolcano","y":-500,"e":2165,"c":"United States","r":"North America Volcanic Regions","ev":"Eruption Dated"}},{"type":"Feature","geometry":{"type":"Point","coordinates":[-155.1,58.236]},"properties":{"v":312160,"n":"Trident","t":"Stratovolcano","y":1974,"e":1864,"c":"United States","r":"North America Volcanic Regions","ev":"Eruption Observed"}},{"type":"Feature","geometry":{"type":"Point","coordinates":[-154.9533,58.279]},"properties":{"v":312170,"n":"Katmai","t":"Stratovolcano","y":1912,"e":2047,"c":"United States","r":"North America Volcanic Regions","ev":"Eruption Observed"}},{"type":"Feature","geometry":{"type":"Point","coordinates":[-155.1588,58.2655]},"properties":{"v":312180,"n":"Novarupta","t":"Caldera","y":1912,"e":841,"c":"United States","r":"North America Volcanic Regions","ev":"Eruption Observed"}},{"type":"Feature","geometry":{"type":"Point","coordinates":[-155.092,58.354]},"properties":{"v":312190,"n":"Griggs","t":"Stratovolcano","y":-1790,"e":2317,"c":"United States","r":"North America Volcanic Regions","ev":"Eruption Dated"}},{"type":"Feature","geometry":{"type":"Point","coordinates":[-154.682,58.336]},"properties":{"v":312200,"n":"Snowy Mountain","t":"Stratovolcano(es)","y":1710,"e":2162,"c":"United States","r":"North America Volcanic Regions","ev":"Eruption Dated"}},{"type":"Feature","geometry":{"type":"Point","coordinates":[-154.449,58.418]},"properties":{"v":312210,"n":"Denison","t":"Stratovolcano","y":null,"e":2287,"c":"United States","r":"North America Volcanic Regions","ev":"Evidence Uncertain"}},{"type":"Feature","geometry":{"type":"Point","coordinates":[-154.3895,58.4298]},"properties":{"v":312220,"n":"Steller","t":"Stratovolcano","y":null,"e":2279,"c":"United States","r":"North America Volcanic Regions","ev":"Evidence Credible"}},{"type":"Feature","geometry":{"type":"Point","coordinates":[-154.355,58.453]},"properties":{"v":312230,"n":"Kukak","t":"Stratovolcano","y":null,"e":2043,"c":"United States","r":"North America Volcanic Regions","ev":"Unrest / Holocene"}},{"type":"Feature","geometry":{"type":"Point","coordinates":[-154.0245,58.6113]},"properties":{"v":312250,"n":"Kaguyak","t":"Lava dome(s)","y":-3850,"e":901,"c":"United States","r":"North America Volcanic Regions","ev":"Eruption Dated"}},{"type":"Feature","geometry":{"type":"Point","coordinates":[-153.672,58.77]},"properties":{"v":312260,"n":"Fourpeaked","t":"Stratovolcano","y":2006,"e":2105,"c":"United States","r":"North America Volcanic Regions","ev":"Eruption Observed"}},{"type":"Feature","geometry":{"type":"Point","coordinates":[-153.542,58.855]},"properties":{"v":312270,"n":"Douglas","t":"Stratovolcano","y":null,"e":2140,"c":"United States","r":"North America Volcanic Regions","ev":"Evidence Credible"}},{"type":"Feature","geometry":{"type":"Point","coordinates":[-153.435,59.3626]},"properties":{"v":313010,"n":"Augustine","t":"Lava dome(s)","y":2006,"e":1218,"c":"United States","r":"North America Volcanic Regions","ev":"Eruption Observed"}},{"type":"Feature","geometry":{"type":"Point","coordinates":[-153.09,60.032]},"properties":{"v":313020,"n":"Iliamna","t":"Stratovolcano","y":1876,"e":3053,"c":"United States","r":"North America Volcanic Regions","ev":"Eruption Observed"}},{"type":"Feature","geometry":{"type":"Point","coordinates":[-152.742,60.485]},"properties":{"v":313030,"n":"Redoubt","t":"Stratovolcano","y":2009,"e":3108,"c":"United States","r":"North America Volcanic Regions","ev":"Eruption Observed"}},{"type":"Feature","geometry":{"type":"Point","coordinates":[-152.251,61.299]},"properties":{"v":313040,"n":"Spurr","t":"Stratovolcano","y":1992,"e":3374,"c":"United States","r":"North America Volcanic Regions","ev":"Eruption Observed"}},{"type":"Feature","geometry":{"type":"Point","coordinates":[-152.411,61.64]},"properties":{"v":313050,"n":"Hayes","t":"Stratovolcano","y":1200,"e":3034,"c":"United States","r":"North America Volcanic Regions","ev":"Eruption Dated"}},{"type":"Feature","geometry":{"type":"Point","coordinates":[-170.213,57.167]},"properties":{"v":314010,"n":"St. Paul Island","t":"Shield","y":-1280,"e":203,"c":"United States","r":"North America Volcanic Regions","ev":"Eruption Dated"}},{"type":"Feature","geometry":{"type":"Point","coordinates":[-164.47,61.43]},"properties":{"v":314030,"n":"Ingakslugwat Hills","t":"Volcanic field","y":null,"e":190,"c":"United States","r":"North America Volcanic Regions","ev":"Evidence Credible"}},{"type":"Feature","geometry":{"type":"Point","coordinates":[-162.12,63.45]},"properties":{"v":314040,"n":"St. Michael","t":"Volcanic field","y":null,"e":715,"c":"United States","r":"North America Volcanic Regions","ev":"Evidence Credible"}},{"type":"Feature","geometry":{"type":"Point","coordinates":[-163.45,65.517]},"properties":{"v":314060,"n":"Imuruk Lake","t":"Volcanic field","y":300,"e":610,"c":"United States","r":"North America Volcanic Regions","ev":"Eruption Dated"}},{"type":"Feature","geometry":{"type":"Point","coordinates":[-148.4327,64.0616]},"properties":{"v":315001,"n":"Buzzard Creek","t":"Tuff ring(s)","y":-1050,"e":830,"c":"United States","r":"North America Volcanic Regions","ev":"Eruption Dated"}},{"type":"Feature","geometry":{"type":"Point","coordinates":[-144.017,62.006]},"properties":{"v":315020,"n":"Wrangell","t":"Shield","y":1912,"e":4278,"c":"United States","r":"North America Volcanic Regions","ev":"Eruption Observed"}},{"type":"Feature","geometry":{"type":"Point","coordinates":[-141.75,61.38]},"properties":{"v":315030,"n":"Churchill","t":"Stratovolcano","y":847,"e":5005,"c":"United States","r":"North America Volcanic Regions","ev":"Eruption Dated"}},{"type":"Feature","geometry":{"type":"Point","coordinates":[-135.75,57.05]},"properties":{"v":315040,"n":"Edgecumbe","t":"Volcanic field","y":-2080,"e":970,"c":"United States","r":"North America Volcanic Regions","ev":"Eruption Dated"}},{"type":"Feature","geometry":{"type":"Point","coordinates":[-133.1,56.5]},"properties":{"v":315050,"n":"Duncan Canal","t":"Volcanic field","y":null,"e":15,"c":"United States","r":"North America Volcanic Regions","ev":"Evidence Credible"}},{"type":"Feature","geometry":{"type":"Point","coordinates":[-133.3,55.25]},"properties":{"v":315060,"n":"Tlevak Strait-Suemez Island","t":"Volcanic field","y":null,"e":50,"c":"United States","r":"North America Volcanic Regions","ev":"Evidence Credible"}},{"type":"Feature","geometry":{"type":"Point","coordinates":[-131.0,55.35]},"properties":{"v":315070,"n":"Behm Canal-Rudyerd Bay","t":"Volcanic field","y":null,"e":500,"c":"United States","r":"North America Volcanic Regions","ev":"Evidence Uncertain"}},{"type":"Feature","geometry":{"type":"Point","coordinates":[-137.38,62.93]},"properties":{"v":320010,"n":"Fort Selkirk","t":"Volcanic field","y":null,"e":1239,"c":"Canada","r":"North America Volcanic Regions","ev":"Evidence Uncertain"}},{"type":"Feature","geometry":{"type":"Point","coordinates":[-135.42,60.42]},"properties":{"v":320020,"n":"Alligator Lake","t":"Volcanic field","y":null,"e":2217,"c":"Canada","r":"North America Volcanic Regions","ev":"Evidence Credible"}},{"type":"Feature","geometry":{"type":"Point","coordinates":[-133.358,59.708]},"properties":{"v":320030,"n":"Atlin Volcanic Field","t":"Pyroclastic cone(s)","y":null,"e":1880,"c":"Canada","r":"North America Volcanic Regions","ev":"Evidence Credible"}},{"type":"Feature","geometry":{"type":"Point","coordinates":[-130.58,59.37]},"properties":{"v":320031,"n":"Tuya Volcanic Field","t":"Volcanic field","y":null,"e":2123,"c":"Canada","r":"North America Volcanic Regions","ev":"Evidence Credible"}},{"type":"Feature","geometry":{"type":"Point","coordinates":[-131.97,58.6]},"properties":{"v":320040,"n":"Heart Peaks","t":"Shield","y":null,"e":2012,"c":"Canada","r":"North America Volcanic Regions","ev":"Evidence Uncertain"}},{"type":"Feature","geometry":{"type":"Point","coordinates":[-131.35,58.42]},"properties":{"v":320050,"n":"Level Mountain","t":"Shield","y":null,"e":2164,"c":"Canada","r":"North America Volcanic Regions","ev":"Evidence Uncertain"}},{"type":"Feature","geometry":{"type":"Point","coordinates":[-130.63,57.72]},"properties":{"v":320060,"n":"Edziza","t":"Stratovolcano","y":950,"e":2786,"c":"Canada","r":"North America Volcanic Regions","ev":"Eruption Dated"}},{"type":"Feature","geometry":{"type":"Point","coordinates":[-130.68,57.43]},"properties":{"v":320070,"n":"Spectrum Range","t":"Shield","y":null,"e":2430,"c":"Canada","r":"North America Volcanic Regions","ev":"Evidence Credible"}},{"type":"Feature","geometry":{"type":"Point","coordinates":[-131.28,56.78]},"properties":{"v":320080,"n":"Hoodoo Mountain","t":"Pyroclastic cone(s)","y":-7050,"e":1850,"c":"Canada","r":"North America Volcanic Regions","ev":"Eruption Dated"}},{"type":"Feature","geometry":{"type":"Point","coordinates":[-130.75,56.567]},"properties":{"v":320090,"n":"Iskut-Unuk River Cones","t":"Pyroclastic cone(s)","y":1800,"e":1880,"c":"Canada","r":"North America Volcanic Regions","ev":"Eruption Dated"}},{"type":"Feature","geometry":{"type":"Point","coordinates":[-128.8991,55.1109]},"properties":{"v":320100,"n":"Tseax River Cone","t":"Pyroclastic cone","y":1690,"e":612,"c":"Canada","r":"North America Volcanic Regions","ev":"Eruption Dated"}},{"type":"Feature","geometry":{"type":"Point","coordinates":[-130.23,54.7]},"properties":{"v":320110,"n":"Crow Lagoon","t":"Pyroclastic cone","y":null,"e":335,"c":"Canada","r":"North America Volcanic Regions","ev":"Evidence Credible"}},{"type":"Feature","geometry":{"type":"Point","coordinates":[-128.723,52.498]},"properties":{"v":320120,"n":"Milbanke Sound Group","t":"Pyroclastic cone(s)","y":null,"e":233,"c":"Canada","r":"North America Volcanic Regions","ev":"Evidence Credible"}},{"type":"Feature","geometry":{"type":"Point","coordinates":[-123.732,52.928]},"properties":{"v":320140,"n":"Nazko","t":"Pyroclastic cone(s)","y":-5220,"e":1238,"c":"Canada","r":"North America Volcanic Regions","ev":"Eruption Dated"}},{"type":"Feature","geometry":{"type":"Point","coordinates":[-120.1125,52.0306]},"properties":{"v":320150,"n":"Wells Gray-Clearwater","t":"Volcanic field","y":1550,"e":950,"c":"Canada","r":"North America Volcanic Regions","ev":"Eruption Dated"}},{"type":"Feature","geometry":{"type":"Point","coordinates":[-126.1133,51.5179]},"properties":{"v":320160,"n":"Silverthrone","t":"Caldera","y":null,"e":2860,"c":"Canada","r":"North America Volcanic Regions","ev":"Evidence Credible"}},{"type":"Feature","geometry":{"type":"Point","coordinates":[-123.4,50.8]},"properties":{"v":320170,"n":"Bridge River Cones","t":"Volcanic field","y":null,"e":2500,"c":"Canada","r":"North America Volcanic Regions","ev":"Evidence Credible"}},{"type":"Feature","geometry":{"type":"Point","coordinates":[-123.5,50.63]},"properties":{"v":320180,"n":"Meager","t":"Complex","y":-410,"e":2680,"c":"Canada","r":"North America Volcanic Regions","ev":"Eruption Dated"}},{"type":"Feature","geometry":{"type":"Point","coordinates":[-123.0,49.933]},"properties":{"v":320190,"n":"Garibaldi Lake","t":"Volcanic field","y":null,"e":2316,"c":"Canada","r":"North America Volcanic Regions","ev":"Evidence Credible"}},{"type":"Feature","geometry":{"type":"Point","coordinates":[-123.0,49.85]},"properties":{"v":320200,"n":"Garibaldi","t":"Stratovolcano","y":-8060,"e":2678,"c":"Canada","r":"North America Volcanic Regions","ev":"Eruption Dated"}},{"type":"Feature","geometry":{"type":"Point","coordinates":[-123.28,50.12]},"properties":{"v":320811,"n":"Cayley Volcanic Field","t":"Volcanic field","y":null,"e":2375,"c":"Canada","r":"North America Volcanic Regions","ev":"Evidence Credible"}},{"type":"Feature","geometry":{"type":"Point","coordinates":[-121.813,48.777]},"properties":{"v":321010,"n":"Baker","t":"Stratovolcano(es)","y":1880,"e":3285,"c":"United States","r":"North America Volcanic Regions","ev":"Eruption Observed"}},{"type":"Feature","geometry":{"type":"Point","coordinates":[-121.113,48.112]},"properties":{"v":321020,"n":"Glacier Peak","t":"Stratovolcano","y":1700,"e":3213,"c":"United States","r":"North America Volcanic Regions","ev":"Eruption Dated"}},{"type":"Feature","geometry":{"type":"Point","coordinates":[-121.76,46.853]},"properties":{"v":321030,"n":"Rainier","t":"Stratovolcano","y":1450,"e":4392,"c":"United States","r":"North America Volcanic Regions","ev":"Eruption Dated"}},{"type":"Feature","geometry":{"type":"Point","coordinates":[-121.49,46.206]},"properties":{"v":321040,"n":"Adams","t":"Stratovolcano","y":950,"e":3742,"c":"United States","r":"North America Volcanic Regions","ev":"Eruption Dated"}},{"type":"Feature","geometry":{"type":"Point","coordinates":[-122.18,46.2]},"properties":{"v":321050,"n":"St. Helens","t":"Stratovolcano","y":2008,"e":2549,"c":"United States","r":"North America Volcanic Regions","ev":"Eruption Observed"}},{"type":"Feature","geometry":{"type":"Point","coordinates":[-122.08,45.88]},"properties":{"v":321060,"n":"West Crater","t":"Volcanic field","y":-5750,"e":1329,"c":"United States","r":"North America Volcanic Regions","ev":"Eruption Dated"}},{"type":"Feature","geometry":{"type":"Point","coordinates":[-121.82,45.93]},"properties":{"v":321070,"n":"Indian Heaven","t":"Volcanic field","y":-6250,"e":1806,"c":"United States","r":"North America Volcanic Regions","ev":"Eruption Dated"}},{"type":"Feature","geometry":{"type":"Point","coordinates":[-121.695,45.374]},"properties":{"v":322010,"n":"Hood","t":"Stratovolcano","y":1866,"e":3426,"c":"United States","r":"North America Volcanic Regions","ev":"Eruption Observed"}},{"type":"Feature","geometry":{"type":"Point","coordinates":[-121.8,44.674]},"properties":{"v":322020,"n":"Jefferson","t":"Stratovolcano","y":950,"e":3199,"c":"United States","r":"North America Volcanic Regions","ev":"Eruption Dated"}},{"type":"Feature","geometry":{"type":"Point","coordinates":[-121.7686,44.4125]},"properties":{"v":322030,"n":"Blue Lake Crater","t":"Maar","y":680,"e":1136,"c":"United States","r":"North America Volcanic Regions","ev":"Eruption Dated"}},{"type":"Feature","geometry":{"type":"Point","coordinates":[-121.93,44.38]},"properties":{"v":322040,"n":"Sand Mountain Field","t":"Volcanic field","y":-950,"e":1664,"c":"United States","r":"North America Volcanic Regions","ev":"Eruption Dated"}},{"type":"Feature","geometry":{"type":"Point","coordinates":[-121.8423,44.285]},"properties":{"v":322060,"n":"Belknap","t":"Shield(s)","y":475,"e":2094,"c":"United States","r":"North America Volcanic Regions","ev":"Eruption Dated"}},{"type":"Feature","geometry":{"type":"Point","coordinates":[-121.767,44.133]},"properties":{"v":322070,"n":"Three Sisters","t":"Complex","y":439,"e":3159,"c":"United States","r":"North America Volcanic Regions","ev":"Eruption Dated"}},{"type":"Feature","geometry":{"type":"Point","coordinates":[-121.688,43.979]},"properties":{"v":322090,"n":"Bachelor","t":"Stratovolcano","y":-5800,"e":2763,"c":"United States","r":"North America Volcanic Regions","ev":"Eruption Dated"}},{"type":"Feature","geometry":{"type":"Point","coordinates":[-121.82,43.57]},"properties":{"v":322100,"n":"Davis Lake","t":"Volcanic field","y":-2790,"e":2163,"c":"United States","r":"North America Volcanic Regions","ev":"Eruption Dated"}},{"type":"Feature","geometry":{"type":"Point","coordinates":[-121.229,43.722]},"properties":{"v":322110,"n":"Newberry","t":"Shield","y":690,"e":2434,"c":"United States","r":"North America Volcanic Regions","ev":"Eruption Dated"}},{"type":"Feature","geometry":{"type":"Point","coordinates":[-120.861,43.512]},"properties":{"v":322120,"n":"Devils Garden","t":"Volcanic field","y":null,"e":1698,"c":"United States","r":"North America Volcanic Regions","ev":"Evidence Uncertain"}},{"type":"Feature","geometry":{"type":"Point","coordinates":[-122.1111,43.2411]},"properties":{"v":322150,"n":"Cinnamon Butte","t":"Pyroclastic cone(s)","y":null,"e":1958,"c":"United States","r":"North America Volcanic Regions","ev":"Evidence Uncertain"}},{"type":"Feature","geometry":{"type":"Point","coordinates":[-122.107,42.942]},"properties":{"v":322160,"n":"Crater Lake","t":"Caldera","y":-2850,"e":2487,"c":"United States","r":"North America Volcanic Regions","ev":"Eruption Dated"}},{"type":"Feature","geometry":{"type":"Point","coordinates":[-118.75,43.1]},"properties":{"v":322170,"n":"Diamond Craters","t":"Volcanic field","y":-5610,"e":1435,"c":"United States","r":"North America Volcanic Regions","ev":"Eruption Dated"}},{"type":"Feature","geometry":{"type":"Point","coordinates":[-117.46,43.147]},"properties":{"v":322190,"n":"Jordan Craters","t":"Volcanic field","y":-1250,"e":1473,"c":"United States","r":"North America Volcanic Regions","ev":"Eruption Dated"}},{"type":"Feature","geometry":{"type":"Point","coordinates":[-122.193,41.409]},"properties":{"v":323010,"n":"Shasta","t":"Stratovolcano","y":1250,"e":4317,"c":"United States","r":"North America Volcanic Regions","ev":"Eruption Observed"}},{"type":"Feature","geometry":{"type":"Point","coordinates":[-121.554,41.611]},"properties":{"v":323020,"n":"Medicine Lake","t":"Shield","y":1060,"e":2412,"c":"United States","r":"North America Volcanic Regions","ev":"Eruption Dated"}},{"type":"Feature","geometry":{"type":"Point","coordinates":[-121.508,40.492]},"properties":{"v":323080,"n":"Lassen Volcanic Center","t":"Stratovolcano","y":1917,"e":3187,"c":"United States","r":"North America Volcanic Regions","ev":"Eruption Observed"}},{"type":"Feature","geometry":{"type":"Point","coordinates":[-122.77,38.97]},"properties":{"v":323100,"n":"Clear Lake Volcanic Field","t":"Volcanic field","y":null,"e":1439,"c":"United States","r":"North America Volcanic Regions","ev":"Evidence Credible"}},{"type":"Feature","geometry":{"type":"Point","coordinates":[-119.03,38.0]},"properties":{"v":323110,"n":"Mono Lake Volcanic Field","t":"Volcanic field","y":1790,"e":2121,"c":"United States","r":"North America Volcanic Regions","ev":"Eruption Dated"}},{"type":"Feature","geometry":{"type":"Point","coordinates":[-119.029,37.804]},"properties":{"v":323120,"n":"Mono-Inyo Craters","t":"Lava dome(s)","y":1380,"e":2796,"c":"United States","r":"North America Volcanic Regions","ev":"Eruption Dated"}},{"type":"Feature","geometry":{"type":"Point","coordinates":[-119.032,37.631]},"properties":{"v":323150,"n":"Mammoth Mountain","t":"Lava dome(s)","y":1260,"e":3369,"c":"United States","r":"North America Volcanic Regions","ev":"Eruption Dated"}},{"type":"Feature","geometry":{"type":"Point","coordinates":[-117.45,37.02]},"properties":{"v":323160,"n":"Ubehebe Craters","t":"Maar(s)","y":-150,"e":752,"c":"United States","r":"North America Volcanic Regions","ev":"Eruption Dated"}},{"type":"Feature","geometry":{"type":"Point","coordinates":[-115.616,33.197]},"properties":{"v":323200,"n":"Salton Buttes","t":"Lava dome(s)","y":210,"e":-40,"c":"United States","r":"Eastern Pacific Volcanic Regions","ev":"Eruption Dated"}},{"type":"Feature","geometry":{"type":"Point","coordinates":[-114.3542,43.185]},"properties":{"v":324010,"n":"Black Butte Crater Lava Field","t":"Shield","y":-8180,"e":1478,"c":"United States","r":"North America Volcanic Regions","ev":"Eruption Dated"}},{"type":"Feature","geometry":{"type":"Point","coordinates":[-113.493,43.371]},"properties":{"v":324020,"n":"Craters of the Moon","t":"Volcanic field","y":-130,"e":2005,"c":"United States","r":"North America Volcanic Regions","ev":"Eruption Dated"}},{"type":"Feature","geometry":{"type":"Point","coordinates":[-113.2166,42.8859]},"properties":{"v":324030,"n":"Wapi Lava Field","t":"Shield","y":-300,"e":1597,"c":"United States","r":"North America Volcanic Regions","ev":"Eruption Dated"}},{"type":"Feature","geometry":{"type":"Point","coordinates":[-112.4503,43.492]},"properties":{"v":324040,"n":"Hell's Half Acre","t":"Shield","y":-3250,"e":1632,"c":"United States","r":"North America Volcanic Regions","ev":"Eruption Dated"}},{"type":"Feature","geometry":{"type":"Point","coordinates":[-118.8778,39.525]},"properties":{"v":326010,"n":"Soda Lakes","t":"Maar(s)","y":null,"e":1251,"c":"United States","r":"North America Volcanic Regions","ev":"Evidence Credible"}},{"type":"Feature","geometry":{"type":"Point","coordinates":[-112.67,37.58]},"properties":{"v":327040,"n":"Markagunt Plateau","t":"Volcanic field","y":1050,"e":2840,"c":"United States","r":"North America Volcanic Regions","ev":"Evidence Credible"}},{"type":"Feature","geometry":{"type":"Point","coordinates":[-112.5,38.97]},"properties":{"v":327050,"n":"Black Rock Desert","t":"Volcanic field","y":1290,"e":1800,"c":"United States","r":"North America Volcanic Regions","ev":"Eruption Dated"}},{"type":"Feature","geometry":{"type":"Point","coordinates":[-105.93,33.78]},"properties":{"v":327110,"n":"Carrizozo","t":"Pyroclastic cone(s)","y":-3250,"e":1731,"c":"United States","r":"North America Volcanic Regions","ev":"Eruption Dated"}},{"type":"Feature","geometry":{"type":"Point","coordinates":[-108.0,34.8]},"properties":{"v":327120,"n":"Zuni-Bandera","t":"Volcanic field","y":-1170,"e":2550,"c":"United States","r":"North America Volcanic Regions","ev":"Eruption Dated"}},{"type":"Feature","geometry":{"type":"Point","coordinates":[-108.83,34.25]},"properties":{"v":327812,"n":"Red Hill-Quemado","t":"Volcanic field","y":-9450,"e":2300,"c":"United States","r":"North America Volcanic Regions","ev":"Eruption Dated"}},{"type":"Feature","geometry":{"type":"Point","coordinates":[-107.0355,39.6613]},"properties":{"v":328010,"n":"Dotsero","t":"Maar","y":-2200,"e":2230,"c":"United States","r":"North America Volcanic Regions","ev":"Eruption Dated"}},{"type":"Feature","geometry":{"type":"Point","coordinates":[-113.13,36.38]},"properties":{"v":329010,"n":"Uinkaret Field","t":"Volcanic field","y":1100,"e":1555,"c":"United States","r":"North America Volcanic Regions","ev":"Eruption Dated"}},{"type":"Feature","geometry":{"type":"Point","coordinates":[-111.678,35.347]},"properties":{"v":329020,"n":"San Francisco Volcanic Field","t":"Volcanic field","y":1075,"e":3850,"c":"United States","r":"North America Volcanic Regions","ev":"Eruption Dated"}},{"type":"Feature","geometry":{"type":"Point","coordinates":[-128.64,48.78]},"properties":{"v":331005,"n":"West Valley Segment","t":"Fissure vent","y":null,"e":-2550,"c":"Canada","r":"Eastern Pacific Volcanic Regions","ev":"Unrest / Holocene"}},{"type":"Feature","geometry":{"type":"Point","coordinates":[-129.1,47.95]},"properties":{"v":331010,"n":"Endeavour Segment","t":"Fissure vent(s)","y":-3490,"e":-2050,"c":"Canada","r":"Eastern Pacific Volcanic Regions","ev":"Eruption Dated"}},{"type":"Feature","geometry":{"type":"Point","coordinates":[-129.33,46.88]},"properties":{"v":331011,"n":"Cobb Segment","t":"Fissure vent(s)","y":-1180,"e":-2100,"c":"Canada","r":"Eastern Pacific Volcanic Regions","ev":"Eruption Dated"}},{"type":"Feature","geometry":{"type":"Point","coordinates":[-129.58,46.52]},"properties":{"v":331020,"n":"CoAxial Segment","t":"Fissure vent(s)","y":1993,"e":-2400,"c":"Undersea Features","r":"Eastern Pacific Volcanic Regions","ev":"Eruption Observed"}},{"type":"Feature","geometry":{"type":"Point","coordinates":[-130.0,45.95]},"properties":{"v":331021,"n":"Axial Seamount","t":"Fissure vent(s)","y":2015,"e":-1410,"c":"Undersea Features","r":"Eastern Pacific Volcanic Regions","ev":"Eruption Observed"}},{"type":"Feature","geometry":{"type":"Point","coordinates":[-130.3,44.83]},"properties":{"v":331030,"n":"Cleft Segment","t":"Fissure vent(s)","y":1986,"e":-2140,"c":"Undersea Features","r":"Eastern Pacific Volcanic Regions","ev":"Eruption Observed"}},{"type":"Feature","geometry":{"type":"Point","coordinates":[-126.78,42.67]},"properties":{"v":331031,"n":"North Gorda Ridge Segment","t":"Fissure vent(s)","y":1996,"e":-3000,"c":"United States","r":"Eastern Pacific Volcanic Regions","ev":"Eruption Observed"}},{"type":"Feature","geometry":{"type":"Point","coordinates":[-127.05,42.15]},"properties":{"v":331032,"n":"Jackson Segment","t":"Fissure vent(s)","y":null,"e":-3100,"c":"United States","r":"Eastern Pacific Volcanic Regions","ev":"Unrest / Holocene"}},{"type":"Feature","geometry":{"type":"Point","coordinates":[-127.5,40.98]},"properties":{"v":331040,"n":"Escanaba Segment","t":"Fissure vent(s)","y":-2260,"e":-1700,"c":"United States","r":"Eastern Pacific Volcanic Regions","ev":"Eruption Dated"}},{"type":"Feature","geometry":{"type":"Point","coordinates":[-129.879,44.267]},"properties":{"v":331060,"n":"East Blanco Depression","t":"Fissure vent","y":null,"e":-3000,"c":"Undersea Features","r":"Eastern Pacific Volcanic Regions","ev":"Unrest / Holocene"}},{"type":"Feature","geometry":{"type":"Point","coordinates":[-155.27,18.92]},"properties":{"v":332000,"n":"Kamaehuakanaloa","t":"Shield","y":1996,"e":-975,"c":"United States","r":"Eastern Pacific Volcanic Regions","ev":"Eruption Observed"}},{"type":"Feature","geometry":{"type":"Point","coordinates":[-155.287,19.421]},"properties":{"v":332010,"n":"Kilauea","t":"Shield","y":2026,"e":1222,"c":"United States","r":"Eastern Pacific Volcanic Regions","ev":"Eruption Observed"}},{"type":"Feature","geometry":{"type":"Point","coordinates":[-155.608,19.475]},"properties":{"v":332020,"n":"Mauna Loa","t":"Shield","y":2022,"e":4170,"c":"United States","r":"Eastern Pacific Volcanic Regions","ev":"Eruption Observed"}},{"type":"Feature","geometry":{"type":"Point","coordinates":[-155.47,19.82]},"properties":{"v":332030,"n":"Mauna Kea","t":"Shield","y":-2460,"e":4205,"c":"United States","r":"Eastern Pacific Volcanic Regions","ev":"Eruption Dated"}},{"type":"Feature","geometry":{"type":"Point","coordinates":[-155.87,19.692]},"properties":{"v":332040,"n":"Hualalai","t":"Shield","y":1801,"e":2523,"c":"United States","r":"Eastern Pacific Volcanic Regions","ev":"Eruption Observed"}},{"type":"Feature","geometry":{"type":"Point","coordinates":[-156.2537,20.7099]},"properties":{"v":332060,"n":"Haleakala","t":"Shield","y":1750,"e":3053,"c":"United States","r":"Eastern Pacific Volcanic Regions","ev":"Eruption Dated"}},{"type":"Feature","geometry":{"type":"Point","coordinates":[-148.821,-17.564]},"properties":{"v":333010,"n":"Teahitia","t":"Compound","y":1985,"e":-1743,"c":"France","r":"Southern Pacific Volcanic Regions","ev":"Eruption Dated"}},{"type":"Feature","geometry":{"type":"Point","coordinates":[-148.586,-17.662]},"properties":{"v":333020,"n":"Rocard","t":"Cone","y":1972,"e":-2515,"c":"France","r":"Southern Pacific Volcanic Regions","ev":"Eruption Dated"}},{"type":"Feature","geometry":{"type":"Point","coordinates":[-148.525,-18.325]},"properties":{"v":333030,"n":"Moua Pihaa","t":"Stratovolcano","y":1970,"e":-312,"c":"France","r":"Southern Pacific Volcanic Regions","ev":"Eruption Dated"}},{"type":"Feature","geometry":{"type":"Point","coordinates":[-148.068,-17.874]},"properties":{"v":333040,"n":"Mehetia","t":"Stratovolcano","y":null,"e":389,"c":"France","r":"Southern Pacific Volcanic Regions","ev":"Evidence Credible"}},{"type":"Feature","geometry":{"type":"Point","coordinates":[-129.27,-25.37]},"properties":{"v":333050,"n":"Adams Seamount","t":"Lava dome","y":-50,"e":-39,"c":"United Kingdom","r":"Southern Pacific Volcanic Regions","ev":"Eruption Dated"}},{"type":"Feature","geometry":{"type":"Point","coordinates":[-140.25,-28.98]},"properties":{"v":333060,"n":"Macdonald","t":"Shield","y":1989,"e":-39,"c":"France","r":"Southern Pacific Volcanic Regions","ev":"Eruption Observed"}},{"type":"Feature","geometry":{"type":"Point","coordinates":[-105.32,16.55]},"properties":{"v":334020,"n":"Northern EPR at 17\u00b0N","t":"Fissure vent(s)","y":-50,"e":-2700,"c":"Mexico","r":"Eastern Pacific Volcanic Regions","ev":"Eruption Dated"}},{"type":"Feature","geometry":{"type":"Point","coordinates":[-105.43,15.83]},"properties":{"v":334021,"n":"Northern EPR at 16\u00b0N","t":"Fissure vent(s)","y":-50,"e":-2300,"c":"Mexico","r":"Eastern Pacific Volcanic Regions","ev":"Eruption Dated"}},{"type":"Feature","geometry":{"type":"Point","coordinates":[-103.58,10.73]},"properties":{"v":334040,"n":"Northern EPR at 10.7\u00b0N","t":"Fissure vent(s)","y":2003,"e":-2900,"c":"Undersea Features","r":"Eastern Pacific Volcanic Regions","ev":"Eruption Observed"}},{"type":"Feature","geometry":{"type":"Point","coordinates":[-104.3,9.83]},"properties":{"v":334050,"n":"Northern EPR at 9.8\u00b0N","t":"Fissure vent(s)","y":2025,"e":-2500,"c":"Undersea Features","r":"Eastern Pacific Volcanic Regions","ev":"Eruption Observed"}},{"type":"Feature","geometry":{"type":"Point","coordinates":[-86.15,0.792]},"properties":{"v":334070,"n":"Galapagos Rift at 86\u00b0W","t":"Fissure vent(s)","y":1996,"e":-2430,"c":"Ecuador","r":"Eastern Pacific Volcanic Regions","ev":"Eruption Observed"}},{"type":"Feature","geometry":{"type":"Point","coordinates":[-107.95,-8.27]},"properties":{"v":334100,"n":"Southern EPR at 8\u00b0S","t":"Fissure vent(s)","y":1969,"e":-2800,"c":"Undersea Features","r":"Southern Pacific Volcanic Regions","ev":"Eruption Observed"}},{"type":"Feature","geometry":{"type":"Point","coordinates":[-113.206,-17.436]},"properties":{"v":334120,"n":"Southern EPR at 17.5\u00b0S (Segment K)","t":"Fissure vent(s)","y":1990,"e":-2566,"c":"Undersea Features","r":"Southern Pacific Volcanic Regions","ev":"Eruption Observed"}},{"type":"Feature","geometry":{"type":"Point","coordinates":[-113.35,-18.175]},"properties":{"v":334130,"n":"Southern EPR at 18.2\u00b0S (Segment J)","t":"Fissure vent(s)","y":1890,"e":-2650,"c":"Undersea Features","r":"Southern Pacific Volcanic Regions","ev":"Eruption Dated"}},{"type":"Feature","geometry":{"type":"Point","coordinates":[-113.42,-18.53]},"properties":{"v":334140,"n":"Southern EPR at 18.5\u00b0S (Segment I)","t":"Fissure vent(s)","y":1915,"e":-2600,"c":"Undersea Features","r":"Southern Pacific Volcanic Regions","ev":"Eruption Dated"}},{"type":"Feature","geometry":{"type":"Point","coordinates":[-139.845,-53.998]},"properties":{"v":335020,"n":"Hollister Ridge","t":"Fissure vent","y":null,"e":-1000,"c":"Undersea Features","r":"Southern Pacific Volcanic Regions","ev":"Evidence Uncertain"}},{"type":"Feature","geometry":{"type":"Point","coordinates":[-143.373,-56.153]},"properties":{"v":335030,"n":"Udintsev Transform","t":"Fissure vent","y":null,"e":-5700,"c":"Undersea Features","r":"Southern Pacific Volcanic Regions","ev":"Evidence Uncertain"}},{"type":"Feature","geometry":{"type":"Point","coordinates":[-113.5,31.85]},"properties":{"v":341001,"n":"Pinacate","t":"Volcanic field","y":null,"e":1183,"c":"Mexico","r":"North America Volcanic Regions","ev":"Evidence Credible"}},{"type":"Feature","geometry":{"type":"Point","coordinates":[-114.4082,29.9728]},"properties":{"v":341003,"n":"San Luis, Isla","t":"Tuff cone","y":-1141,"e":183,"c":"Mexico","r":"Eastern Pacific Volcanic Regions","ev":"Evidence Credible"}},{"type":"Feature","geometry":{"type":"Point","coordinates":[-114.5,29.33]},"properties":{"v":341004,"n":"Jaraguay Volcanic Field","t":"Volcanic field","y":null,"e":960,"c":"Mexico","r":"Eastern Pacific Volcanic Regions","ev":"Evidence Credible"}},{"type":"Feature","geometry":{"type":"Point","coordinates":[-113.75,28.5]},"properties":{"v":341007,"n":"San Borja Volcanic Field","t":"Volcanic field","y":null,"e":1360,"c":"Mexico","r":"Eastern Pacific Volcanic Regions","ev":"Evidence Credible"}},{"type":"Feature","geometry":{"type":"Point","coordinates":[-111.881,27.438]},"properties":{"v":341011,"n":"Tortuga, Isla","t":"Shield","y":null,"e":224,"c":"Mexico","r":"Eastern Pacific Volcanic Regions","ev":"Evidence Credible"}},{"type":"Feature","geometry":{"type":"Point","coordinates":[-111.92,26.0]},"properties":{"v":341012,"n":"Comondu-La Purisima","t":"Volcanic field","y":null,"e":780,"c":"Mexico","r":"Eastern Pacific Volcanic Regions","ev":"Evidence Uncertain"}},{"type":"Feature","geometry":{"type":"Point","coordinates":[-110.82,19.3]},"properties":{"v":341020,"n":"Barcena","t":"Pyroclastic cone(s)","y":1953,"e":332,"c":"Mexico","r":"Eastern Pacific Volcanic Regions","ev":"Eruption Observed"}},{"type":"Feature","geometry":{"type":"Point","coordinates":[-110.95,18.78]},"properties":{"v":341021,"n":"Socorro","t":"Shield","y":1994,"e":1050,"c":"Mexico","r":"Eastern Pacific Volcanic Regions","ev":"Eruption Observed"}},{"type":"Feature","geometry":{"type":"Point","coordinates":[-104.45,24.15]},"properties":{"v":341022,"n":"Durango Volcanic Field","t":"Volcanic field","y":null,"e":2075,"c":"Mexico","r":"North America Volcanic Regions","ev":"Evidence Credible"}},{"type":"Feature","geometry":{"type":"Point","coordinates":[-104.73,21.45]},"properties":{"v":341024,"n":"Sanganguey","t":"Stratovolcano","y":null,"e":2340,"c":"Mexico","r":"Middle America-Caribbean Volcanic Regions","ev":"Evidence Credible"}},{"type":"Feature","geometry":{"type":"Point","coordinates":[-104.508,21.125]},"properties":{"v":341030,"n":"Ceboruco","t":"Stratovolcano","y":1875,"e":2280,"c":"Mexico","r":"Middle America-Caribbean Volcanic Regions","ev":"Eruption Observed"}},{"type":"Feature","geometry":{"type":"Point","coordinates":[-104.817,20.567]},"properties":{"v":341031,"n":"Mascota Volcanic Field","t":"Volcanic field","y":null,"e":2525,"c":"Mexico","r":"Middle America-Caribbean Volcanic Regions","ev":"Evidence Credible"}},{"type":"Feature","geometry":{"type":"Point","coordinates":[-103.62,19.514]},"properties":{"v":341040,"n":"Colima","t":"Stratovolcano(es)","y":2019,"e":3850,"c":"Mexico","r":"Middle America-Caribbean Volcanic Regions","ev":"Eruption Observed"}},{"type":"Feature","geometry":{"type":"Point","coordinates":[-101.75,19.85]},"properties":{"v":341060,"n":"Michoacan-Guanajuato","t":"Volcanic field","y":1952,"e":3860,"c":"Mexico","r":"Middle America-Caribbean Volcanic Regions","ev":"Eruption Observed"}},{"type":"Feature","geometry":{"type":"Point","coordinates":[-100.25,19.4]},"properties":{"v":341061,"n":"Zitacuaro-Valle de Bravo","t":"Volcanic field","y":-3050,"e":3500,"c":"Mexico","r":"Middle America-Caribbean Volcanic Regions","ev":"Eruption Dated"}},{"type":"Feature","geometry":{"type":"Point","coordinates":[-99.7579,19.7383]},"properties":{"v":341062,"n":"Jocotitlan","t":"Stratovolcano","y":1270,"e":3911,"c":"Mexico","r":"Middle America-Caribbean Volcanic Regions","ev":"Eruption Dated"}},{"type":"Feature","geometry":{"type":"Point","coordinates":[-99.758,19.108]},"properties":{"v":341070,"n":"Toluca, Nevado de","t":"Stratovolcano","y":-1350,"e":4680,"c":"Mexico","r":"Middle America-Caribbean Volcanic Regions","ev":"Eruption Dated"}},{"type":"Feature","geometry":{"type":"Point","coordinates":[-99.16,19.139]},"properties":{"v":341080,"n":"Chichinautzin","t":"Volcanic field","y":399,"e":3938,"c":"Mexico","r":"Middle America-Caribbean Volcanic Regions","ev":"Eruption Dated"}},{"type":"Feature","geometry":{"type":"Point","coordinates":[-98.642,19.179]},"properties":{"v":341082,"n":"Iztaccihuatl","t":"Stratovolcano","y":null,"e":5230,"c":"Mexico","r":"Middle America-Caribbean Volcanic Regions","ev":"Evidence Credible"}},{"type":"Feature","geometry":{"type":"Point","coordinates":[-98.622,19.023]},"properties":{"v":341090,"n":"Popocatepetl","t":"Stratovolcano(es)","y":2026,"e":5393,"c":"Mexico","r":"Middle America-Caribbean Volcanic Regions","ev":"Eruption Observed"}},{"type":"Feature","geometry":{"type":"Point","coordinates":[-98.032,19.231]},"properties":{"v":341091,"n":"Malinche, La","t":"Stratovolcano","y":-1170,"e":4461,"c":"Mexico","r":"Middle America-Caribbean Volcanic Regions","ev":"Eruption Dated"}},{"type":"Feature","geometry":{"type":"Point","coordinates":[-97.47,19.27]},"properties":{"v":341092,"n":"Serdan-Oriental Volcanic Field","t":"Volcanic field","y":-3920,"e":3485,"c":"Mexico","r":"Middle America-Caribbean Volcanic Regions","ev":"Eruption Dated"}},{"type":"Feature","geometry":{"type":"Point","coordinates":[-97.45,19.68]},"properties":{"v":341093,"n":"Humeros, Los","t":"Caldera(s)","y":-4470,"e":3150,"c":"Mexico","r":"Middle America-Caribbean Volcanic Regions","ev":"Eruption Dated"}},{"type":"Feature","geometry":{"type":"Point","coordinates":[-96.91,19.635]},"properties":{"v":341095,"n":"Naolinco Volcanic Field","t":"Volcanic field","y":1145,"e":2000,"c":"Mexico","r":"Middle America-Caribbean Volcanic Regions","ev":"Eruption Dated"}},{"type":"Feature","geometry":{"type":"Point","coordinates":[-97.27,19.03]},"properties":{"v":341100,"n":"Orizaba, Pico de","t":"Stratovolcano","y":1846,"e":5564,"c":"Mexico","r":"Middle America-Caribbean Volcanic Regions","ev":"Eruption Observed"}},{"type":"Feature","geometry":{"type":"Point","coordinates":[-95.1989,18.5615]},"properties":{"v":341110,"n":"San Martin","t":"Volcanic field","y":1796,"e":1660,"c":"Mexico","r":"Middle America-Caribbean Volcanic Regions","ev":"Eruption Observed"}},{"type":"Feature","geometry":{"type":"Point","coordinates":[-93.2297,17.3602]},"properties":{"v":341120,"n":"Chichon, El","t":"Lava dome(s)","y":1982,"e":1150,"c":"Mexico","r":"Middle America-Caribbean Volcanic Regions","ev":"Eruption Observed"}},{"type":"Feature","geometry":{"type":"Point","coordinates":[-92.109,15.132]},"properties":{"v":341130,"n":"Tacana","t":"Stratovolcano","y":1986,"e":4064,"c":"Mexico-Guatemala","r":"Middle America-Caribbean Volcanic Regions","ev":"Eruption Observed"}},{"type":"Feature","geometry":{"type":"Point","coordinates":[-91.903,15.043]},"properties":{"v":342020,"n":"Tajumulco","t":"Stratovolcano","y":null,"e":4203,"c":"Guatemala","r":"Middle America-Caribbean Volcanic Regions","ev":"Evidence Credible"}},{"type":"Feature","geometry":{"type":"Point","coordinates":[-91.552,14.757]},"properties":{"v":342030,"n":"Santa Maria","t":"Stratovolcano","y":2026,"e":3745,"c":"Guatemala","r":"Middle America-Caribbean Volcanic Regions","ev":"Eruption Observed"}},{"type":"Feature","geometry":{"type":"Point","coordinates":[-91.519,14.797]},"properties":{"v":342040,"n":"Almolonga","t":"Stratovolcano","y":1818,"e":3173,"c":"Guatemala","r":"Middle America-Caribbean Volcanic Regions","ev":"Eruption Observed"}},{"type":"Feature","geometry":{"type":"Point","coordinates":[-91.186,14.583]},"properties":{"v":342060,"n":"Atitlan","t":"Stratovolcano(es)","y":1853,"e":3535,"c":"Guatemala","r":"Middle America-Caribbean Volcanic Regions","ev":"Eruption Observed"}},{"type":"Feature","geometry":{"type":"Point","coordinates":[-91.189,14.612]},"properties":{"v":342070,"n":"Toliman","t":"Stratovolcano(es)","y":null,"e":3158,"c":"Guatemala","r":"Middle America-Caribbean Volcanic Regions","ev":"Evidence Credible"}},{"type":"Feature","geometry":{"type":"Point","coordinates":[-90.876,14.501]},"properties":{"v":342080,"n":"Acatenango","t":"Stratovolcano(es)","y":1972,"e":3976,"c":"Guatemala","r":"Middle America-Caribbean Volcanic Regions","ev":"Eruption Observed"}},{"type":"Feature","geometry":{"type":"Point","coordinates":[-90.8806,14.4748]},"properties":{"v":342090,"n":"Fuego","t":"Stratovolcano(es)","y":2026,"e":3799,"c":"Guatemala","r":"Middle America-Caribbean Volcanic Regions","ev":"Eruption Observed"}},{"type":"Feature","geometry":{"type":"Point","coordinates":[-90.743,14.465]},"properties":{"v":342100,"n":"Agua","t":"Stratovolcano","y":null,"e":3760,"c":"Guatemala","r":"Middle America-Caribbean Volcanic Regions","ev":"Evidence Credible"}},{"type":"Feature","geometry":{"type":"Point","coordinates":[-90.601,14.382]},"properties":{"v":342110,"n":"Pacaya","t":"Complex","y":2021,"e":2569,"c":"Guatemala","r":"Middle America-Caribbean Volcanic Regions","ev":"Eruption Observed"}},{"type":"Feature","geometry":{"type":"Point","coordinates":[-90.4,14.33]},"properties":{"v":342111,"n":"Cuilapa-Barbarena","t":"Volcanic field","y":null,"e":1454,"c":"Guatemala","r":"Middle America-Caribbean Volcanic Regions","ev":"Evidence Credible"}},{"type":"Feature","geometry":{"type":"Point","coordinates":[-90.407,14.156]},"properties":{"v":342120,"n":"Tecuamburro","t":"Stratovolcano","y":-960,"e":1845,"c":"Guatemala","r":"Middle America-Caribbean Volcanic Regions","ev":"Eruption Dated"}},{"type":"Feature","geometry":{"type":"Point","coordinates":[-90.271,14.34]},"properties":{"v":342121,"n":"Jumaytepeque","t":"Stratovolcano","y":null,"e":1802,"c":"Guatemala","r":"Middle America-Caribbean Volcanic Regions","ev":"Evidence Uncertain"}},{"type":"Feature","geometry":{"type":"Point","coordinates":[-90.1,14.03]},"properties":{"v":342130,"n":"Moyuta","t":"Stratovolcano","y":null,"e":1662,"c":"Guatemala","r":"Middle America-Caribbean Volcanic Regions","ev":"Evidence Credible"}},{"type":"Feature","geometry":{"type":"Point","coordinates":[-89.992,14.308]},"properties":{"v":342140,"n":"Flores","t":"Volcanic field","y":null,"e":1600,"c":"Guatemala","r":"Middle America-Caribbean Volcanic Regions","ev":"Evidence Credible"}},{"type":"Feature","geometry":{"type":"Point","coordinates":[-89.9,14.43]},"properties":{"v":342141,"n":"Tahual","t":"Stratovolcano","y":null,"e":1716,"c":"Guatemala","r":"Middle America-Caribbean Volcanic Regions","ev":"Evidence Credible"}},{"type":"Feature","geometry":{"type":"Point","coordinates":[-89.87,14.33]},"properties":{"v":342150,"n":"Santiago, Cerro","t":"Volcanic field","y":null,"e":1192,"c":"Guatemala","r":"Middle America-Caribbean Volcanic Regions","ev":"Evidence Credible"}},{"type":"Feature","geometry":{"type":"Point","coordinates":[-89.78,14.4]},"properties":{"v":342160,"n":"Suchitan","t":"Stratovolcano(es)","y":null,"e":2042,"c":"Guatemala","r":"Middle America-Caribbean Volcanic Regions","ev":"Evidence Credible"}},{"type":"Feature","geometry":{"type":"Point","coordinates":[-89.73,14.12]},"properties":{"v":342170,"n":"Chingo","t":"Stratovolcano","y":null,"e":1775,"c":"Guatemala-El Salvador","r":"Middle America-Caribbean Volcanic Regions","ev":"Evidence Credible"}},{"type":"Feature","geometry":{"type":"Point","coordinates":[-89.68,14.42]},"properties":{"v":342180,"n":"Ixtepeque","t":"Lava dome(s)","y":null,"e":1292,"c":"Guatemala","r":"Middle America-Caribbean Volcanic Regions","ev":"Evidence Credible"}},{"type":"Feature","geometry":{"type":"Point","coordinates":[-89.631,14.054]},"properties":{"v":343002,"n":"Singuil, Cerro","t":"Volcanic field","y":null,"e":926,"c":"El Salvador","r":"Middle America-Caribbean Volcanic Regions","ev":"Evidence Credible"}},{"type":"Feature","geometry":{"type":"Point","coordinates":[-89.742,13.872]},"properties":{"v":343010,"n":"Apaneca Range","t":"Stratovolcano(es)","y":null,"e":2028,"c":"El Salvador","r":"Middle America-Caribbean Volcanic Regions","ev":"Evidence Credible"}},{"type":"Feature","geometry":{"type":"Point","coordinates":[-89.63,13.853]},"properties":{"v":343020,"n":"Santa Ana","t":"Stratovolcano","y":2005,"e":2381,"c":"El Salvador","r":"Middle America-Caribbean Volcanic Regions","ev":"Eruption Observed"}},{"type":"Feature","geometry":{"type":"Point","coordinates":[-89.633,13.813]},"properties":{"v":343030,"n":"Izalco","t":"Stratovolcano","y":1966,"e":1950,"c":"El Salvador","r":"Middle America-Caribbean Volcanic Regions","ev":"Eruption Observed"}},{"type":"Feature","geometry":{"type":"Point","coordinates":[-89.55,13.87]},"properties":{"v":343041,"n":"Coatepeque Caldera","t":"Caldera","y":null,"e":746,"c":"El Salvador","r":"Middle America-Caribbean Volcanic Regions","ev":"Evidence Credible"}},{"type":"Feature","geometry":{"type":"Point","coordinates":[-89.294,13.734]},"properties":{"v":343050,"n":"San Salvador","t":"Stratovolcano","y":1917,"e":1893,"c":"El Salvador","r":"Middle America-Caribbean Volcanic Regions","ev":"Eruption Observed"}},{"type":"Feature","geometry":{"type":"Point","coordinates":[-89.25,14.02]},"properties":{"v":343051,"n":"Cinotepeque, Cerro","t":"Volcanic field","y":null,"e":665,"c":"El Salvador","r":"Middle America-Caribbean Volcanic Regions","ev":"Evidence Credible"}},{"type":"Feature","geometry":{"type":"Point","coordinates":[-89.053,13.672]},"properties":{"v":343060,"n":"Ilopango","t":"Caldera","y":1880,"e":450,"c":"El Salvador","r":"Middle America-Caribbean Volcanic Regions","ev":"Eruption Observed"}},{"type":"Feature","geometry":{"type":"Point","coordinates":[-88.8375,13.5969]},"properties":{"v":343070,"n":"San Vicente","t":"Stratovolcano","y":null,"e":2149,"c":"El Salvador","r":"Middle America-Caribbean Volcanic Regions","ev":"Evidence Credible"}},{"type":"Feature","geometry":{"type":"Point","coordinates":[-88.532,13.435]},"properties":{"v":343072,"n":"Taburete","t":"Stratovolcano","y":null,"e":1172,"c":"El Salvador","r":"Middle America-Caribbean Volcanic Regions","ev":"Evidence Uncertain"}},{"type":"Feature","geometry":{"type":"Point","coordinates":[-88.502,13.494]},"properties":{"v":343080,"n":"Tecapa","t":"Stratovolcano","y":null,"e":1593,"c":"El Salvador","r":"Middle America-Caribbean Volcanic Regions","ev":"Evidence Credible"}},{"type":"Feature","geometry":{"type":"Point","coordinates":[-88.471,13.419]},"properties":{"v":343081,"n":"Usulutan","t":"Stratovolcano","y":null,"e":1449,"c":"El Salvador","r":"Middle America-Caribbean Volcanic Regions","ev":"Evidence Credible"}},{"type":"Feature","geometry":{"type":"Point","coordinates":[-88.43,13.47]},"properties":{"v":343082,"n":"Tigre, El","t":"Stratovolcano","y":null,"e":1640,"c":"El Salvador","r":"Middle America-Caribbean Volcanic Regions","ev":"Evidence Credible"}},{"type":"Feature","geometry":{"type":"Point","coordinates":[-88.33,13.478]},"properties":{"v":343090,"n":"Chinameca","t":"Stratovolcano","y":null,"e":1300,"c":"El Salvador","r":"Middle America-Caribbean Volcanic Regions","ev":"Evidence Credible"}},{"type":"Feature","geometry":{"type":"Point","coordinates":[-88.269,13.434]},"properties":{"v":343100,"n":"San Miguel","t":"Stratovolcano","y":2023,"e":2130,"c":"El Salvador","r":"Middle America-Caribbean Volcanic Regions","ev":"Eruption Observed"}},{"type":"Feature","geometry":{"type":"Point","coordinates":[-88.105,13.428]},"properties":{"v":343101,"n":"Aramuaca, Laguna","t":"Maar","y":null,"e":181,"c":"El Salvador","r":"Middle America-Caribbean Volcanic Regions","ev":"Evidence Credible"}},{"type":"Feature","geometry":{"type":"Point","coordinates":[-87.639,13.274]},"properties":{"v":343130,"n":"Tigre, Isla del","t":"Stratovolcano","y":null,"e":774,"c":"Honduras","r":"Middle America-Caribbean Volcanic Regions","ev":"Evidence Credible"}},{"type":"Feature","geometry":{"type":"Point","coordinates":[-87.63,13.33]},"properties":{"v":343140,"n":"Zacate Grande, Isla","t":"Stratovolcano","y":null,"e":640,"c":"Honduras","r":"Middle America-Caribbean Volcanic Regions","ev":"Evidence Credible"}},{"type":"Feature","geometry":{"type":"Point","coordinates":[-87.983,14.964]},"properties":{"v":343150,"n":"Yojoa, Lago","t":"Volcanic field","y":-7638,"e":1060,"c":"Honduras","r":"Middle America-Caribbean Volcanic Regions","ev":"Eruption Dated"}},{"type":"Feature","geometry":{"type":"Point","coordinates":[-87.57,12.98]},"properties":{"v":344010,"n":"Cosiguina","t":"Stratovolcano","y":1859,"e":872,"c":"Nicaragua","r":"Middle America-Caribbean Volcanic Regions","ev":"Eruption Observed"}},{"type":"Feature","geometry":{"type":"Point","coordinates":[-87.004,12.702]},"properties":{"v":344020,"n":"San Cristobal","t":"Stratovolcano","y":2024,"e":1745,"c":"Nicaragua","r":"Middle America-Caribbean Volcanic Regions","ev":"Eruption Observed"}},{"type":"Feature","geometry":{"type":"Point","coordinates":[-86.84,12.606]},"properties":{"v":344040,"n":"Telica","t":"Stratovolcano(es)","y":2025,"e":1036,"c":"Nicaragua","r":"Middle America-Caribbean Volcanic Regions","ev":"Eruption Observed"}},{"type":"Feature","geometry":{"type":"Point","coordinates":[-86.702,12.506]},"properties":{"v":344070,"n":"Negro, Cerro","t":"Pyroclastic cone(s)","y":1999,"e":728,"c":"Nicaragua","r":"Middle America-Caribbean Volcanic Regions","ev":"Eruption Observed"}},{"type":"Feature","geometry":{"type":"Point","coordinates":[-86.6786,12.4922]},"properties":{"v":344080,"n":"Las Pilas-El Hoyo Complex","t":"Complex","y":1954,"e":1088,"c":"Nicaragua","r":"Middle America-Caribbean Volcanic Regions","ev":"Eruption Observed"}},{"type":"Feature","geometry":{"type":"Point","coordinates":[-86.539,12.423]},"properties":{"v":344090,"n":"Momotombo","t":"Stratovolcano","y":2016,"e":1270,"c":"Nicaragua","r":"Middle America-Caribbean Volcanic Regions","ev":"Eruption Observed"}},{"type":"Feature","geometry":{"type":"Point","coordinates":[-86.342,12.242]},"properties":{"v":344091,"n":"Apoyeque","t":"Caldera","y":-50,"e":518,"c":"Nicaragua","r":"Middle America-Caribbean Volcanic Regions","ev":"Eruption Dated"}},{"type":"Feature","geometry":{"type":"Point","coordinates":[-86.32,12.12]},"properties":{"v":344092,"n":"Nejapa-Miraflores","t":"Fissure vent(s)","y":1060,"e":360,"c":"Nicaragua","r":"Middle America-Caribbean Volcanic Regions","ev":"Eruption Dated"}},{"type":"Feature","geometry":{"type":"Point","coordinates":[-86.1688,11.9844]},"properties":{"v":344100,"n":"Masaya","t":"Caldera","y":2026,"e":594,"c":"Nicaragua","r":"Middle America-Caribbean Volcanic Regions","ev":"Eruption Observed"}},{"type":"Feature","geometry":{"type":"Point","coordinates":[-85.979,11.9]},"properties":{"v":344101,"n":"Granada","t":"Fissure vent(s)","y":null,"e":250,"c":"Nicaragua","r":"Middle America-Caribbean Volcanic Regions","ev":"Evidence Credible"}},{"type":"Feature","geometry":{"type":"Point","coordinates":[-85.968,11.826]},"properties":{"v":344110,"n":"Mombacho","t":"Stratovolcano","y":null,"e":1344,"c":"Nicaragua","r":"Middle America-Caribbean Volcanic Regions","ev":"Unrest / Holocene"}},{"type":"Feature","geometry":{"type":"Point","coordinates":[-85.82,11.73]},"properties":{"v":344111,"n":"Zapatera","t":"Shield","y":null,"e":629,"c":"Nicaragua","r":"Middle America-Caribbean Volcanic Regions","ev":"Evidence Credible"}},{"type":"Feature","geometry":{"type":"Point","coordinates":[-85.622,11.538]},"properties":{"v":344120,"n":"Concepcion","t":"Stratovolcano","y":2024,"e":1700,"c":"Nicaragua","r":"Middle America-Caribbean Volcanic Regions","ev":"Eruption Observed"}},{"type":"Feature","geometry":{"type":"Point","coordinates":[-85.473,10.98]},"properties":{"v":345010,"n":"Orosi","t":"Stratovolcano(es)","y":null,"e":1659,"c":"Costa Rica","r":"Middle America-Caribbean Volcanic Regions","ev":"Evidence Uncertain"}},{"type":"Feature","geometry":{"type":"Point","coordinates":[-85.3364,10.8314]},"properties":{"v":345020,"n":"Rincon de la Vieja","t":"Complex","y":2024,"e":1729,"c":"Costa Rica","r":"Middle America-Caribbean Volcanic Regions","ev":"Eruption Observed"}},{"type":"Feature","geometry":{"type":"Point","coordinates":[-85.153,10.748]},"properties":{"v":345030,"n":"Miravalles","t":"Stratovolcano","y":1946,"e":2028,"c":"Costa Rica","r":"Middle America-Caribbean Volcanic Regions","ev":"Eruption Observed"}},{"type":"Feature","geometry":{"type":"Point","coordinates":[-85.015,10.673]},"properties":{"v":345031,"n":"Tenorio","t":"Stratovolcano(es)","y":null,"e":1916,"c":"Costa Rica","r":"Middle America-Caribbean Volcanic Regions","ev":"Evidence Credible"}},{"type":"Feature","geometry":{"type":"Point","coordinates":[-84.703,10.463]},"properties":{"v":345033,"n":"Arenal","t":"Stratovolcano","y":2010,"e":1670,"c":"Costa Rica","r":"Middle America-Caribbean Volcanic Regions","ev":"Eruption Observed"}},{"type":"Feature","geometry":{"type":"Point","coordinates":[-84.366,10.3]},"properties":{"v":345034,"n":"Platanar","t":"Stratovolcano(es)","y":null,"e":2267,"c":"Costa Rica","r":"Middle America-Caribbean Volcanic Regions","ev":"Evidence Credible"}},{"type":"Feature","geometry":{"type":"Point","coordinates":[-84.233,10.2]},"properties":{"v":345040,"n":"Poas","t":"Stratovolcano","y":2026,"e":2697,"c":"Costa Rica","r":"Middle America-Caribbean Volcanic Regions","ev":"Eruption Observed"}},{"type":"Feature","geometry":{"type":"Point","coordinates":[-84.1,10.135]},"properties":{"v":345050,"n":"Barva","t":"Complex","y":-6050,"e":2906,"c":"Costa Rica","r":"Middle America-Caribbean Volcanic Regions","ev":"Eruption Dated"}},{"type":"Feature","geometry":{"type":"Point","coordinates":[-83.852,9.979]},"properties":{"v":345060,"n":"Irazu","t":"Stratovolcano","y":1977,"e":3436,"c":"Costa Rica","r":"Middle America-Caribbean Volcanic Regions","ev":"Eruption Observed"}},{"type":"Feature","geometry":{"type":"Point","coordinates":[-83.767,10.025]},"properties":{"v":345070,"n":"Turrialba","t":"Stratovolcano","y":2022,"e":3340,"c":"Costa Rica","r":"Middle America-Caribbean Volcanic Regions","ev":"Eruption Observed"}},{"type":"Feature","geometry":{"type":"Point","coordinates":[-82.543,8.808]},"properties":{"v":346010,"n":"Baru","t":"Stratovolcano","y":1550,"e":3474,"c":"Panama","r":"Middle America-Caribbean Volcanic Regions","ev":"Eruption Observed"}},{"type":"Feature","geometry":{"type":"Point","coordinates":[-75.363,5.203]},"properties":{"v":351011,"n":"Romeral","t":"Stratovolcano","y":-5390,"e":3769,"c":"Colombia","r":"South America Volcanic Regions","ev":"Eruption Dated"}},{"type":"Feature","geometry":{"type":"Point","coordinates":[-75.293,5.091]},"properties":{"v":351012,"n":"Bravo, Cerro","t":"Stratovolcano","y":1720,"e":3985,"c":"Colombia","r":"South America Volcanic Regions","ev":"Eruption Dated"}},{"type":"Feature","geometry":{"type":"Point","coordinates":[-75.324,4.892]},"properties":{"v":351020,"n":"Ruiz, Nevado del","t":"Stratovolcano","y":2026,"e":5279,"c":"Colombia","r":"South America Volcanic Regions","ev":"Eruption Observed"}},{"type":"Feature","geometry":{"type":"Point","coordinates":[-75.365,4.818]},"properties":{"v":351021,"n":"Santa Isabel","t":"Shield","y":-850,"e":4944,"c":"Colombia","r":"South America Volcanic Regions","ev":"Eruption Dated"}},{"type":"Feature","geometry":{"type":"Point","coordinates":[-75.33,4.658]},"properties":{"v":351030,"n":"Tolima, Nevado del","t":"Stratovolcano","y":1943,"e":5215,"c":"Colombia","r":"South America Volcanic Regions","ev":"Eruption Observed"}},{"type":"Feature","geometry":{"type":"Point","coordinates":[-75.389,4.487]},"properties":{"v":351040,"n":"Machin","t":"Stratovolcano","y":1180,"e":2749,"c":"Colombia","r":"South America Volcanic Regions","ev":"Eruption Dated"}},{"type":"Feature","geometry":{"type":"Point","coordinates":[-76.03,2.93]},"properties":{"v":351050,"n":"Huila, Nevado del","t":"Stratovolcano","y":2012,"e":5364,"c":"Colombia","r":"South America Volcanic Regions","ev":"Eruption Observed"}},{"type":"Feature","geometry":{"type":"Point","coordinates":[-76.3948,2.3095]},"properties":{"v":351060,"n":"Purace","t":"Stratovolcano(es)","y":2026,"e":4650,"c":"Colombia","r":"South America Volcanic Regions","ev":"Eruption Observed"}},{"type":"Feature","geometry":{"type":"Point","coordinates":[-76.592,2.108]},"properties":{"v":351061,"n":"Sotara","t":"Stratovolcano","y":null,"e":4400,"c":"Colombia","r":"South America Volcanic Regions","ev":"Evidence Credible"}},{"type":"Feature","geometry":{"type":"Point","coordinates":[-76.936,1.5]},"properties":{"v":351070,"n":"Dona Juana","t":"Stratovolcano","y":1906,"e":4137,"c":"Colombia","r":"South America Volcanic Regions","ev":"Eruption Observed"}},{"type":"Feature","geometry":{"type":"Point","coordinates":[-77.37,1.22]},"properties":{"v":351080,"n":"Galeras","t":"Complex","y":2014,"e":4276,"c":"Colombia","r":"South America Volcanic Regions","ev":"Eruption Observed"}},{"type":"Feature","geometry":{"type":"Point","coordinates":[-77.68,1.08]},"properties":{"v":351090,"n":"Azufral","t":"Stratovolcano","y":-930,"e":4070,"c":"Colombia","r":"South America Volcanic Regions","ev":"Eruption Dated"}},{"type":"Feature","geometry":{"type":"Point","coordinates":[-77.87,0.95]},"properties":{"v":351100,"n":"Cumbal","t":"Stratovolcano","y":1926,"e":4764,"c":"Colombia","r":"South America Volcanic Regions","ev":"Eruption Observed"}},{"type":"Feature","geometry":{"type":"Point","coordinates":[-77.938,0.817]},"properties":{"v":351110,"n":"Chiles-Cerro Negro","t":"Stratovolcano","y":1936,"e":4698,"c":"Colombia-Ecuador","r":"South America Volcanic Regions","ev":"Evidence Uncertain"}},{"type":"Feature","geometry":{"type":"Point","coordinates":[-77.58,0.552]},"properties":{"v":352001,"n":"Soche","t":"Stratovolcano","y":-6650,"e":3955,"c":"Ecuador","r":"South America Volcanic Regions","ev":"Eruption Dated"}},{"type":"Feature","geometry":{"type":"Point","coordinates":[-78.287,0.468]},"properties":{"v":352002,"n":"Chachimbiro","t":"Stratovolcano","y":-3740,"e":4106,"c":"Ecuador","r":"South America Volcanic Regions","ev":"Eruption Dated"}},{"type":"Feature","geometry":{"type":"Point","coordinates":[-78.364,0.308]},"properties":{"v":352003,"n":"Cuicocha","t":"Caldera","y":650,"e":3246,"c":"Ecuador","r":"South America Volcanic Regions","ev":"Eruption Dated"}},{"type":"Feature","geometry":{"type":"Point","coordinates":[-78.183,0.258]},"properties":{"v":352004,"n":"Imbabura","t":"Compound","y":-5550,"e":4609,"c":"Ecuador","r":"South America Volcanic Regions","ev":"Eruption Dated"}},{"type":"Feature","geometry":{"type":"Point","coordinates":[-78.27,0.13]},"properties":{"v":352005,"n":"Mojanda","t":"Stratovolcano(es)","y":null,"e":4263,"c":"Ecuador","r":"South America Volcanic Regions","ev":"Evidence Uncertain"}},{"type":"Feature","geometry":{"type":"Point","coordinates":[-77.986,0.029]},"properties":{"v":352006,"n":"Cayambe","t":"Compound","y":1786,"e":5790,"c":"Ecuador","r":"South America Volcanic Regions","ev":"Eruption Observed"}},{"type":"Feature","geometry":{"type":"Point","coordinates":[-77.656,-0.077]},"properties":{"v":352010,"n":"Reventador","t":"Stratovolcano","y":2026,"e":3562,"c":"Ecuador","r":"South America Volcanic Regions","ev":"Eruption Observed"}},{"type":"Feature","geometry":{"type":"Point","coordinates":[-78.49,0.0464]},"properties":{"v":352011,"n":"Pululahua","t":"Caldera","y":290,"e":3360,"c":"Ecuador","r":"South America Volcanic Regions","ev":"Eruption Dated"}},{"type":"Feature","geometry":{"type":"Point","coordinates":[-78.598,-0.171]},"properties":{"v":352020,"n":"Guagua Pichincha","t":"Stratovolcano","y":2002,"e":4784,"c":"Ecuador","r":"South America Volcanic Regions","ev":"Eruption Observed"}},{"type":"Feature","geometry":{"type":"Point","coordinates":[-78.617,-0.353]},"properties":{"v":352021,"n":"Atacazo","t":"Stratovolcano","y":-320,"e":4463,"c":"Ecuador","r":"South America Volcanic Regions","ev":"Eruption Dated"}},{"type":"Feature","geometry":{"type":"Point","coordinates":[-78.25,-0.375]},"properties":{"v":352022,"n":"Chacana","t":"Caldera","y":1773,"e":4643,"c":"Ecuador","r":"South America Volcanic Regions","ev":"Eruption Observed"}},{"type":"Feature","geometry":{"type":"Point","coordinates":[-78.141,-0.481]},"properties":{"v":352030,"n":"Antisana","t":"Stratovolcano","y":1802,"e":5753,"c":"Ecuador","r":"South America Volcanic Regions","ev":"Eruption Observed"}},{"type":"Feature","geometry":{"type":"Point","coordinates":[-78.0,-0.53]},"properties":{"v":352031,"n":"Aliso","t":"Stratovolcano","y":-2450,"e":4267,"c":"Ecuador","r":"South America Volcanic Regions","ev":"Eruption Dated"}},{"type":"Feature","geometry":{"type":"Point","coordinates":[-77.626,-0.538]},"properties":{"v":352040,"n":"Sumaco","t":"Stratovolcano","y":1895,"e":3990,"c":"Ecuador","r":"South America Volcanic Regions","ev":"Evidence Uncertain"}},{"type":"Feature","geometry":{"type":"Point","coordinates":[-78.716,-0.662]},"properties":{"v":352041,"n":"Iliniza","t":"Stratovolcano","y":null,"e":5162,"c":"Ecuador","r":"South America Volcanic Regions","ev":"Evidence Credible"}},{"type":"Feature","geometry":{"type":"Point","coordinates":[-78.436,-0.677]},"properties":{"v":352050,"n":"Cotopaxi","t":"Stratovolcano","y":2023,"e":5911,"c":"Ecuador","r":"South America Volcanic Regions","ev":"Eruption Observed"}},{"type":"Feature","geometry":{"type":"Point","coordinates":[-78.9044,-0.8592]},"properties":{"v":352060,"n":"Quilotoa","t":"Caldera","y":1280,"e":3914,"c":"Ecuador","r":"South America Volcanic Regions","ev":"Eruption Dated"}},{"type":"Feature","geometry":{"type":"Point","coordinates":[-78.817,-1.469]},"properties":{"v":352071,"n":"Chimborazo","t":"Stratovolcano","y":550,"e":6261,"c":"Ecuador","r":"South America Volcanic Regions","ev":"Eruption Dated"}},{"type":"Feature","geometry":{"type":"Point","coordinates":[-78.442,-1.467]},"properties":{"v":352080,"n":"Tungurahua","t":"Stratovolcano","y":2016,"e":5023,"c":"Ecuador","r":"South America Volcanic Regions","ev":"Eruption Observed"}},{"type":"Feature","geometry":{"type":"Point","coordinates":[-78.614,-1.786]},"properties":{"v":352081,"n":"Licto","t":"Pyroclastic cone(s)","y":null,"e":3322,"c":"Ecuador","r":"South America Volcanic Regions","ev":"Evidence Uncertain"}},{"type":"Feature","geometry":{"type":"Point","coordinates":[-78.341,-2.005]},"properties":{"v":352090,"n":"Sangay","t":"Stratovolcano","y":2026,"e":5286,"c":"Ecuador","r":"South America Volcanic Regions","ev":"Eruption Observed"}},{"type":"Feature","geometry":{"type":"Point","coordinates":[-91.55,-0.37]},"properties":{"v":353010,"n":"Fernandina","t":"Shield","y":2024,"e":1476,"c":"Ecuador","r":"Eastern Pacific Volcanic Regions","ev":"Eruption Observed"}},{"type":"Feature","geometry":{"type":"Point","coordinates":[-91.546,-0.02]},"properties":{"v":353011,"n":"Ecuador","t":"Shield","y":1150,"e":790,"c":"Ecuador","r":"Eastern Pacific Volcanic Regions","ev":"Eruption Dated"}},{"type":"Feature","geometry":{"type":"Point","coordinates":[-91.35,0.02]},"properties":{"v":353020,"n":"Wolf","t":"Shield","y":2022,"e":1710,"c":"Ecuador","r":"Eastern Pacific Volcanic Regions","ev":"Eruption Observed"}},{"type":"Feature","geometry":{"type":"Point","coordinates":[-91.28,-0.18]},"properties":{"v":353030,"n":"Darwin","t":"Shield","y":1813,"e":1330,"c":"Ecuador","r":"Eastern Pacific Volcanic Regions","ev":"Eruption Dated"}},{"type":"Feature","geometry":{"type":"Point","coordinates":[-91.12,-0.43]},"properties":{"v":353040,"n":"Alcedo","t":"Shield","y":1993,"e":1130,"c":"Ecuador","r":"Eastern Pacific Volcanic Regions","ev":"Eruption Observed"}},{"type":"Feature","geometry":{"type":"Point","coordinates":[-91.17,-0.83]},"properties":{"v":353050,"n":"Negra, Sierra","t":"Shield","y":2018,"e":1124,"c":"Ecuador","r":"Eastern Pacific Volcanic Regions","ev":"Eruption Observed"}},{"type":"Feature","geometry":{"type":"Point","coordinates":[-91.408,-0.92]},"properties":{"v":353060,"n":"Azul, Cerro","t":"Shield","y":2008,"e":1640,"c":"Ecuador","r":"Eastern Pacific Volcanic Regions","ev":"Eruption Observed"}},{"type":"Feature","geometry":{"type":"Point","coordinates":[-90.7553,0.5858]},"properties":{"v":353070,"n":"Pinta","t":"Shield","y":null,"e":729,"c":"Ecuador","r":"Eastern Pacific Volcanic Regions","ev":"Eruption Observed"}},{"type":"Feature","geometry":{"type":"Point","coordinates":[-90.47,0.33]},"properties":{"v":353080,"n":"Marchena","t":"Shield","y":1991,"e":343,"c":"Ecuador","r":"Eastern Pacific Volcanic Regions","ev":"Eruption Observed"}},{"type":"Feature","geometry":{"type":"Point","coordinates":[-89.958,0.32]},"properties":{"v":353081,"n":"Genovesa","t":"Shield","y":null,"e":64,"c":"Ecuador","r":"Eastern Pacific Volcanic Regions","ev":"Evidence Credible"}},{"type":"Feature","geometry":{"type":"Point","coordinates":[-90.77,-0.22]},"properties":{"v":353090,"n":"Santiago","t":"Shield","y":1906,"e":920,"c":"Ecuador","r":"Eastern Pacific Volcanic Regions","ev":"Eruption Observed"}},{"type":"Feature","geometry":{"type":"Point","coordinates":[-90.33,-0.62]},"properties":{"v":353091,"n":"Santa Cruz","t":"Shield","y":null,"e":864,"c":"Ecuador","r":"Eastern Pacific Volcanic Regions","ev":"Evidence Credible"}},{"type":"Feature","geometry":{"type":"Point","coordinates":[-89.4292,-0.8292]},"properties":{"v":353120,"n":"San Cristobal","t":"Shield","y":null,"e":707,"c":"Ecuador","r":"Eastern Pacific Volcanic Regions","ev":"Evidence Credible"}},{"type":"Feature","geometry":{"type":"Point","coordinates":[-71.363,-14.131]},"properties":{"v":354000,"n":"Quimsachata-Oroscocha","t":"Lava dome","y":-4450,"e":3848,"c":"Peru","r":"South America Volcanic Regions","ev":"Eruption Dated"}},{"type":"Feature","geometry":{"type":"Point","coordinates":[-73.1914,-15.0726]},"properties":{"v":354001,"n":"Auquihuato, Cerro","t":"Pyroclastic cone","y":null,"e":5001,"c":"Peru","r":"South America Volcanic Regions","ev":"Evidence Uncertain"}},{"type":"Feature","geometry":{"type":"Point","coordinates":[-72.65,-15.52]},"properties":{"v":354003,"n":"Coropuna","t":"Stratovolcano","y":null,"e":6377,"c":"Peru","r":"South America Volcanic Regions","ev":"Evidence Credible"}},{"type":"Feature","geometry":{"type":"Point","coordinates":[-72.33,-15.42]},"properties":{"v":354004,"n":"Andahua-Orcopampa","t":"Volcanic field","y":1490,"e":4713,"c":"Peru","r":"South America Volcanic Regions","ev":"Eruption Dated"}},{"type":"Feature","geometry":{"type":"Point","coordinates":[-72.08,-15.78]},"properties":{"v":354005,"n":"Huambo","t":"Volcanic field","y":-700,"e":4554,"c":"Peru","r":"South America Volcanic Regions","ev":"Eruption Dated"}},{"type":"Feature","geometry":{"type":"Point","coordinates":[-71.857,-15.787]},"properties":{"v":354006,"n":"Sabancaya","t":"Stratovolcano(es)","y":2026,"e":5960,"c":"Peru","r":"South America Volcanic Regions","ev":"Eruption Observed"}},{"type":"Feature","geometry":{"type":"Point","coordinates":[-71.4056,-16.2991]},"properties":{"v":354010,"n":"Misti, El","t":"Stratovolcano","y":1985,"e":5793,"c":"Peru","r":"South America Volcanic Regions","ev":"Eruption Observed"}},{"type":"Feature","geometry":{"type":"Point","coordinates":[-70.8972,-16.345]},"properties":{"v":354020,"n":"Ubinas","t":"Stratovolcano","y":2024,"e":5608,"c":"Peru","r":"South America Volcanic Regions","ev":"Eruption Observed"}},{"type":"Feature","geometry":{"type":"Point","coordinates":[-70.8542,-16.6144]},"properties":{"v":354030,"n":"Huaynaputina","t":"Stratovolcano","y":1600,"e":4679,"c":"Peru","r":"South America Volcanic Regions","ev":"Eruption Observed"}},{"type":"Feature","geometry":{"type":"Point","coordinates":[-70.5981,-16.7586]},"properties":{"v":354031,"n":"Ticsani","t":"Lava dome(s)","y":1800,"e":5382,"c":"Peru","r":"South America Volcanic Regions","ev":"Eruption Dated"}},{"type":"Feature","geometry":{"type":"Point","coordinates":[-70.372,-17.026]},"properties":{"v":354040,"n":"Tutupaca","t":"Stratovolcano(es)","y":1802,"e":5801,"c":"Peru","r":"South America Volcanic Regions","ev":"Eruption Observed"}},{"type":"Feature","geometry":{"type":"Point","coordinates":[-70.196,-17.184]},"properties":{"v":354050,"n":"Yucamane","t":"Stratovolcano(es)","y":-1320,"e":5495,"c":"Peru","r":"South America Volcanic Regions","ev":"Eruption Observed"}},{"type":"Feature","geometry":{"type":"Point","coordinates":[-69.7886,-17.4852]},"properties":{"v":354060,"n":"Casiri, Nevados","t":"Stratovolcano(es)","y":null,"e":5626,"c":"Peru","r":"South America Volcanic Regions","ev":"Evidence Credible"}},{"type":"Feature","geometry":{"type":"Point","coordinates":[-69.5,-18.1]},"properties":{"v":355011,"n":"Taapaca","t":"Complex","y":-320,"e":5860,"c":"Chile","r":"South America Volcanic Regions","ev":"Eruption Dated"}},{"type":"Feature","geometry":{"type":"Point","coordinates":[-69.142,-18.166]},"properties":{"v":355012,"n":"Parinacota","t":"Stratovolcano","y":290,"e":6336,"c":"Chile-Bolivia","r":"South America Volcanic Regions","ev":"Eruption Dated"}},{"type":"Feature","geometry":{"type":"Point","coordinates":[-69.092,-18.42]},"properties":{"v":355020,"n":"Guallatiri","t":"Stratovolcano","y":1960,"e":6071,"c":"Chile","r":"South America Volcanic Regions","ev":"Eruption Observed"}},{"type":"Feature","geometry":{"type":"Point","coordinates":[-68.83,-19.15]},"properties":{"v":355030,"n":"Isluga","t":"Stratovolcano","y":1913,"e":5550,"c":"Chile","r":"South America Volcanic Regions","ev":"Eruption Observed"}},{"type":"Feature","geometry":{"type":"Point","coordinates":[-68.53,-19.13]},"properties":{"v":355032,"n":"Tata Sabaya","t":"Stratovolcano","y":null,"e":5430,"c":"Bolivia","r":"South America Volcanic Regions","ev":"Evidence Credible"}},{"type":"Feature","geometry":{"type":"Point","coordinates":[-68.55,-20.73]},"properties":{"v":355040,"n":"Irruputuncu","t":"Stratovolcano","y":1995,"e":5163,"c":"Chile-Bolivia","r":"South America Volcanic Regions","ev":"Eruption Observed"}},{"type":"Feature","geometry":{"type":"Point","coordinates":[-68.413,-20.939]},"properties":{"v":355050,"n":"Olca-Paruma","t":"Stratovolcano(es)","y":null,"e":5705,"c":"Chile-Bolivia","r":"South America Volcanic Regions","ev":"Eruption Observed"}},{"type":"Feature","geometry":{"type":"Point","coordinates":[-67.853,-22.557]},"properties":{"v":355090,"n":"Putana","t":"Stratovolcano","y":1810,"e":5884,"c":"Chile","r":"South America Volcanic Regions","ev":"Eruption Observed"}},{"type":"Feature","geometry":{"type":"Point","coordinates":[-67.891,-22.719]},"properties":{"v":355091,"n":"Sairecabur","t":"Stratovolcano(es)","y":null,"e":5961,"c":"Chile-Bolivia","r":"South America Volcanic Regions","ev":"Evidence Credible"}},{"type":"Feature","geometry":{"type":"Point","coordinates":[-67.88,-22.83]},"properties":{"v":355092,"n":"Licancabur","t":"Stratovolcano","y":null,"e":5916,"c":"Chile-Bolivia","r":"South America Volcanic Regions","ev":"Evidence Credible"}},{"type":"Feature","geometry":{"type":"Point","coordinates":[-67.566,-22.895]},"properties":{"v":355093,"n":"Guayaques","t":"Lava dome(s)","y":null,"e":5598,"c":"Chile-Bolivia","r":"South America Volcanic Regions","ev":"Evidence Credible"}},{"type":"Feature","geometry":{"type":"Point","coordinates":[-67.75,-23.0]},"properties":{"v":355094,"n":"Purico Complex","t":"Shield(pyroclastic)","y":null,"e":5703,"c":"Chile","r":"South America Volcanic Regions","ev":"Evidence Credible"}},{"type":"Feature","geometry":{"type":"Point","coordinates":[-67.645,-23.236]},"properties":{"v":355095,"n":"Colachi","t":"Stratovolcano","y":null,"e":5631,"c":"Chile","r":"South America Volcanic Regions","ev":"Evidence Credible"}},{"type":"Feature","geometry":{"type":"Point","coordinates":[-67.618,-23.292]},"properties":{"v":355096,"n":"Acamarachi","t":"Stratovolcano","y":null,"e":6023,"c":"Chile","r":"South America Volcanic Regions","ev":"Evidence Credible"}},{"type":"Feature","geometry":{"type":"Point","coordinates":[-67.7,-23.58]},"properties":{"v":355098,"n":"Chiliques","t":"Stratovolcano","y":null,"e":5778,"c":"Chile","r":"South America Volcanic Regions","ev":"Evidence Uncertain"}},{"type":"Feature","geometry":{"type":"Point","coordinates":[-67.73,-23.37]},"properties":{"v":355100,"n":"Lascar","t":"Stratovolcano(es)","y":2026,"e":5592,"c":"Chile","r":"South America Volcanic Regions","ev":"Eruption Observed"}},{"type":"Feature","geometry":{"type":"Point","coordinates":[-67.534,-23.743]},"properties":{"v":355101,"n":"Cordon de Puntas Negras","t":"Stratovolcano(es)","y":null,"e":5852,"c":"Chile","r":"South America Volcanic Regions","ev":"Evidence Credible"}},{"type":"Feature","geometry":{"type":"Point","coordinates":[-67.77,-23.82]},"properties":{"v":355102,"n":"Miniques","t":"Stratovolcano(es)","y":null,"e":5910,"c":"Chile","r":"South America Volcanic Regions","ev":"Evidence Uncertain"}},{"type":"Feature","geometry":{"type":"Point","coordinates":[-67.95,-23.83]},"properties":{"v":355103,"n":"Tujle, Cerro","t":"Maar","y":null,"e":3550,"c":"Chile","r":"South America Volcanic Regions","ev":"Evidence Credible"}},{"type":"Feature","geometry":{"type":"Point","coordinates":[-67.74,-23.949]},"properties":{"v":355104,"n":"Caichinque","t":"Stratovolcano(es)","y":null,"e":4458,"c":"Chile","r":"South America Volcanic Regions","ev":"Evidence Uncertain"}},{"type":"Feature","geometry":{"type":"Point","coordinates":[-68.13,-23.97]},"properties":{"v":355105,"n":"Tilocalar","t":"Lava cone(es)","y":null,"e":3109,"c":"Chile","r":"South America Volcanic Regions","ev":"Evidence Uncertain"}},{"type":"Feature","geometry":{"type":"Point","coordinates":[-68.054,-24.188]},"properties":{"v":355107,"n":"Pular","t":"Stratovolcano(es)","y":null,"e":6233,"c":"Chile","r":"South America Volcanic Regions","ev":"Evidence Uncertain"}},{"type":"Feature","geometry":{"type":"Point","coordinates":[-68.59,-24.319]},"properties":{"v":355108,"n":"Negrillar, La","t":"Pyroclastic cone(s)","y":null,"e":4220,"c":"Chile","r":"South America Volcanic Regions","ev":"Evidence Uncertain"}},{"type":"Feature","geometry":{"type":"Point","coordinates":[-68.246,-24.396]},"properties":{"v":355109,"n":"Socompa","t":"Stratovolcano","y":-5250,"e":6031,"c":"Chile-Argentina","r":"South America Volcanic Regions","ev":"Eruption Dated"}},{"type":"Feature","geometry":{"type":"Point","coordinates":[-68.53,-24.72]},"properties":{"v":355110,"n":"Llullaillaco","t":"Stratovolcano","y":1877,"e":6739,"c":"Chile-Argentina","r":"South America Volcanic Regions","ev":"Eruption Observed"}},{"type":"Feature","geometry":{"type":"Point","coordinates":[-68.367,-25.083]},"properties":{"v":355112,"n":"Corrida de Cori Volcanic Field","t":"Stratovolcano","y":null,"e":5451,"c":"Chile-Argentina","r":"South America Volcanic Regions","ev":"Evidence Uncertain"}},{"type":"Feature","geometry":{"type":"Point","coordinates":[-68.507,-25.168]},"properties":{"v":355120,"n":"Lastarria","t":"Stratovolcano","y":null,"e":5706,"c":"Chile-Argentina","r":"South America Volcanic Regions","ev":"Evidence Credible"}},{"type":"Feature","geometry":{"type":"Point","coordinates":[-68.521,-25.336]},"properties":{"v":355121,"n":"Cordon del Azufre","t":"Complex","y":null,"e":5481,"c":"Chile-Argentina","r":"South America Volcanic Regions","ev":"Evidence Credible"}},{"type":"Feature","geometry":{"type":"Point","coordinates":[-68.588,-25.414]},"properties":{"v":355122,"n":"Bayo Gorbea, Cerro","t":"Complex","y":null,"e":5413,"c":"Chile-Argentina","r":"South America Volcanic Regions","ev":"Evidence Credible"}},{"type":"Feature","geometry":{"type":"Point","coordinates":[-68.58,-26.48]},"properties":{"v":355123,"n":"Nevada, Sierra","t":"Complex","y":null,"e":6173,"c":"Chile-Argentina","r":"South America Volcanic Regions","ev":"Evidence Credible"}},{"type":"Feature","geometry":{"type":"Point","coordinates":[-68.37,-26.8]},"properties":{"v":355124,"n":"Falso Azufre","t":"Complex","y":null,"e":5906,"c":"Chile-Argentina","r":"South America Volcanic Regions","ev":"Evidence Uncertain"}},{"type":"Feature","geometry":{"type":"Point","coordinates":[-68.296,-27.033]},"properties":{"v":355125,"n":"Incahuasi, Nevado de","t":"Stratovolcano(es)","y":null,"e":6638,"c":"Chile-Argentina","r":"South America Volcanic Regions","ev":"Evidence Uncertain"}},{"type":"Feature","geometry":{"type":"Point","coordinates":[-68.541,-27.109]},"properties":{"v":355130,"n":"Ojos del Salado, Nevados","t":"Stratovolcano","y":750,"e":6879,"c":"Chile-Argentina","r":"South America Volcanic Regions","ev":"Eruption Dated"}},{"type":"Feature","geometry":{"type":"Point","coordinates":[-68.713,-27.105]},"properties":{"v":355131,"n":"Solo, El","t":"Stratovolcano","y":null,"e":6205,"c":"Chile-Argentina","r":"South America Volcanic Regions","ev":"Evidence Credible"}},{"type":"Feature","geometry":{"type":"Point","coordinates":[-67.783,-24.29]},"properties":{"v":355160,"n":"Aracar","t":"Stratovolcano","y":null,"e":6095,"c":"Argentina","r":"South America Volcanic Regions","ev":"Evidence Credible"}},{"type":"Feature","geometry":{"type":"Point","coordinates":[-68.266,-25.078]},"properties":{"v":355161,"n":"Central Andean Arc at 25.1\u00b0S","t":"Pyroclastic cone","y":null,"e":4652,"c":"Argentina","r":"South America Volcanic Regions","ev":"Evidence Credible"}},{"type":"Feature","geometry":{"type":"Point","coordinates":[-68.361,-26.632]},"properties":{"v":355190,"n":"Condor, El","t":"Stratovolcano","y":null,"e":6373,"c":"Argentina","r":"South America Volcanic Regions","ev":"Evidence Credible"}},{"type":"Feature","geometry":{"type":"Point","coordinates":[-68.116,-26.623]},"properties":{"v":355200,"n":"Peinado","t":"Stratovolcano","y":null,"e":5741,"c":"Argentina","r":"South America Volcanic Regions","ev":"Evidence Credible"}},{"type":"Feature","geometry":{"type":"Point","coordinates":[-67.746,-26.7657]},"properties":{"v":355210,"n":"Blanco, Cerro","t":"Caldera","y":-2300,"e":4670,"c":"Argentina","r":"South America Volcanic Regions","ev":"Eruption Dated"}},{"type":"Feature","geometry":{"type":"Point","coordinates":[-68.561,-27.196]},"properties":{"v":355220,"n":"Tipas","t":"Complex","y":null,"e":6658,"c":"Argentina","r":"South America Volcanic Regions","ev":"Evidence Credible"}},{"type":"Feature","geometry":{"type":"Point","coordinates":[-109.356,-27.114]},"properties":{"v":356011,"n":"Rapa Nui","t":"Shield(s)","y":null,"e":501,"c":"Chile","r":"Southern Pacific Volcanic Regions","ev":"Evidence Credible"}},{"type":"Feature","geometry":{"type":"Point","coordinates":[-69.797,-33.425]},"properties":{"v":357010,"n":"Tupungatito","t":"Stratovolcano","y":1987,"e":5660,"c":"Chile-Argentina","r":"South America Volcanic Regions","ev":"Eruption Observed"}},{"type":"Feature","geometry":{"type":"Point","coordinates":[-69.895,-33.789]},"properties":{"v":357020,"n":"San Jose","t":"Stratovolcano(es)","y":1960,"e":6070,"c":"Chile-Argentina","r":"South America Volcanic Regions","ev":"Eruption Observed"}},{"type":"Feature","geometry":{"type":"Point","coordinates":[-69.832,-34.164]},"properties":{"v":357021,"n":"Maipo","t":"Caldera","y":1912,"e":5323,"c":"Chile-Argentina","r":"South America Volcanic Regions","ev":"Eruption Observed"}},{"type":"Feature","geometry":{"type":"Point","coordinates":[-70.295,-34.608]},"properties":{"v":357022,"n":"Palomo","t":"Stratovolcano","y":null,"e":4860,"c":"Chile","r":"South America Volcanic Regions","ev":"Evidence Credible"}},{"type":"Feature","geometry":{"type":"Point","coordinates":[-69.921,-34.592]},"properties":{"v":357023,"n":"Atuel, Caldera del","t":"Caldera","y":null,"e":5189,"c":"Argentina","r":"South America Volcanic Regions","ev":"Evidence Credible"}},{"type":"Feature","geometry":{"type":"Point","coordinates":[-69.981,-34.917]},"properties":{"v":357024,"n":"Risco Plateado","t":"Stratovolcano","y":null,"e":4999,"c":"Argentina","r":"South America Volcanic Regions","ev":"Evidence Uncertain"}},{"type":"Feature","geometry":{"type":"Point","coordinates":[-70.352,-34.814]},"properties":{"v":357030,"n":"Tinguiririca","t":"Stratovolcano","y":1917,"e":4280,"c":"Chile","r":"South America Volcanic Regions","ev":"Eruption Observed"}},{"type":"Feature","geometry":{"type":"Point","coordinates":[-70.568,-35.223]},"properties":{"v":357040,"n":"Planchon-Peteroa","t":"Stratovolcano(es)","y":2025,"e":3977,"c":"Chile","r":"South America Volcanic Regions","ev":"Eruption Observed"}},{"type":"Feature","geometry":{"type":"Point","coordinates":[-69.9,-35.123]},"properties":{"v":357041,"n":"Infiernillo","t":"Volcanic field","y":-6890,"e":3007,"c":"Argentina","r":"South America Volcanic Regions","ev":"Eruption Dated"}},{"type":"Feature","geometry":{"type":"Point","coordinates":[-70.496,-35.558]},"properties":{"v":357042,"n":"Calabozos","t":"Caldera","y":null,"e":3508,"c":"Chile","r":"South America Volcanic Regions","ev":"Evidence Credible"}},{"type":"Feature","geometry":{"type":"Point","coordinates":[-70.75,-35.58]},"properties":{"v":357050,"n":"Descabezado Grande","t":"Stratovolcano(es)","y":1933,"e":3953,"c":"Chile","r":"South America Volcanic Regions","ev":"Eruption Observed"}},{"type":"Feature","geometry":{"type":"Point","coordinates":[-70.761,-35.653]},"properties":{"v":357060,"n":"Azul, Cerro","t":"Stratovolcano","y":1967,"e":3788,"c":"Chile","r":"South America Volcanic Regions","ev":"Eruption Observed"}},{"type":"Feature","geometry":{"type":"Point","coordinates":[-70.492,-36.058]},"properties":{"v":357061,"n":"Maule, Laguna del","t":"Caldera","y":-50,"e":2162,"c":"Chile","r":"South America Volcanic Regions","ev":"Eruption Dated"}},{"type":"Feature","geometry":{"type":"Point","coordinates":[-70.849,-35.989]},"properties":{"v":357062,"n":"San Pedro-Pellado","t":"Stratovolcano(es)","y":null,"e":3621,"c":"Chile","r":"South America Volcanic Regions","ev":"Evidence Credible"}},{"type":"Feature","geometry":{"type":"Point","coordinates":[-71.1641,-36.1959]},"properties":{"v":357063,"n":"Longavi, Nevado de","t":"Stratovolcano","y":-4890,"e":3175,"c":"Chile","r":"South America Volcanic Regions","ev":"Eruption Dated"}},{"type":"Feature","geometry":{"type":"Point","coordinates":[-71.009,-36.286]},"properties":{"v":357064,"n":"Blancas, Lomas","t":"Stratovolcano","y":null,"e":2268,"c":"Chile","r":"South America Volcanic Regions","ev":"Evidence Credible"}},{"type":"Feature","geometry":{"type":"Point","coordinates":[-70.9033,-36.4606]},"properties":{"v":357065,"n":"Resago, Volcan","t":"Pyroclastic cone","y":null,"e":1890,"c":"Chile","r":"South America Volcanic Regions","ev":"Evidence Credible"}},{"type":"Feature","geometry":{"type":"Point","coordinates":[-69.241,-36.422]},"properties":{"v":357066,"n":"Payun Matru","t":"Volcanic field","y":-5050,"e":3715,"c":"Argentina","r":"South America Volcanic Regions","ev":"Eruption Dated"}},{"type":"Feature","geometry":{"type":"Point","coordinates":[-71.378,-36.868]},"properties":{"v":357070,"n":"Chillan, Nevados de","t":"Stratovolcano","y":2022,"e":3180,"c":"Chile","r":"South America Volcanic Regions","ev":"Eruption Observed"}},{"type":"Feature","geometry":{"type":"Point","coordinates":[-70.033,-37.144]},"properties":{"v":357072,"n":"Tromen Volcanic Plateau","t":"Stratovolcano(es)","y":1822,"e":4114,"c":"Argentina","r":"South America Volcanic Regions","ev":"Eruption Observed"}},{"type":"Feature","geometry":{"type":"Point","coordinates":[-71.349,-37.406]},"properties":{"v":357080,"n":"Antuco","t":"Stratovolcano","y":1869,"e":2979,"c":"Chile","r":"South America Volcanic Regions","ev":"Eruption Observed"}},{"type":"Feature","geometry":{"type":"Point","coordinates":[-71.183,-37.856]},"properties":{"v":357090,"n":"Copahue","t":"Stratovolcano","y":2024,"e":2953,"c":"Chile-Argentina","r":"South America Volcanic Regions","ev":"Eruption Observed"}},{"type":"Feature","geometry":{"type":"Point","coordinates":[-71.4464,-37.9276]},"properties":{"v":357091,"n":"Callaqui","t":"Stratovolcano","y":1980,"e":3099,"c":"Chile","r":"South America Volcanic Regions","ev":"Eruption Observed"}},{"type":"Feature","geometry":{"type":"Point","coordinates":[-71.645,-38.31]},"properties":{"v":357093,"n":"Tolhuaca","t":"Stratovolcano","y":-4000,"e":2739,"c":"Chile","r":"South America Volcanic Regions","ev":"Evidence Credible"}},{"type":"Feature","geometry":{"type":"Point","coordinates":[-71.586,-38.379]},"properties":{"v":357100,"n":"Lonquimay","t":"Stratovolcano","y":1990,"e":2832,"c":"Chile","r":"South America Volcanic Regions","ev":"Eruption Observed"}},{"type":"Feature","geometry":{"type":"Point","coordinates":[-70.37,-39.02]},"properties":{"v":357102,"n":"Blanca, Laguna","t":"Volcanic field","y":null,"e":1700,"c":"Argentina","r":"South America Volcanic Regions","ev":"Evidence Credible"}},{"type":"Feature","geometry":{"type":"Point","coordinates":[-71.729,-38.692]},"properties":{"v":357110,"n":"Llaima","t":"Stratovolcano","y":2009,"e":3125,"c":"Chile","r":"South America Volcanic Regions","ev":"Eruption Observed"}},{"type":"Feature","geometry":{"type":"Point","coordinates":[-71.52,-38.97]},"properties":{"v":357111,"n":"Sollipulli","t":"Caldera","y":1240,"e":2282,"c":"Chile","r":"South America Volcanic Regions","ev":"Eruption Dated"}},{"type":"Feature","geometry":{"type":"Point","coordinates":[-71.75,-39.25]},"properties":{"v":357112,"n":"Caburgua-Huelemolle","t":"Volcanic field","y":-5050,"e":1652,"c":"Chile","r":"South America Volcanic Regions","ev":"Eruption Dated"}},{"type":"Feature","geometry":{"type":"Point","coordinates":[-71.93,-39.42]},"properties":{"v":357120,"n":"Villarrica","t":"Stratovolcano","y":2025,"e":2847,"c":"Chile","r":"South America Volcanic Regions","ev":"Eruption Observed"}},{"type":"Feature","geometry":{"type":"Point","coordinates":[-71.722,-39.496]},"properties":{"v":357121,"n":"Quetrupillan","t":"Stratovolcano","y":255,"e":2360,"c":"Chile","r":"South America Volcanic Regions","ev":"Eruption Dated"}},{"type":"Feature","geometry":{"type":"Point","coordinates":[-71.502,-39.637]},"properties":{"v":357122,"n":"Lanin","t":"Stratovolcano","y":560,"e":3776,"c":"Chile-Argentina","r":"South America Volcanic Regions","ev":"Eruption Dated"}},{"type":"Feature","geometry":{"type":"Point","coordinates":[-71.58,-39.887]},"properties":{"v":357123,"n":"Huanquihue Group","t":"Stratovolcano(es)","y":1750,"e":2189,"c":"Argentina","r":"South America Volcanic Regions","ev":"Eruption Dated"}},{"type":"Feature","geometry":{"type":"Point","coordinates":[-72.027,-39.927]},"properties":{"v":357130,"n":"Mocho-Choshuenco","t":"Stratovolcano(es)","y":1937,"e":2422,"c":"Chile","r":"South America Volcanic Regions","ev":"Eruption Observed"}},{"type":"Feature","geometry":{"type":"Point","coordinates":[-72.07,-40.35]},"properties":{"v":357140,"n":"Carran-Los Venados","t":"Pyroclastic cone(s)","y":1979,"e":1114,"c":"Chile","r":"South America Volcanic Regions","ev":"Eruption Observed"}},{"type":"Feature","geometry":{"type":"Point","coordinates":[-72.117,-40.59]},"properties":{"v":357150,"n":"Puyehue-Cordon Caulle","t":"Stratovolcano","y":2012,"e":2236,"c":"Chile","r":"South America Volcanic Regions","ev":"Eruption Observed"}},{"type":"Feature","geometry":{"type":"Point","coordinates":[-72.15,-40.783]},"properties":{"v":357153,"n":"Antillanca Volcanic Complex","t":"Stratovolcano(es)","y":-230,"e":1979,"c":"Chile","r":"South America Volcanic Regions","ev":"Eruption Dated"}},{"type":"Feature","geometry":{"type":"Point","coordinates":[-72.264,-40.969]},"properties":{"v":357160,"n":"Puntiagudo-Cordon Cenizos","t":"Stratovolcano","y":1850,"e":2493,"c":"Chile","r":"South America Volcanic Regions","ev":"Eruption Observed"}},{"type":"Feature","geometry":{"type":"Point","coordinates":[-72.496,-41.105]},"properties":{"v":358010,"n":"Osorno","t":"Stratovolcano","y":1869,"e":2659,"c":"Chile","r":"South America Volcanic Regions","ev":"Eruption Observed"}},{"type":"Feature","geometry":{"type":"Point","coordinates":[-71.885,-41.157]},"properties":{"v":358011,"n":"Tronador","t":"Stratovolcano","y":null,"e":3478,"c":"Chile-Argentina","r":"South America Volcanic Regions","ev":"Evidence Uncertain"}},{"type":"Feature","geometry":{"type":"Point","coordinates":[-72.27,-41.3]},"properties":{"v":358012,"n":"Cayutue-La Vigueria","t":"Volcanic field","y":-190,"e":506,"c":"Chile","r":"South America Volcanic Regions","ev":"Eruption Dated"}},{"type":"Feature","geometry":{"type":"Point","coordinates":[-72.618,-41.33]},"properties":{"v":358020,"n":"Calbuco","t":"Stratovolcano","y":2015,"e":1974,"c":"Chile","r":"South America Volcanic Regions","ev":"Eruption Observed"}},{"type":"Feature","geometry":{"type":"Point","coordinates":[-72.396,-41.755]},"properties":{"v":358022,"n":"Yate","t":"Stratovolcano","y":1090,"e":2187,"c":"Chile","r":"South America Volcanic Regions","ev":"Eruption Dated"}},{"type":"Feature","geometry":{"type":"Point","coordinates":[-72.431,-41.874]},"properties":{"v":358023,"n":"Hornopiren","t":"Stratovolcano","y":340,"e":1572,"c":"Chile","r":"South America Volcanic Regions","ev":"Eruption Dated"}},{"type":"Feature","geometry":{"type":"Point","coordinates":[-72.58,-41.88]},"properties":{"v":358024,"n":"Apagado","t":"Pyroclastic cone","y":-590,"e":1210,"c":"Chile","r":"South America Volcanic Regions","ev":"Eruption Dated"}},{"type":"Feature","geometry":{"type":"Point","coordinates":[-70.194,-42.018]},"properties":{"v":358025,"n":"Crater Basalt Volcanic Field","t":"Volcanic field","y":null,"e":1344,"c":"Argentina","r":"South America Volcanic Regions","ev":"Evidence Credible"}},{"type":"Feature","geometry":{"type":"Point","coordinates":[-72.578,-42.377]},"properties":{"v":358030,"n":"Huequi","t":"Lava dome(s)","y":1920,"e":1318,"c":"Chile","r":"South America Volcanic Regions","ev":"Eruption Observed"}},{"type":"Feature","geometry":{"type":"Point","coordinates":[-72.445,-42.799]},"properties":{"v":358040,"n":"Michinmahuida","t":"Stratovolcano","y":1835,"e":2452,"c":"Chile","r":"South America Volcanic Regions","ev":"Eruption Observed"}},{"type":"Feature","geometry":{"type":"Point","coordinates":[-72.6514,-42.8349]},"properties":{"v":358041,"n":"Chaiten","t":"Caldera","y":2011,"e":1122,"c":"Chile","r":"South America Volcanic Regions","ev":"Eruption Observed"}},{"type":"Feature","geometry":{"type":"Point","coordinates":[-72.782,-43.469]},"properties":{"v":358049,"n":"Yanteles","t":"Stratovolcano(es)","y":-6650,"e":1790,"c":"Chile","r":"South America Volcanic Regions","ev":"Eruption Dated"}},{"type":"Feature","geometry":{"type":"Point","coordinates":[-72.794,-43.189]},"properties":{"v":358050,"n":"Corcovado","t":"Stratovolcano","y":-4920,"e":1826,"c":"Chile","r":"South America Volcanic Regions","ev":"Eruption Dated"}},{"type":"Feature","geometry":{"type":"Point","coordinates":[-72.88,-44.08]},"properties":{"v":358052,"n":"Melimoyu","t":"Stratovolcano","y":200,"e":2400,"c":"Chile","r":"South America Volcanic Regions","ev":"Eruption Dated"}},{"type":"Feature","geometry":{"type":"Point","coordinates":[-72.53,-44.3]},"properties":{"v":358053,"n":"Puyuhuapi","t":"Pyroclastic cone(s)","y":null,"e":524,"c":"Chile","r":"South America Volcanic Regions","ev":"Evidence Credible"}},{"type":"Feature","geometry":{"type":"Point","coordinates":[-73.0767,-44.6931]},"properties":{"v":358054,"n":"Mentolat","t":"Stratovolcano","y":1710,"e":1603,"c":"Chile","r":"South America Volcanic Regions","ev":"Eruption Observed"}},{"type":"Feature","geometry":{"type":"Point","coordinates":[-72.984,-45.059]},"properties":{"v":358055,"n":"Cay","t":"Stratovolcano","y":null,"e":2090,"c":"Chile","r":"South America Volcanic Regions","ev":"Evidence Uncertain"}},{"type":"Feature","geometry":{"type":"Point","coordinates":[-73.17,-45.1]},"properties":{"v":358056,"n":"Maca","t":"Stratovolcano","y":1560,"e":2960,"c":"Chile","r":"South America Volcanic Regions","ev":"Eruption Dated"}},{"type":"Feature","geometry":{"type":"Point","coordinates":[-72.97,-45.9]},"properties":{"v":358057,"n":"Hudson, Cerro","t":"Stratovolcano","y":2011,"e":1905,"c":"Chile","r":"South America Volcanic Regions","ev":"Eruption Observed"}},{"type":"Feature","geometry":{"type":"Point","coordinates":[-73.504,-49.019]},"properties":{"v":358060,"n":"Lautaro","t":"Stratovolcano","y":1979,"e":3542,"c":"Chile","r":"South America Volcanic Regions","ev":"Eruption Observed"}},{"type":"Feature","geometry":{"type":"Point","coordinates":[-73.75,-50.33]},"properties":{"v":358062,"n":"Aguilera","t":"Stratovolcano","y":-1253,"e":2546,"c":"Chile","r":"South America Volcanic Regions","ev":"Eruption Dated"}},{"type":"Feature","geometry":{"type":"Point","coordinates":[-73.5802,-50.9395]},"properties":{"v":358063,"n":"Reclus","t":"Pyroclastic cone","y":1908,"e":1403,"c":"Chile","r":"South America Volcanic Regions","ev":"Eruption Observed"}},{"type":"Feature","geometry":{"type":"Point","coordinates":[-73.05,-45.22]},"properties":{"v":358064,"n":"Meullin","t":"Volcanic field","y":null,"e":1080,"c":"Chile","r":"South America Volcanic Regions","ev":"Evidence Credible"}},{"type":"Feature","geometry":{"type":"Point","coordinates":[-73.4,-52.33]},"properties":{"v":358070,"n":"Burney, Monte","t":"Stratovolcano","y":1910,"e":1758,"c":"Chile","r":"South America Volcanic Regions","ev":"Eruption Observed"}},{"type":"Feature","geometry":{"type":"Point","coordinates":[-69.698,-52.082]},"properties":{"v":358080,"n":"Pali-Aike Volcanic Field","t":"Volcanic field","y":-5550,"e":282,"c":"Chile-Argentina","r":"South America Volcanic Regions","ev":"Eruption Dated"}},{"type":"Feature","geometry":{"type":"Point","coordinates":[-70.262,-54.97]},"properties":{"v":358090,"n":"Fueguino","t":"Lava dome(s)","y":1820,"e":157,"c":"Chile","r":"South America Volcanic Regions","ev":"Eruption Observed"}},{"type":"Feature","geometry":{"type":"Point","coordinates":[-63.23,17.63]},"properties":{"v":360010,"n":"Saba","t":"Stratovolcano","y":1640,"e":887,"c":"Netherlands","r":"Middle America-Caribbean Volcanic Regions","ev":"Eruption Observed"}},{"type":"Feature","geometry":{"type":"Point","coordinates":[-62.96,17.478]},"properties":{"v":360020,"n":"Quill, The","t":"Stratovolcano","y":250,"e":601,"c":"Netherlands","r":"Middle America-Caribbean Volcanic Regions","ev":"Eruption Dated"}},{"type":"Feature","geometry":{"type":"Point","coordinates":[-62.8,17.37]},"properties":{"v":360030,"n":"Liamuiga","t":"Stratovolcano","y":160,"e":1156,"c":"Saint Kitts and Nevis","r":"Middle America-Caribbean Volcanic Regions","ev":"Eruption Dated"}},{"type":"Feature","geometry":{"type":"Point","coordinates":[-62.58,17.15]},"properties":{"v":360040,"n":"Nevis Peak","t":"Stratovolcano","y":null,"e":985,"c":"Saint Kitts and Nevis","r":"Middle America-Caribbean Volcanic Regions","ev":"Evidence Uncertain"}},{"type":"Feature","geometry":{"type":"Point","coordinates":[-62.18,16.72]},"properties":{"v":360050,"n":"Soufriere Hills","t":"Stratovolcano","y":2013,"e":915,"c":"United Kingdom","r":"Middle America-Caribbean Volcanic Regions","ev":"Eruption Observed"}},{"type":"Feature","geometry":{"type":"Point","coordinates":[-61.664,16.044]},"properties":{"v":360060,"n":"Soufriere Guadeloupe","t":"Stratovolcano","y":1977,"e":1467,"c":"France","r":"Middle America-Caribbean Volcanic Regions","ev":"Eruption Observed"}},{"type":"Feature","geometry":{"type":"Point","coordinates":[-61.43,15.612]},"properties":{"v":360080,"n":"Diables, Morne aux","t":"Lava dome(s)","y":null,"e":861,"c":"Dominica","r":"Middle America-Caribbean Volcanic Regions","ev":"Evidence Credible"}},{"type":"Feature","geometry":{"type":"Point","coordinates":[-61.397,15.503]},"properties":{"v":360090,"n":"Diablotins, Morne","t":"Stratovolcano","y":null,"e":1430,"c":"Dominica","r":"Middle America-Caribbean Volcanic Regions","ev":"Evidence Uncertain"}},{"type":"Feature","geometry":{"type":"Point","coordinates":[-61.33,15.37]},"properties":{"v":360100,"n":"Trois Pitons, Morne","t":"Complex","y":920,"e":1387,"c":"Dominica","r":"Middle America-Caribbean Volcanic Regions","ev":"Eruption Dated"}},{"type":"Feature","geometry":{"type":"Point","coordinates":[-61.305,15.307]},"properties":{"v":360101,"n":"Watt, Morne","t":"Stratovolcano(es)","y":1997,"e":1224,"c":"Dominica","r":"Middle America-Caribbean Volcanic Regions","ev":"Eruption Observed"}},{"type":"Feature","geometry":{"type":"Point","coordinates":[-61.341,15.255]},"properties":{"v":360110,"n":"Plat Pays, Morne","t":"Stratovolcano","y":1270,"e":940,"c":"Dominica","r":"Middle America-Caribbean Volcanic Regions","ev":"Eruption Dated"}},{"type":"Feature","geometry":{"type":"Point","coordinates":[-61.166,14.809]},"properties":{"v":360120,"n":"Pelee","t":"Stratovolcano","y":1932,"e":1372,"c":"France","r":"Middle America-Caribbean Volcanic Regions","ev":"Eruption Observed"}},{"type":"Feature","geometry":{"type":"Point","coordinates":[-61.05,13.83]},"properties":{"v":360140,"n":"Qualibou","t":"Caldera","y":1766,"e":777,"c":"Saint Lucia","r":"Middle America-Caribbean Volcanic Regions","ev":"Eruption Observed"}},{"type":"Feature","geometry":{"type":"Point","coordinates":[-61.18,13.33]},"properties":{"v":360150,"n":"Soufriere St. Vincent","t":"Stratovolcano","y":2021,"e":1220,"c":"Saint Vincent and the Grenadines","r":"Middle America-Caribbean Volcanic Regions","ev":"Eruption Observed"}},{"type":"Feature","geometry":{"type":"Point","coordinates":[-61.64,12.3]},"properties":{"v":360160,"n":"Kick 'em Jenny","t":"Complex","y":2017,"e":-185,"c":"Grenada","r":"Middle America-Caribbean Volcanic Regions","ev":"Eruption Observed"}},{"type":"Feature","geometry":{"type":"Point","coordinates":[-61.67,12.15]},"properties":{"v":360170,"n":"St. Catherine","t":"Stratovolcano","y":null,"e":840,"c":"Grenada","r":"Middle America-Caribbean Volcanic Regions","ev":"Evidence Credible"}},{"type":"Feature","geometry":{"type":"Point","coordinates":[-23.783,64.8]},"properties":{"v":370010,"n":"Snaefellsjokull","t":"Stratovolcano","y":200,"e":1446,"c":"Iceland","r":"Atlantic Ocean Volcanic Regions","ev":"Eruption Dated"}},{"type":"Feature","geometry":{"type":"Point","coordinates":[-23.283,64.866]},"properties":{"v":370020,"n":"Helgrindur","t":"Volcanic field","y":null,"e":986,"c":"Iceland","r":"Atlantic Ocean Volcanic Regions","ev":"Evidence Credible"}},{"type":"Feature","geometry":{"type":"Point","coordinates":[-22.483,64.9]},"properties":{"v":370030,"n":"Ljosufjoll","t":"Volcanic field","y":960,"e":1063,"c":"Iceland","r":"Atlantic Ocean Volcanic Regions","ev":"Eruption Dated"}},{"type":"Feature","geometry":{"type":"Point","coordinates":[-22.717,63.817]},"properties":{"v":371020,"n":"Reykjanes","t":"Crater rows","y":2025,"e":140,"c":"Iceland","r":"Atlantic Ocean Volcanic Regions","ev":"Eruption Observed"}},{"type":"Feature","geometry":{"type":"Point","coordinates":[-23.0,63.733]},"properties":{"v":371022,"n":"Eldey","t":"Fissure vent","y":1926,"e":70,"c":"Iceland","r":"Atlantic Ocean Volcanic Regions","ev":"Eruption Observed"}},{"type":"Feature","geometry":{"type":"Point","coordinates":[-22.067,63.917]},"properties":{"v":371030,"n":"Krysuvik-Trolladyngja","t":"Crater rows","y":1340,"e":360,"c":"Iceland","r":"Atlantic Ocean Volcanic Regions","ev":"Eruption Observed"}},{"type":"Feature","geometry":{"type":"Point","coordinates":[-22.258,63.895]},"properties":{"v":371032,"n":"Fagradalsfjall","t":"Fissure vent","y":2023,"e":250,"c":"Iceland","r":"Atlantic Ocean Volcanic Regions","ev":"Eruption Observed"}},{"type":"Feature","geometry":{"type":"Point","coordinates":[-21.783,63.933]},"properties":{"v":371040,"n":"Brennisteinsfjoll","t":"Crater rows","y":1341,"e":610,"c":"Iceland","r":"Atlantic Ocean Volcanic Regions","ev":"Eruption Observed"}},{"type":"Feature","geometry":{"type":"Point","coordinates":[-21.416,64.083]},"properties":{"v":371050,"n":"Hengill","t":"Crater rows","y":150,"e":803,"c":"Iceland","r":"Atlantic Ocean Volcanic Regions","ev":"Eruption Dated"}},{"type":"Feature","geometry":{"type":"Point","coordinates":[-21.333,64.083]},"properties":{"v":371051,"n":"Hromundartindur","t":"Stratovolcano","y":null,"e":550,"c":"Iceland","r":"Atlantic Ocean Volcanic Regions","ev":"Evidence Uncertain"}},{"type":"Feature","geometry":{"type":"Point","coordinates":[-20.883,64.05]},"properties":{"v":371060,"n":"Grimsnes","t":"Volcanic field","y":-3500,"e":200,"c":"Iceland","r":"Atlantic Ocean Volcanic Regions","ev":"Eruption Dated"}},{"type":"Feature","geometry":{"type":"Point","coordinates":[-20.666,64.583]},"properties":{"v":371070,"n":"Prestahnukur","t":"Fissure vent(s)","y":-3350,"e":1385,"c":"Iceland","r":"Atlantic Ocean Volcanic Regions","ev":"Eruption Dated"}},{"type":"Feature","geometry":{"type":"Point","coordinates":[-19.7,64.85]},"properties":{"v":371080,"n":"Oddnyjarhnjukur-Langjokull","t":"Fissure vent(s)","y":950,"e":1100,"c":"Iceland","r":"Atlantic Ocean Volcanic Regions","ev":"Eruption Dated"}},{"type":"Feature","geometry":{"type":"Point","coordinates":[-18.766,64.833]},"properties":{"v":371090,"n":"Hofsjokull","t":"Fissure vent(s)","y":null,"e":1765,"c":"Iceland","r":"Atlantic Ocean Volcanic Regions","ev":"Evidence Credible"}},{"type":"Feature","geometry":{"type":"Point","coordinates":[-20.266,63.416]},"properties":{"v":372010,"n":"Vestmannaeyjar","t":"Fissure vent(s)","y":1973,"e":283,"c":"Iceland","r":"Atlantic Ocean Volcanic Regions","ev":"Eruption Observed"}},{"type":"Feature","geometry":{"type":"Point","coordinates":[-19.633,63.633]},"properties":{"v":372020,"n":"Eyjafjallajokull","t":"Stratovolcano","y":2010,"e":1651,"c":"Iceland","r":"Atlantic Ocean Volcanic Regions","ev":"Eruption Observed"}},{"type":"Feature","geometry":{"type":"Point","coordinates":[-19.083,63.633]},"properties":{"v":372030,"n":"Katla","t":"Fissure vent(s)","y":1918,"e":1490,"c":"Iceland","r":"Atlantic Ocean Volcanic Regions","ev":"Eruption Observed"}},{"type":"Feature","geometry":{"type":"Point","coordinates":[-19.716,63.783]},"properties":{"v":372040,"n":"Tindfjallajokull","t":"Stratovolcano","y":null,"e":1464,"c":"Iceland","r":"Atlantic Ocean Volcanic Regions","ev":"Evidence Uncertain"}},{"type":"Feature","geometry":{"type":"Point","coordinates":[-19.122,63.892]},"properties":{"v":372050,"n":"Torfajokull","t":"Stratovolcano","y":1477,"e":1280,"c":"Iceland","r":"Atlantic Ocean Volcanic Regions","ev":"Eruption Observed"}},{"type":"Feature","geometry":{"type":"Point","coordinates":[-19.666,63.983]},"properties":{"v":372070,"n":"Hekla","t":"Stratovolcano","y":2000,"e":1490,"c":"Iceland","r":"Atlantic Ocean Volcanic Regions","ev":"Eruption Observed"}},{"type":"Feature","geometry":{"type":"Point","coordinates":[-17.316,64.416]},"properties":{"v":373010,"n":"Grimsvotn","t":"Caldera","y":2011,"e":1719,"c":"Iceland","r":"Atlantic Ocean Volcanic Regions","ev":"Eruption Observed"}},{"type":"Feature","geometry":{"type":"Point","coordinates":[-17.617,64.267]},"properties":{"v":373012,"n":"Thordarhyrna","t":"Stratovolcano","y":1904,"e":1650,"c":"Iceland","r":"Atlantic Ocean Volcanic Regions","ev":"Eruption Observed"}},{"type":"Feature","geometry":{"type":"Point","coordinates":[-17.516,64.633]},"properties":{"v":373030,"n":"Bardarbunga","t":"Stratovolcano","y":2015,"e":2000,"c":"Iceland","r":"Atlantic Ocean Volcanic Regions","ev":"Eruption Observed"}},{"type":"Feature","geometry":{"type":"Point","coordinates":[-17.916,64.75]},"properties":{"v":373040,"n":"Tungnafellsjokull","t":"Stratovolcano","y":null,"e":1523,"c":"Iceland","r":"Atlantic Ocean Volcanic Regions","ev":"Evidence Credible"}},{"type":"Feature","geometry":{"type":"Point","coordinates":[-16.647,64.653]},"properties":{"v":373050,"n":"Kverkfjoll","t":"Stratovolcano","y":1968,"e":1930,"c":"Iceland","r":"Atlantic Ocean Volcanic Regions","ev":"Eruption Observed"}},{"type":"Feature","geometry":{"type":"Point","coordinates":[-16.783,65.033]},"properties":{"v":373060,"n":"Askja","t":"Stratovolcano","y":1961,"e":1080,"c":"Iceland","r":"Atlantic Ocean Volcanic Regions","ev":"Eruption Observed"}},{"type":"Feature","geometry":{"type":"Point","coordinates":[-16.666,65.416]},"properties":{"v":373070,"n":"Fremrinamar","t":"Stratovolcano","y":-1200,"e":970,"c":"Iceland","r":"Atlantic Ocean Volcanic Regions","ev":"Eruption Dated"}},{"type":"Feature","geometry":{"type":"Point","coordinates":[-16.728,65.715]},"properties":{"v":373080,"n":"Krafla","t":"Caldera","y":1984,"e":800,"c":"Iceland","r":"Atlantic Ocean Volcanic Regions","ev":"Eruption Observed"}},{"type":"Feature","geometry":{"type":"Point","coordinates":[-16.817,65.583]},"properties":{"v":373082,"n":"Heidarspordar","t":"Fissure vent","y":-300,"e":490,"c":"Iceland","r":"Atlantic Ocean Volcanic Regions","ev":"Eruption Dated"}},{"type":"Feature","geometry":{"type":"Point","coordinates":[-16.967,65.883]},"properties":{"v":373090,"n":"Theistareykir","t":"Shield","y":-900,"e":563,"c":"Iceland","r":"Atlantic Ocean Volcanic Regions","ev":"Eruption Dated"}},{"type":"Feature","geometry":{"type":"Point","coordinates":[-17.118,66.309]},"properties":{"v":373100,"n":"Tjornes Fracture Zone","t":"Fissure vent","y":1868,"e":-75,"c":"Iceland","r":"Atlantic Ocean Volcanic Regions","ev":"Eruption Observed"}},{"type":"Feature","geometry":{"type":"Point","coordinates":[-16.65,64.0]},"properties":{"v":374010,"n":"Oraefajokull","t":"Stratovolcano","y":1728,"e":2010,"c":"Iceland","r":"Atlantic Ocean Volcanic Regions","ev":"Eruption Observed"}},{"type":"Feature","geometry":{"type":"Point","coordinates":[-16.583,64.25]},"properties":{"v":374020,"n":"Esjufjoll","t":"Stratovolcano","y":null,"e":1620,"c":"Iceland","r":"Atlantic Ocean Volcanic Regions","ev":"Unrest / Holocene"}},{"type":"Feature","geometry":{"type":"Point","coordinates":[-15.56,64.798]},"properties":{"v":374801,"n":"Snaefell","t":"Stratovolcano","y":null,"e":1833,"c":"Iceland","r":"Atlantic Ocean Volcanic Regions","ev":"Evidence Uncertain"}},{"type":"Feature","geometry":{"type":"Point","coordinates":[-18.5,66.67]},"properties":{"v":375010,"n":"Kolbeinsey Ridge","t":"Fissure vent","y":1755,"e":5,"c":"Iceland","r":"Atlantic Ocean Volcanic Regions","ev":"Eruption Observed"}},{"type":"Feature","geometry":{"type":"Point","coordinates":[-8.155,71.082]},"properties":{"v":376010,"n":"Jan Mayen","t":"Stratovolcano","y":1985,"e":2197,"c":"Norway","r":"Atlantic Ocean Volcanic Regions","ev":"Eruption Observed"}},{"type":"Feature","geometry":{"type":"Point","coordinates":[85.25,85.608]},"properties":{"v":377020,"n":"East Gakkel Ridge at 85\u00b0E","t":"Fissure vent","y":1999,"e":-3800,"c":"Undersea Features","r":"Atlantic Ocean Volcanic Regions","ev":"Evidence Credible"}},{"type":"Feature","geometry":{"type":"Point","coordinates":[-38.08,38.75]},"properties":{"v":381040,"n":"Pico Fracture Zone","t":"Fissure vent","y":1865,"e":-4200,"c":"Undersea Features","r":"Atlantic Ocean Volcanic Regions","ev":"Eruption Observed"}},{"type":"Feature","geometry":{"type":"Point","coordinates":[-31.216,39.462]},"properties":{"v":382001,"n":"Flores","t":"Stratovolcano(es)","y":-950,"e":914,"c":"Portugal","r":"Atlantic Ocean Volcanic Regions","ev":"Eruption Dated"}},{"type":"Feature","geometry":{"type":"Point","coordinates":[-28.713,38.576]},"properties":{"v":382010,"n":"Fayal","t":"Stratovolcano","y":1958,"e":1041,"c":"Portugal","r":"Atlantic Ocean Volcanic Regions","ev":"Eruption Observed"}},{"type":"Feature","geometry":{"type":"Point","coordinates":[-28.4,38.47]},"properties":{"v":382020,"n":"Pico","t":"Stratovolcano","y":1720,"e":2351,"c":"Portugal","r":"Atlantic Ocean Volcanic Regions","ev":"Eruption Observed"}},{"type":"Feature","geometry":{"type":"Point","coordinates":[-28.08,38.65]},"properties":{"v":382030,"n":"Sao Jorge","t":"Fissure vent","y":1902,"e":1053,"c":"Portugal","r":"Atlantic Ocean Volcanic Regions","ev":"Eruption Observed"}},{"type":"Feature","geometry":{"type":"Point","coordinates":[-27.97,39.02]},"properties":{"v":382040,"n":"Graciosa","t":"Stratovolcano","y":-1950,"e":402,"c":"Portugal","r":"Atlantic Ocean Volcanic Regions","ev":"Eruption Dated"}},{"type":"Feature","geometry":{"type":"Point","coordinates":[-27.32,38.73]},"properties":{"v":382050,"n":"Terceira","t":"Stratovolcano(es)","y":2000,"e":1023,"c":"Portugal","r":"Atlantic Ocean Volcanic Regions","ev":"Eruption Observed"}},{"type":"Feature","geometry":{"type":"Point","coordinates":[-26.63,38.23]},"properties":{"v":382070,"n":"Don Joao de Castro Bank","t":"Shield","y":1720,"e":-13,"c":"Portugal","r":"Atlantic Ocean Volcanic Regions","ev":"Eruption Observed"}},{"type":"Feature","geometry":{"type":"Point","coordinates":[-25.785,37.865]},"properties":{"v":382080,"n":"Sete Cidades","t":"Stratovolcano","y":1880,"e":842,"c":"Portugal","r":"Atlantic Ocean Volcanic Regions","ev":"Eruption Observed"}},{"type":"Feature","geometry":{"type":"Point","coordinates":[-25.67,37.78]},"properties":{"v":382081,"n":"Picos Fissural Volcanic System","t":"Fissure vent","y":1652,"e":350,"c":"Portugal","r":"Atlantic Ocean Volcanic Regions","ev":"Eruption Observed"}},{"type":"Feature","geometry":{"type":"Point","coordinates":[-25.47,37.77]},"properties":{"v":382090,"n":"Agua de Pau","t":"Stratovolcano","y":1564,"e":947,"c":"Portugal","r":"Atlantic Ocean Volcanic Regions","ev":"Eruption Observed"}},{"type":"Feature","geometry":{"type":"Point","coordinates":[-25.32,37.77]},"properties":{"v":382100,"n":"Furnas","t":"Stratovolcano","y":1630,"e":805,"c":"Portugal","r":"Atlantic Ocean Volcanic Regions","ev":"Eruption Observed"}},{"type":"Feature","geometry":{"type":"Point","coordinates":[-25.88,37.6]},"properties":{"v":382110,"n":"Monaco Bank","t":"Fissure vent","y":1911,"e":-197,"c":"Portugal","r":"Atlantic Ocean Volcanic Regions","ev":"Eruption Observed"}},{"type":"Feature","geometry":{"type":"Point","coordinates":[-16.97,32.73]},"properties":{"v":382120,"n":"Madeira","t":"Shield","y":-4500,"e":1862,"c":"Portugal","r":"Northern Africa Volcanic Regions","ev":"Eruption Dated"}},{"type":"Feature","geometry":{"type":"Point","coordinates":[-17.83,28.57]},"properties":{"v":383010,"n":"La Palma","t":"Stratovolcano(es)","y":2021,"e":2426,"c":"Spain","r":"Northern Africa Volcanic Regions","ev":"Eruption Observed"}},{"type":"Feature","geometry":{"type":"Point","coordinates":[-18.03,27.73]},"properties":{"v":383020,"n":"Hierro","t":"Shield","y":2012,"e":1500,"c":"Spain","r":"Northern Africa Volcanic Regions","ev":"Eruption Observed"}},{"type":"Feature","geometry":{"type":"Point","coordinates":[-16.641,28.271]},"properties":{"v":383030,"n":"Tenerife","t":"Stratovolcano","y":1909,"e":3715,"c":"Spain","r":"Northern Africa Volcanic Regions","ev":"Eruption Observed"}},{"type":"Feature","geometry":{"type":"Point","coordinates":[-15.58,28.0]},"properties":{"v":383040,"n":"Gran Canaria","t":"Fissure vent(s)","y":40,"e":1950,"c":"Spain","r":"Northern Africa Volcanic Regions","ev":"Eruption Dated"}},{"type":"Feature","geometry":{"type":"Point","coordinates":[-14.02,28.358]},"properties":{"v":383050,"n":"Fuerteventura","t":"Fissure vent(s)","y":null,"e":529,"c":"Spain","r":"Northern Africa Volcanic Regions","ev":"Evidence Credible"}},{"type":"Feature","geometry":{"type":"Point","coordinates":[-13.63,29.03]},"properties":{"v":383060,"n":"Lanzarote","t":"Fissure vent(s)","y":1824,"e":670,"c":"Spain","r":"Northern Africa Volcanic Regions","ev":"Eruption Observed"}},{"type":"Feature","geometry":{"type":"Point","coordinates":[-24.35,14.95]},"properties":{"v":384010,"n":"Fogo","t":"Stratovolcano","y":2015,"e":2829,"c":"Cabo Verde","r":"Northern Africa Volcanic Regions","ev":"Eruption Observed"}},{"type":"Feature","geometry":{"type":"Point","coordinates":[-24.7041,14.8514]},"properties":{"v":384020,"n":"Brava","t":"Stratovolcano","y":null,"e":956,"c":"Cabo Verde","r":"Northern Africa Volcanic Regions","ev":"Evidence Credible"}},{"type":"Feature","geometry":{"type":"Point","coordinates":[-19.596,-0.433]},"properties":{"v":385030,"n":"Romanche Fracture Zone","t":"Fissure vent","y":null,"e":-1528,"c":"Undersea Features","r":"Atlantic Ocean Volcanic Regions","ev":"Evidence Uncertain"}},{"type":"Feature","geometry":{"type":"Point","coordinates":[-14.3667,-7.9458]},"properties":{"v":385050,"n":"Ascension","t":"Stratovolcano","y":1508,"e":822,"c":"United Kingdom","r":"Atlantic Ocean Volcanic Regions","ev":"Eruption Dated"}},{"type":"Feature","geometry":{"type":"Point","coordinates":[-5.22,-32.958]},"properties":{"v":385052,"n":"Walvis Ridge at 33\u00b0S","t":"Cone","y":2002,"e":-1200,"c":"Undersea Features","r":"Atlantic Ocean Volcanic Regions","ev":"Eruption Observed"}},{"type":"Feature","geometry":{"type":"Point","coordinates":[-12.28,-37.092]},"properties":{"v":386010,"n":"Tristan da Cunha","t":"Shield","y":1962,"e":2060,"c":"United Kingdom","r":"Atlantic Ocean Volcanic Regions","ev":"Eruption Observed"}},{"type":"Feature","geometry":{"type":"Point","coordinates":[-12.48,-37.42]},"properties":{"v":386011,"n":"Nightingale Island","t":"Stratovolcano","y":2004,"e":365,"c":"United Kingdom","r":"Atlantic Ocean Volcanic Regions","ev":"Eruption Observed"}},{"type":"Feature","geometry":{"type":"Point","coordinates":[3.351,-54.408]},"properties":{"v":386020,"n":"Bouvet","t":"Shield","y":-50,"e":741,"c":"Norway","r":"Atlantic Ocean Volcanic Regions","ev":"Eruption Dated"}},{"type":"Feature","geometry":{"type":"Point","coordinates":[163.25,-66.78]},"properties":{"v":390010,"n":"Buckle Island","t":"Stratovolcano","y":1899,"e":1239,"c":"Antarctica","r":"Antarctic-Scotia Volcanic Regions","ev":"Eruption Observed"}},{"type":"Feature","geometry":{"type":"Point","coordinates":[162.47,-66.42]},"properties":{"v":390011,"n":"Young Island","t":"Stratovolcano","y":null,"e":1340,"c":"Antarctica","r":"Antarctic-Scotia Volcanic Regions","ev":"Evidence Uncertain"}},{"type":"Feature","geometry":{"type":"Point","coordinates":[164.83,-67.4]},"properties":{"v":390012,"n":"Sturge Island","t":"Stratovolcano","y":null,"e":1167,"c":"Antarctica","r":"Antarctic-Scotia Volcanic Regions","ev":"Evidence Uncertain"}},{"type":"Feature","geometry":{"type":"Point","coordinates":[165.5,-72.67]},"properties":{"v":390013,"n":"Pleiades, The","t":"Stratovolcano","y":-1050,"e":3040,"c":"Antarctica","r":"Antarctic-Scotia Volcanic Regions","ev":"Eruption Dated"}},{"type":"Feature","geometry":{"type":"Point","coordinates":[164.7,-74.35]},"properties":{"v":390015,"n":"Melbourne","t":"Stratovolcano","y":1892,"e":2732,"c":"Antarctica","r":"Antarctic-Scotia Volcanic Regions","ev":"Eruption Dated"}},{"type":"Feature","geometry":{"type":"Point","coordinates":[163.0,-76.83]},"properties":{"v":390016,"n":"McMurdo Province at 76.8\u00b0S","t":"Caldera","y":null,"e":-500,"c":"Antarctica","r":"Antarctic-Scotia Volcanic Regions","ev":"Evidence Uncertain"}},{"type":"Feature","geometry":{"type":"Point","coordinates":[163.53,-78.5]},"properties":{"v":390017,"n":"Morning","t":"Shield","y":null,"e":2723,"c":"Antarctica","r":"Antarctic-Scotia Volcanic Regions","ev":"Evidence Uncertain"}},{"type":"Feature","geometry":{"type":"Point","coordinates":[167.17,-77.53]},"properties":{"v":390020,"n":"Erebus","t":"Stratovolcano","y":2026,"e":3794,"c":"Antarctica","r":"Antarctic-Scotia Volcanic Regions","ev":"Eruption Observed"}},{"type":"Feature","geometry":{"type":"Point","coordinates":[163.33,-78.25]},"properties":{"v":390021,"n":"Royal Society Range","t":"Pyroclastic cone(s)","y":null,"e":3000,"c":"Antarctica","r":"Antarctic-Scotia Volcanic Regions","ev":"Evidence Uncertain"}},{"type":"Feature","geometry":{"type":"Point","coordinates":[-136.0,-76.05]},"properties":{"v":390022,"n":"Berlin","t":"Shield(s)","y":-8350,"e":3478,"c":"Antarctica","r":"Antarctic-Scotia Volcanic Regions","ev":"Eruption Dated"}},{"type":"Feature","geometry":{"type":"Point","coordinates":[-132.33,-75.8]},"properties":{"v":390023,"n":"Andrus","t":"Shield(s)","y":null,"e":2978,"c":"Antarctica","r":"Antarctic-Scotia Volcanic Regions","ev":"Evidence Uncertain"}},{"type":"Feature","geometry":{"type":"Point","coordinates":[-112.08,-76.28]},"properties":{"v":390027,"n":"Takahe","t":"Shield","y":-5550,"e":3460,"c":"Antarctica","r":"Antarctic-Scotia Volcanic Regions","ev":"Eruption Dated"}},{"type":"Feature","geometry":{"type":"Point","coordinates":[-99.42,-74.33]},"properties":{"v":390028,"n":"Hudson Mountains","t":"Stratovolcano(es)","y":-207,"e":749,"c":"Antarctica","r":"Antarctic-Scotia Volcanic Regions","ev":"Eruption Dated"}},{"type":"Feature","geometry":{"type":"Point","coordinates":[-60.6367,-62.9567]},"properties":{"v":390030,"n":"Deception Island","t":"Caldera","y":1970,"e":602,"c":"Antarctica","r":"Antarctic-Scotia Volcanic Regions","ev":"Eruption Observed"}},{"type":"Feature","geometry":{"type":"Point","coordinates":[-57.93,-62.1]},"properties":{"v":390031,"n":"Penguin Island","t":"Stratovolcano","y":1905,"e":180,"c":"Antarctica","r":"Antarctic-Scotia Volcanic Regions","ev":"Eruption Observed"}},{"type":"Feature","geometry":{"type":"Point","coordinates":[-56.713,-62.063]},"properties":{"v":390040,"n":"Bridgeman Island","t":"Stratovolcano","y":null,"e":240,"c":"Antarctica","r":"Antarctic-Scotia Volcanic Regions","ev":"Evidence Uncertain"}},{"type":"Feature","geometry":{"type":"Point","coordinates":[-55.78,-63.579]},"properties":{"v":390041,"n":"Paulet","t":"Pyroclastic cone","y":null,"e":353,"c":"Antarctica","r":"Antarctic-Scotia Volcanic Regions","ev":"Evidence Credible"}},{"type":"Feature","geometry":{"type":"Point","coordinates":[-27.225,-59.442]},"properties":{"v":390070,"n":"Southern Thule","t":"Stratovolcano(es)","y":1975,"e":1075,"c":"United Kingdom","r":"Antarctic-Scotia Volcanic Regions","ev":"Eruption Observed"}},{"type":"Feature","geometry":{"type":"Point","coordinates":[-26.533,-59.017]},"properties":{"v":390080,"n":"Bristol Island","t":"Stratovolcano","y":2016,"e":1100,"c":"United Kingdom","r":"Antarctic-Scotia Volcanic Regions","ev":"Eruption Observed"}},{"type":"Feature","geometry":{"type":"Point","coordinates":[-26.374,-58.445]},"properties":{"v":390081,"n":"Montagu Island","t":"Shield","y":2007,"e":1370,"c":"United Kingdom","r":"Antarctic-Scotia Volcanic Regions","ev":"Eruption Observed"}},{"type":"Feature","geometry":{"type":"Point","coordinates":[-26.483,-57.8]},"properties":{"v":390090,"n":"Saunders","t":"Stratovolcano","y":2026,"e":843,"c":"United Kingdom","r":"Antarctic-Scotia Volcanic Regions","ev":"Eruption Observed"}},{"type":"Feature","geometry":{"type":"Point","coordinates":[-26.67,-57.08]},"properties":{"v":390100,"n":"Candlemas Island","t":"Stratovolcano","y":1911,"e":550,"c":"United Kingdom","r":"Antarctic-Scotia Volcanic Regions","ev":"Eruption Observed"}},{"type":"Feature","geometry":{"type":"Point","coordinates":[-27.176,-56.712]},"properties":{"v":390110,"n":"Hodson","t":"Stratovolcano","y":null,"e":835,"c":"United Kingdom","r":"Antarctic-Scotia Volcanic Regions","ev":"Evidence Credible"}},{"type":"Feature","geometry":{"type":"Point","coordinates":[-28.14,-56.656]},"properties":{"v":390120,"n":"Leskov Island","t":"Stratovolcano","y":null,"e":190,"c":"United Kingdom","r":"Antarctic-Scotia Volcanic Regions","ev":"Unrest / Holocene"}},{"type":"Feature","geometry":{"type":"Point","coordinates":[-27.57,-56.3]},"properties":{"v":390130,"n":"Zavodovski","t":"Stratovolcano","y":2016,"e":551,"c":"United Kingdom","r":"Antarctic-Scotia Volcanic Regions","ev":"Eruption Observed"}},{"type":"Feature","geometry":{"type":"Point","coordinates":[-28.167,-55.912]},"properties":{"v":390140,"n":"Protector Seamounts","t":"Volcanic field","y":1962,"e":-55,"c":"United Kingdom","r":"Antarctic-Scotia Volcanic Regions","ev":"Eruption Observed"}},{"type":"Feature","geometry":{"type":"Point","coordinates":[-57.75,-64.15]},"properties":{"v":390829,"n":"Mount Haddington Volcanic Field","t":"Shield","y":null,"e":1544,"c":"Antarctica","r":"Antarctic-Scotia Volcanic Regions","ev":"Evidence Credible"}},{"type":"Feature","geometry":{"type":"Point","coordinates":[-57.67,-62.02]},"properties":{"v":390847,"n":"Melville","t":"Stratovolcano","y":null,"e":549,"c":"Antarctica","r":"Antarctic-Scotia Volcanic Regions","ev":"Evidence Uncertain"}}]}
